Fe,C,Cr,Ni,Mn,S,Si,Mo,V,W,Co,Al,P,Cu,Ti,Tensile_Strength_MPa
55.79,0.46,17.11,14.64,1.2,0.01,0.31,0.29,0.87,3.01,3.54,0.02,0.05,2.5,0.21,1186.48
70.57,0.37,9.45,8.64,0.58,0.03,0.28,1.46,0.37,2.28,3.93,0.2,0.03,1.78,0.05,911.92
82.93,0.73,3.07,1.3,1.9,0.05,1.62,1.52,0.1,3.42,2.2,0.12,0.02,0.1,0.91,1154.17
63.6,0.38,9.36,10.93,0.37,0.05,1.55,4.7,0.89,2.99,4.61,0.09,0.01,0.14,0.33,1125.14
67.83,0.47,4.88,16.57,0.71,0.01,1.09,0.7,0.8,0.37,4.93,0.77,0.01,0.02,0.82,1058.12
80.25,0.93,1.33,7.17,0.23,0.04,1.25,1.65,0.06,1.55,1.63,0.73,0.03,2.66,0.47,1239.72
64.42,0.15,12.84,15.22,1.12,0.04,0.99,2.61,0.43,0.13,0.54,0.03,0.03,0.94,0.51,848.35
63.82,0.5,13.6,4.58,0.15,0.01,0.32,4.65,0.81,3.17,4.36,0.8,0.01,2.68,0.54,1283.9
66.79,0.97,16.13,6.36,0.22,0.01,0.85,4.09,0.86,0.03,2.55,0.42,0.01,0.36,0.34,1553.51
71.49,0.63,12.65,7.27,1.94,0.05,0.5,2.49,0.3,1.42,0.18,0.61,0.03,0.15,0.28,1181.39
78.4,1.09,4.31,2.9,0.98,0.05,0.48,3.36,0.76,1.19,3.64,0.37,0.03,1.9,0.54,1429.49
64.37,0.06,10.64,13.55,0.03,0.03,0.45,3.23,0.17,3.45,1.93,0.94,0.01,1.02,0.11,800.24
65.33,1.11,15.79,5.16,1.32,0.04,1.11,2.65,0.24,0.47,4.49,0.9,0.03,1.02,0.35,1623.92
60.87,1.07,14.04,12.84,0.17,0.01,1.8,3.03,0.01,0.51,3.32,0.01,0.01,1.65,0.69,1651.3
67.57,0.79,4.04,14.24,0.47,0.02,1.49,3.25,0.85,3.29,2.84,0.09,0.02,0.8,0.24,1382.55
62,1.07,11.36,15.9,1.01,0.03,0.99,0.98,0.72,1.4,0.12,0.65,0.01,2.82,0.95,1622.92
77.12,1.1,6.66,0.31,1.86,0.02,1.93,4.82,0.85,1.47,1.93,0.85,0.02,0.51,0.56,1598.71
66.5,0.69,1.75,12.3,1.98,0.01,1.04,4.39,0.74,3.49,3.51,0.36,0.01,2.43,0.81,1393.68
57.35,1.04,16.44,10.23,1,0.04,1.3,3.51,0.8,4.45,1.69,0.38,0,1.73,0.04,1837.07
80.17,0.35,10.63,0.61,0.07,0.04,0.72,0.64,0.52,3.85,1.08,0.62,0,0.16,0.53,798.36
60.62,0.65,11.47,14.52,1.95,0.03,0.65,3.98,0.27,2.19,0.39,0.03,0.05,2.51,0.7,1333.6
68.69,0.2,4.5,10.98,1.43,0.03,0.56,4.77,0.74,2.77,3.06,0.42,0.01,1.07,0.76,947.29
86.13,0.03,2.09,0.92,0.08,0.04,1.41,2.37,0.1,2.46,2.37,0.17,0.02,1.2,0.62,488.5
69.31,0.46,11.27,10.06,1.71,0.03,0.33,0.35,0.64,0.13,2.93,0.94,0.03,1.16,0.64,991.63
65.86,0.56,9.82,18.83,0.77,0.05,1.81,0.98,0.07,0.5,0.09,0.09,0.03,0.21,0.32,1057.49
59.05,0.15,12.54,12.58,1.75,0.04,1.61,1.41,0.18,3.75,4.03,0.99,0.02,1.12,0.78,981.96
53.64,0.42,16.75,17.17,0.86,0.04,1.51,0.52,0.9,2.53,4.13,0.32,0.04,1.17,0.01,1183.48
61.47,1.14,10.32,12.64,0.9,0.01,0.66,3.36,0.75,3.96,3.95,0.09,0.02,0.17,0.55,1775.8
65.27,0.54,15.98,7.02,0.23,0.01,1.52,3.09,0.1,0.42,3.5,0.07,0.04,2.12,0.08,1109.82
48.82,0.98,17.05,19.72,1.51,0.02,0.17,3.89,0.56,2.12,4.53,0.11,0.02,0.03,0.47,1736.41
80.7,0.08,2.14,2.35,1.3,0.04,1.17,4.81,0.37,1.43,4.34,0.22,0.05,0.04,0.97,692.91
53.95,0.1,9.97,19.39,1.05,0.03,1.39,2.27,0.63,2.92,4.51,0.05,0.01,2.85,0.89,983.48
66.37,0.55,11.16,5.55,0.38,0.02,0.71,2.92,0.08,4.87,4.93,0.7,0.03,0.93,0.81,1207.44
53.37,1.09,14.81,19,1.45,0.03,0.84,4.66,0.87,0.23,0.13,0.38,0.04,2.96,0.15,1803.18
59,0.72,6.86,19.4,1.68,0.04,0.94,2.07,0.27,0.28,4.32,0.81,0.05,2.99,0.56,1283.65
65.13,0.55,2.32,19.08,1.21,0.01,1.34,3.09,0.36,0.57,3.36,0.52,0.04,1.56,0.85,1170.72
60.07,0.67,10.1,17.53,0.81,0.01,0.06,3.78,0.62,3.52,1.06,0.14,0,1.05,0.59,1385.48
66.04,1.09,6.27,10.28,1.57,0.02,1.24,4.31,0.95,0.74,4.63,0.49,0.01,1.38,0.98,1613.71
72.02,0.6,5.92,12.67,0.48,0,0.26,0.64,0.15,0.69,3.2,0.18,0.02,2.69,0.47,1004.92
89.53,0.24,0.74,3.38,0.56,0.01,0.18,0.6,0.46,1.03,1.82,0.5,0.03,0.12,0.8,594.62
68.53,0.76,1.47,17.47,1.84,0,0.55,4.03,0.75,0.92,1.05,0.37,0.02,1.85,0.37,1377.22
72.73,0.05,4.54,14.27,1.79,0.03,1.06,0.54,0.45,2.66,1.21,0.27,0.02,0.06,0.32,650.21
78.67,0.26,5.89,2.4,1.78,0.03,1.36,3.95,0.5,0.43,2.69,0.59,0.04,1.29,0.13,784.66
75.03,0.78,10.27,7.12,1.97,0.03,0.47,0.51,0.15,1.23,0.8,0.19,0.01,0.52,0.9,1169.12
64.84,0.11,9.44,8.21,1.96,0.01,0.8,4.85,0.87,4.09,1.29,0.17,0.03,2.79,0.56,939.14
80.51,0.93,3.37,6.47,0.85,0.03,0.48,0.57,0.61,1.44,2.91,0.15,0.02,1.6,0.05,1228.86
81.08,0.41,2.42,1.27,1.98,0.02,1.62,1.27,0.68,3.8,2.98,0.47,0.02,1.05,0.93,946.99
85.04,1.13,3.26,1.33,1.48,0.03,1.68,0.7,0.8,1.01,0.82,0.16,0.04,2,0.52,1342.53
62.68,0.44,15.79,7.85,1.63,0.02,0.75,2.31,0.3,3.74,2.51,0.23,0.04,1.15,0.54,1184.39
54.41,0.15,16.92,12.55,0.67,0.01,1.59,3.1,0.53,4.47,3.94,0.15,0.02,0.75,0.74,1133.95
64.79,0.05,10.26,15.25,1.75,0.02,1.64,0.55,0.85,0.64,1.99,0.8,0.01,0.69,0.72,795.01
69.17,0.84,9.77,5.04,0.69,0.01,1.82,2.92,0.4,2.31,4.74,0.15,0.03,1.52,0.61,1444.44
48.82,0.03,15.7,18.64,1.13,0.03,1.84,3.54,0.15,2.88,3.03,0.42,0.04,2.8,0.93,988.66
70.79,1.18,15.1,2.49,1.84,0.04,1.04,2.96,0.4,0.27,1.68,0.8,0,1,0.4,1637.28
67.44,0.65,16.56,6.93,0.69,0.04,0.9,1.12,0.45,0.7,0.88,0.5,0.02,2.74,0.36,1245.9
73.17,0.03,11.94,3.56,1.92,0.01,0.83,0.43,1,2.51,2.98,0.07,0.04,0.63,0.9,747.2
84.25,0.25,3.43,0.73,0.94,0.03,0.13,3.88,0.45,2.62,2.2,0.4,0.03,0.47,0.18,718.61
82.22,0.78,7.36,0.51,0.31,0.04,1.32,0.14,0.22,1.16,3.36,0.02,0.01,2.4,0.18,1042.59
81.33,0.79,4.29,1.99,0.49,0.04,1.71,4.15,0.4,3.34,1.02,0.29,0.04,0.04,0.09,1240.19
54.82,0.51,16.07,16.35,0.68,0.01,0.76,2.95,0.27,3.12,2.05,0.55,0.02,0.88,0.95,1298.73
68.47,0.92,2.52,17.37,0.97,0.04,1.6,2.13,0.02,1.34,2.71,0.63,0.01,0.42,0.83,1377.91
80.68,0.21,4.9,0.37,1.83,0.01,1.15,1.37,0.55,3.26,4.15,0.21,0,0.41,0.9,801.26
66.66,1.05,10.75,12.01,1.33,0.01,1.83,2.09,0.38,2.59,0.23,0.17,0.04,0.25,0.6,1573.59
66.42,0.35,6.4,14.38,0.59,0.03,0.95,3.32,0.94,3.66,1.07,0.03,0.01,1.79,0.05,1021.56
67.14,0.6,10.74,6.68,1.54,0.01,0.15,3.64,0.5,3.44,2.17,0.25,0.04,2.4,0.69,1305.22
65.09,0.44,1.65,18.35,0.27,0.05,0.89,0.93,0.54,4.36,3.66,0.81,0.03,2.08,0.85,1000.68
72.86,0.31,8.81,4.42,1.98,0.05,0.08,3.53,0.93,0.9,2.84,0.92,0,2.09,0.3,935.86
68.5,1.04,15.2,6.38,1.66,0,1.19,1.15,0.12,0.38,3.48,0.34,0.04,0.2,0.32,1509.46
66.05,0.65,14.23,6.38,1.25,0.04,1.23,1.16,0.02,4.35,0.11,0.87,0.03,2.82,0.8,1253.01
61.73,0.58,11.3,17.47,1.97,0.04,0.84,2.11,0.74,1.19,0.55,0.35,0.01,0.89,0.23,1282.68
67.45,0.06,0.32,19.75,0.86,0.02,1.36,1.09,0.95,3.93,0.45,0.42,0.04,2.83,0.47,709.35
68.13,1.19,4.17,18.85,1.3,0.03,1.03,1.15,0.18,1.1,0.93,0.78,0.02,0.17,0.97,1597.82
49.01,1.06,16.7,19.9,0.35,0.02,1.52,3.48,0.15,4.08,1.12,0.22,0.03,1.78,0.58,1825.22
56.52,1.07,17.2,17.24,1.62,0.03,1.1,0.43,0.41,1.86,1.3,0.72,0.02,0.24,0.22,1636.49
64.53,0.82,1.37,17.02,0.99,0.02,1.18,4.12,0.35,3.39,2.83,0.27,0.04,2.39,0.66,1461.93
60.44,0.84,12.24,12.37,1.51,0.01,1.76,4.36,0.03,4.13,0.64,0.34,0.04,0.48,0.82,1601.48
74.27,1,9.13,0.13,0.57,0.03,1.96,3.16,0.26,3.17,2.7,0.78,0.01,2.28,0.54,1484.94
71.52,0.76,16.78,2.05,1.87,0.03,0.14,1.5,0.71,0.34,2.91,0.35,0.03,0.14,0.87,1299.03
56.8,1.17,17.44,14.99,0.26,0.04,0.05,0.11,0.32,2.44,3.85,0.68,0.02,0.82,1,1677.96
58.38,0.2,14.31,13.87,0.44,0,1.36,3.27,0.27,4.75,0.76,0.43,0.05,1.26,0.64,1010.11
63.4,0.48,4.94,19.68,0.82,0.04,0.46,1.07,0.03,3.26,1.84,0.86,0.02,2.9,0.19,1062.97
53.1,0.93,15.21,15.22,1.25,0.01,0.07,4.6,0.62,3.98,2.41,0.12,0.01,2.06,0.43,1766.02
81.91,0.25,8.85,1.28,1.16,0.01,1.6,1.55,0.46,0.06,0.36,0.39,0.02,1.8,0.29,738.42
76.67,0.94,0.71,9.61,0.21,0.01,1.97,0.71,0.5,3.09,3.51,0.56,0,0.98,0.52,1331.24
81.15,0.11,6.31,0.66,0.16,0.02,0.27,2.84,0.69,4,1,0.17,0.01,1.91,0.71,728.38
55.02,0.85,15.68,14.28,1.6,0.02,1.63,0.4,0.89,2.74,4.09,0.45,0.03,1.58,0.73,1537.11
79.92,0.11,1.09,4.94,0.32,0.04,0.44,4.88,0.34,0.91,3.95,0.66,0.02,1.67,0.72,672.33
70.79,0.25,12.24,1.44,0.06,0.01,0.93,4.34,0.73,3.71,2.13,0.35,0.02,2.96,0.04,983.25
63.85,1.04,10.42,8.77,1.45,0.02,1.75,4.5,0.42,1.38,2.96,0.91,0.01,1.87,0.63,1641.11
65.8,0.86,16.36,3.59,0.48,0.05,0.36,4.27,0.49,1.24,4.35,0.45,0.03,1.08,0.59,1488.78
59.78,0.2,7.04,19.39,0.52,0.03,0.65,3.87,0.13,4.85,2.27,0.24,0,0.51,0.52,1063.02
70.78,0.52,4.48,12.34,1.41,0.01,0.34,0.18,0.74,3.32,2.37,0.84,0.04,1.76,0.87,1052.23
82.46,0.25,2.01,5.39,0.11,0.03,1.87,0.2,0.12,2.26,4.67,0.32,0.03,0.12,0.15,672.23
68.93,0.55,9.28,9.78,1.33,0.01,0.06,1.54,0.7,1.01,3.37,0.97,0,2.02,0.44,1128.46
65.7,1.04,3.19,13.85,1.68,0.05,1.37,2.49,0.62,4.34,2.85,0.03,0.05,2.07,0.68,1612.89
67,0.48,11.72,2.13,1.32,0.05,0.1,4.89,0.41,4.35,3.91,0.57,0.04,2.64,0.4,1174.59
59.8,0.4,12.02,16.16,1.52,0.04,0.87,4.09,0.12,2.72,0.03,0.32,0.02,1.19,0.7,1158.32
76.19,0.29,6.72,4.55,0.15,0.03,1.34,3.1,0.46,1.9,4.32,0.52,0.02,0.08,0.34,793.61
65.44,0.46,7.18,11.6,1.07,0.03,1.53,4.06,0.72,4.78,0.09,0.2,0,1.94,0.9,1250.06
64.12,0.08,16.82,7.03,0.2,0.02,0.51,1.42,0.31,4.02,2.7,0.31,0.03,2.15,0.27,832.31
79.53,0.5,2.19,3.62,1.36,0.01,1.05,3.55,0.11,2.84,1.28,0.96,0.02,2.42,0.55,1013.27
54.29,1.14,10.83,16.38,1.77,0.01,0.42,3.05,0.41,4.2,4.5,0.35,0.01,2.34,0.27,1821.46
64.87,0.99,7.63,13.35,0.19,0.03,0.9,2.93,0.17,3.68,4.31,0.22,0,0.07,0.64,1588.12
68.63,0.29,7.04,11.89,0.99,0.05,0.27,3.48,0.4,2.14,3.59,0.69,0.05,0.39,0.1,980.49
75.99,0.87,10.41,5.48,0.16,0,1.79,0.96,0.32,1.13,1.77,0.07,0.03,0.2,0.8,1294.31
59.38,1.06,11.72,10.66,0.65,0.02,1.34,4.97,0.66,2.79,3.65,0.47,0,1.69,0.96,1737.4
67.65,0.22,12.42,4.02,1.07,0,0.9,3.78,0.35,3.32,3.98,0.93,0.01,1.2,0.15,1008.9
75.4,0.63,11.22,1.78,1.51,0.01,1.65,3.91,0.71,0.18,1.52,0.26,0.02,0.26,0.94,1224.58
68.2,0.67,5.5,7.94,0.89,0.03,1.03,4.6,0.5,4.96,4.26,0.21,0.05,0.35,0.82,1383.84
57.12,1.04,14.51,15.8,0.61,0,0.81,0.87,0.69,1.73,4.88,0.64,0.04,0.4,0.86,1640.75
67.67,1.11,8.77,12.13,1.53,0.01,1.01,1.99,0.15,1.84,0.34,0.03,0.01,2.89,0.55,1586.15
74.25,0.38,9.11,8.79,0.21,0.03,0.43,3.1,0.65,0.76,0.31,0.78,0.02,0.17,0.99,976.56
58,0.08,12.51,19.67,0.48,0.01,0.24,1.52,0.1,3.46,0.31,0.51,0.05,2.44,0.62,895.71
74.34,0.64,7.67,2.61,1.77,0.02,0.39,1.84,0.41,4.14,3.67,0.77,0,1.25,0.48,1144.14
68.3,0.03,4.68,15.21,0.27,0.03,0.43,0.06,0.24,4.88,4.01,0.96,0.02,0.33,0.55,714.88
74.33,0.13,8.79,3,0.65,0.04,0.95,1.88,0.39,2.3,3.93,0.89,0.05,2.36,0.32,702.32
70.61,0.83,7.88,5.09,1.68,0,1.8,2.31,0.64,3.3,4.48,0.64,0.03,0.2,0.52,1415.76
74.92,0.62,12.24,0.83,0.17,0.04,0.14,0.36,0.01,4.78,3.69,0.35,0.01,1.05,0.77,1094.8
81.44,0.8,3.33,3.48,0.2,0.03,1.53,1.33,0.02,0.41,4.84,0.3,0.04,1.87,0.38,1066.92
53.53,0.74,13.94,12.88,1.06,0,1.94,3.99,0.29,4.9,3.01,0.58,0.04,2.44,0.66,1582.76
61.69,0.16,6.09,18.56,0.45,0.02,0.86,2.2,0.61,4.72,1.2,0.12,0.01,2.66,0.65,980.31
47.69,1.04,15.24,18.38,0.5,0.04,0.92,4.21,0.73,3.88,3.28,0.18,0.03,2.95,0.94,1856.91
80.6,0.06,2.97,2.63,1.45,0.04,0.43,2.53,0.84,3.66,2.71,0.59,0.03,0.89,0.57,683.76
70.58,0.77,13.7,3.2,0.92,0,0.49,3.63,0.99,0.5,2.01,0.8,0.01,1.67,0.73,1385.06
76.47,0.74,3.38,7.11,1.57,0.03,0.01,3.8,0.04,3.73,1.01,0.96,0.02,0.98,0.15,1252.5
71.55,1.2,6.63,8.97,1.44,0.04,1.19,1.96,0.41,3.48,0.02,0.62,0.02,2.38,0.09,1599.43
63.81,0.71,8.66,12.85,0.13,0.03,1.12,2.8,0.6,3.38,4.02,0.27,0.04,1.49,0.08,1323.11
61.01,0.94,12.74,15.77,1.03,0.02,0.29,1.64,0.43,0.44,1.1,0.6,0.04,3,0.93,1486.07
64.91,0.77,7.58,12.72,1.57,0.01,0.82,4.2,0.38,2.86,2.94,0.18,0.02,1,0.03,1426.82
65.67,0.37,16.93,5.19,0.86,0.04,1.68,0.93,0.8,2.29,2.41,0.13,0,2.18,0.5,998.12
59.76,0.53,13.13,15.31,0.32,0.03,0.27,3.76,0.66,4.78,0.34,0.06,0.01,0.79,0.25,1315.17
66.52,0.33,13.67,8.99,1.55,0,0.98,0.17,0.06,4.53,0.7,0.53,0.02,1.04,0.9,1030.78
55.11,0.04,11.95,19.27,1.12,0.05,0.1,2.09,0.26,3.65,4.91,0.26,0.03,0.59,0.57,900.63
80.06,0.73,6.29,2.28,0.3,0.01,0.5,4.25,0.56,2.62,0.57,0.86,0.04,0.2,0.71,1230.31
75.17,0.66,1.47,9.17,0.97,0.01,1.89,4.25,0.67,2.31,2.06,0.65,0.03,0.19,0.51,1211.14
68.75,0.07,14.15,4.03,0.52,0.01,0.66,3.78,0.52,1.02,4.39,0.88,0.04,0.72,0.45,845.72
71.27,1.18,13.9,0.54,0.13,0.02,1.82,2.69,0.5,0.53,3.28,0.82,0.02,2.33,0.96,1640.63
58.06,0.35,14.27,11.55,1.27,0.04,0.79,4.58,0.53,0.79,3.48,0.79,0.02,2.57,0.91,1132.41
65.2,0.34,17.7,2.81,0.4,0.01,1.79,3.27,0.15,2.2,3.08,0.08,0.04,2.41,0.51,1068.29
64.88,1.18,12.02,12.69,0.33,0.04,0.85,0.81,0.01,2.8,2.64,0.72,0.04,0.24,0.73,1636.87
57.21,0.23,15.45,16.38,1.08,0.04,0.63,2.36,0.82,2.3,1.79,0.49,0.04,1.01,0.17,1061.96
78.1,0.13,4.32,2.84,0.7,0.02,1.5,3.26,0.62,1.76,4.21,0.47,0.05,1.9,0.13,716.18
69.32,0.81,5.85,13.73,0.14,0.01,1.71,1.14,0.84,1.4,3.21,0.69,0.03,0.92,0.21,1306.39
57.01,1.05,13.79,15.77,1.33,0.01,1.81,3.35,0.56,0.55,2.24,0.46,0.04,1.64,0.38,1694.26
76.34,1.17,1.99,8.45,0.08,0.04,1.84,1.4,0.86,1.46,4.55,0.75,0.04,0.05,0.96,1477.71
70.49,1,5.07,17.46,0.23,0.04,1.08,0.48,0.24,0.06,2.34,0.3,0.03,0.89,0.3,1361.18
67.48,0.89,0.87,18.06,1.7,0.03,1.19,4.46,0.19,0.39,1.2,0.79,0,1.75,1,1441.29
57.56,0.09,14.96,11.98,0.23,0,1.82,3.35,0.83,4.39,2.86,0.52,0.02,0.95,0.43,1054.84
58.56,0.93,10.83,17.85,0.89,0.03,1.26,2.96,0.7,1.19,2.56,0.1,0.02,1.46,0.65,1580.57
69.31,0.89,9.11,12.68,0.14,0.01,0.72,2.36,0.05,0.7,1.38,0.97,0.02,1.45,0.2,1359.31
82.99,0.74,5.05,4.14,1.03,0,0.02,1.1,0.04,0.54,1.69,0.8,0.03,1.54,0.29,1026.55
73.28,0.11,11.11,2.28,0.69,0.03,1.75,2.47,0.7,4.96,0.66,0.27,0.02,1.27,0.41,860.47
61.03,1.09,12.85,12.16,0.62,0.04,1.91,4.11,0,3.18,0.26,0.26,0,1.81,0.69,1722.7
78.07,0.55,6.64,2.42,0.84,0.04,0.14,0.4,0.35,4.71,3.34,0.68,0.02,1.78,0.01,967.38
59.15,0.77,16.44,12.25,1.75,0.04,0.24,4.51,0.07,2.67,0.71,0.01,0.02,0.89,0.49,1491.29
68.63,0.16,10.06,6.86,1.46,0.03,1.69,3.46,0.43,3.36,1.38,0.31,0.04,1.34,0.8,916.72
51.96,0.99,15.44,18.33,0.86,0.02,1.16,1.86,0.6,3.53,3.44,0.37,0.01,1.29,0.14,1699.99
72.43,0.19,0.46,12.92,1.27,0.02,0.14,2.05,0.31,3.39,3.03,0.36,0.01,2.96,0.45,817
77.98,0.83,2.53,9.71,0.06,0.03,1.93,1.92,0.04,0.15,1.94,0.16,0,2.27,0.46,1187.07
58.76,0.15,17.21,6.28,1.78,0.03,1.65,4.92,0.29,4.81,1.95,0.39,0.02,1.62,0.15,1086.58
66.22,0.67,9.75,15.24,1.67,0.02,0.6,1.3,0.19,0.29,1.71,0.27,0.05,1.67,0.35,1146.44
65.63,0.54,11.27,9.78,0.8,0.05,1.76,3.12,0.57,3.1,1.01,0.4,0,1.43,0.54,1236.98
51.63,0.28,17.35,18.19,1.44,0.03,1.74,0.65,0.79,0.62,3.97,0.28,0.04,2.83,0.15,1081.81
57.74,0.59,15.54,11.77,0.75,0.01,0.41,3.81,0.39,2.56,2.46,0.58,0.04,2.94,0.41,1344.33
56.26,0.99,13.76,11.47,1.91,0.01,0.22,4.27,0.44,4.23,4.47,0.06,0.04,1.34,0.51,1771.53
67.33,0.03,8.58,13.75,1.45,0.03,0.27,1.5,0.36,4.02,1.39,0.21,0.05,0.03,1,770.55
61.34,0.82,14.91,5.89,0.03,0.04,1.67,3.7,0.14,3.77,3.84,0.66,0.04,2.54,0.61,1496.86
72.65,0.1,7.34,8.14,0.13,0.02,0.22,4.04,0.95,0.36,4.78,0.52,0.01,0.23,0.5,746.55
72.56,0.96,12.73,1,0.15,0.02,0.59,1.16,0.28,4.02,4.65,0.41,0.05,0.96,0.48,1435.55
67.16,1.17,10.86,7.16,1.3,0.01,1.78,2.52,0.45,2.93,3.12,0.07,0.03,0.73,0.71,1677.09
63.75,0.99,14.47,11.05,1.04,0.01,1.55,1.36,0.5,1.42,0.67,0.63,0,2.25,0.32,1541.4
73.37,0.07,4.97,14.14,0.13,0.04,0.01,1.23,0.74,1.58,0.51,0.36,0.01,2.53,0.31,629.23
64.17,0.95,16.05,8.68,1.82,0.02,1.93,0.45,0.69,2.47,1.94,0.63,0.04,0.01,0.17,1540.29
55.16,1.16,13.7,19.02,1.41,0.01,0.21,3.91,0.64,0.24,1.8,0.96,0.03,1.3,0.46,1840.58
73.58,0.26,6.64,7.4,0.1,0.04,0.83,4.11,0.85,1.06,3.29,0.47,0.04,0.65,0.68,837.8
61,0.17,11.73,14.77,0.63,0.03,0.79,3.57,0.2,4.45,1.44,0.37,0,0.33,0.52,1033.35
76.95,0.33,15.04,0.29,0.76,0.02,0.04,0.62,0.41,2.46,2.02,0.53,0.03,0.03,0.46,861.27
65.56,0.82,5.61,15.48,1.55,0.03,1.95,0.63,0.02,3.85,4.04,0.12,0.01,0.05,0.29,1365.47
69.15,0.93,9.32,6.96,0.74,0,0.6,3.23,0.97,4.24,0.12,0.9,0.04,2.34,0.46,1482.46
75.05,0.09,4.11,4.93,0.97,0.04,0.95,0.29,0.96,4.71,3.93,0.99,0.03,2.89,0.08,651.76
77.89,0.45,4.06,3.92,0.28,0.03,1.56,2.89,0.15,4.06,3.18,0.39,0.03,0.78,0.35,961.76
57.32,0.57,16.02,14.15,0.12,0.01,0.02,3.15,0.45,0.67,4.79,0.53,0.01,1.5,0.68,1315.93
69.52,0.1,4.94,16.14,0.92,0.03,0.87,0.22,0.17,2.23,1.05,0.05,0.04,2.94,0.79,672.5
60.79,1.15,3.54,19.03,1.99,0.04,1.96,2.85,0.26,2.18,2.97,0.07,0.03,2.94,0.19,1700.5
47.56,0.95,16.34,18.87,1.92,0.03,1.95,3.79,0.16,2.38,3.59,0.25,0.03,2,0.16,1796.18
86.49,0.6,0.22,0.18,0.71,0.05,0.46,3.17,0.22,1.61,4.24,0.73,0,1.29,0.03,946.87
67.88,0.58,11.92,2.37,0.58,0.02,1.84,4.97,0.04,3.81,1.86,0.39,0.04,2.76,0.95,1244.2
76.6,0.95,4.52,11.28,0.72,0.03,0.48,0.96,0.92,0.51,2.53,0.22,0,0.11,0.18,1323.62
61.96,1.04,5.08,19.01,1.16,0.02,1.16,2.58,0.76,1.41,1.77,0.89,0.05,2.68,0.42,1573.9
71.84,0.6,3.68,11.82,0.37,0.02,1.71,1.04,0.07,0.35,4.7,0.51,0.02,2.43,0.84,1094.37
62.74,0.41,12.49,15.42,1.31,0.01,1.75,2.7,0.28,2.13,0.19,0.13,0.04,0,0.42,1106.04
76.65,1.17,4.07,6.08,0.61,0.01,0,3.65,0.97,1.12,3.32,0.74,0.04,1.27,0.3,1549.49
56.1,0.4,12.83,16.34,0.36,0.02,1.8,4.03,0.98,3.77,1.97,0.59,0.03,0.24,0.54,1256.48
59.12,0.94,10.51,19.04,0.08,0.01,1.2,1.48,0.71,3.8,0.51,0.51,0.03,1.11,0.93,1603.5
57.7,0.99,12.55,14.29,0.92,0.05,1.39,3.64,0.86,1.37,4.04,0.2,0.02,1.01,0.98,1697.94
58.09,0.88,10.12,18.94,0.99,0.02,0.33,3.93,0.73,1.92,0.13,0.84,0,2.11,0.97,1616.11
66.6,0.53,4.23,14.1,1.63,0.03,1.93,0.26,0.5,3.59,4.31,0.18,0.04,1.66,0.4,1090.09
56.76,0.36,15.69,13.45,1.59,0.01,1.25,2.86,0.83,4.53,0.06,0.67,0,1.65,0.29,1217.36
73.37,0.38,6.35,12.43,0.67,0.04,0.81,0.34,0.78,1.43,2.16,0.69,0.02,0.17,0.37,881.01
72.42,0.81,11.38,3.98,0.84,0.04,0.2,1.39,0.28,2.16,4.9,0.07,0.03,0.54,0.97,1307.79
66.79,0.14,7.26,14.76,1.41,0.02,0.69,1.99,0.26,1.03,2.42,0.27,0.01,1.97,0.97,799.4
63.94,0.1,17.13,5.95,0.18,0.03,1.25,3.24,0.27,0.08,4.83,0.25,0.03,2.12,0.61,847.63
67.96,0.38,4.88,11.95,1.73,0.05,0.21,0.77,0.94,3.68,4.41,0.2,0.03,2.1,0.68,997.98
74.05,0.7,4.56,9.01,1.92,0.02,1.68,0.94,0.67,4.89,0.51,0.01,0.02,0.28,0.75,1252.24
74.84,1.1,7.81,5.17,0.87,0.04,0.02,2.95,0.61,3.19,1.21,0.71,0,0.6,0.88,1540.9
75.21,0.33,4.46,1.25,0.92,0.04,1.21,3.36,0.08,4.76,4.19,0.81,0.04,2.8,0.54,914.59
60.12,0.25,11.1,14.86,1.48,0.03,0.14,1.86,0.92,2.92,2.69,0.27,0.02,2.69,0.67,1026.29
66.3,0.76,4.47,14.11,0.86,0.02,1.3,4.68,0.06,4.12,1.46,0.44,0,0.9,0.5,1459.6
63.38,0.08,8.84,18.54,0.21,0.04,0.82,3.28,0.26,0.8,0.8,0.07,0.01,1.99,0.88,834.42
73.09,0.14,5.21,6.2,0.5,0.03,1.07,1.78,0.35,4.14,3.95,0.31,0.05,2.86,0.33,782.08
56.52,0.43,9.1,18.82,1.75,0.01,0.79,2.77,0.5,0.97,4.29,0.68,0.04,2.58,0.75,1246.35
73.58,0.2,12.13,3.59,1.39,0.01,0.24,0.83,0,3.59,3.66,0.51,0.01,0.25,0.02,758.05
71.03,0.21,16.04,4.83,0.71,0.01,0.44,2.6,0.61,1.23,0.29,0.39,0.01,0.66,0.96,939.78
66.29,0.5,7.72,10.82,1.39,0.04,0.34,2.5,0.41,4.35,3.16,0.53,0.01,1.82,0.12,1222.24
74.46,0.41,2.57,13.84,0.41,0.02,1.79,1.02,0.51,2.1,0.09,0.79,0,1.42,0.56,963.4
68.05,0.31,0.18,14.47,1.07,0.04,1.64,4.22,0.49,1.67,3.96,0.45,0.01,2.56,0.88,1015.77
79.4,0.56,1.36,7.76,1.61,0.05,0.41,0.33,0.88,1.95,2.71,0.97,0,1.94,0.07,986.01
60,0.53,17.95,11.18,0.64,0.01,0.7,1.86,0.07,1.85,2.32,0.72,0.03,2.13,0.01,1176.72
63.24,0.27,11.91,9.68,0.01,0.04,1.55,2.74,0.07,3.83,2.92,0.78,0.04,2.41,0.52,1005.91
66.03,0.75,13.36,3.4,0.39,0.04,1.5,4.54,0.76,2.99,3.27,0.89,0.03,1.9,0.16,1390.05
68.97,0.57,12.9,5.42,0.4,0.02,0.48,1.07,0.42,4.54,2.54,0.19,0,2.09,0.38,1199.29
70.43,0.96,4.9,13.85,0.53,0.05,1.27,1.62,0.27,0.95,3.47,0.22,0.03,0.79,0.66,1397.1
62.93,0.98,14,15.22,0.38,0,1.4,1.84,0.43,0.16,1.3,0.03,0.04,0.73,0.56,1517.61
50.5,0.39,16.16,17.76,0.65,0.05,1.99,4.13,0.84,1.25,2.88,0.07,0,3,0.33,1281.97
58.83,0.9,14.52,17.16,2,0.01,0.08,2.06,0.13,0.11,1.8,0.78,0.03,0.94,0.65,1518.04
63.07,0.92,0.7,16.74,1.24,0.03,1.25,4.32,0.59,2.9,4.95,0.76,0.02,2.12,0.39,1569.55
54.6,0.28,10.74,18.56,1.86,0.02,1.06,1.06,1,4.91,3.25,0.8,0.04,1.78,0.05,1178.65
63.69,0.82,6.72,18.83,0.33,0.03,1.38,3.49,0.65,1.38,0.78,0.64,0.03,0.54,0.71,1408.62
53.97,0.55,12.02,16.75,0.34,0,1.56,3.05,0.7,4.19,4.01,0.96,0.03,1.47,0.4,1391.19
62.95,0.34,16.58,11.66,1.19,0.02,0.1,0.16,0.42,0.42,3.03,0.88,0.04,1.98,0.21,913.33
59.77,1.04,15.95,3.93,1.47,0.01,1.61,4.99,0.03,4.49,3.11,0.97,0.02,2.54,0.06,1740.48
59.44,1.17,14.71,17.05,1.88,0,0.77,0.36,0.21,1.15,2.35,0.27,0.01,0.5,0.15,1677.34
57.22,1.17,13.67,19.36,0.88,0.01,1.6,1.63,0.3,1.16,0.65,0.26,0.02,2.02,0.06,1735.79
66.63,0.18,6.17,17.29,0.31,0,0.97,1.51,0.56,4.02,0.69,0.58,0.03,0.43,0.62,870.82
76.24,0.34,8.78,1.65,0.92,0.02,1.64,0.28,0.42,2.29,3.63,0.57,0.03,2.33,0.86,869.52
48.9,1.01,17.81,17.79,0.74,0.01,0.98,3.71,0.49,2.42,4.19,0.36,0.04,1.22,0.33,1731.34
71.29,0.55,13.72,2.52,0.39,0.05,0.35,2.84,0.58,2.45,3.22,0.23,0.03,1.12,0.66,1156.91
78.62,0.23,5.02,4.37,0.37,0.04,0.57,4.64,0.97,2.86,0.72,0.37,0.04,1.1,0.09,805.91
59.79,0.67,15.21,15.92,0.35,0.03,0.44,1.09,0.87,1.25,1.32,0,0.04,2.38,0.63,1286.74
79.82,0.56,6.32,1.88,0.97,0.05,0.08,1.46,0.21,1.19,4.54,0.47,0.02,2.28,0.15,945.43
68.29,0.59,7.74,11.94,2,0.04,0.8,4.14,0.17,0.15,1.02,0.34,0.03,1.85,0.91,1211.59
82.19,0.07,0.63,11.02,0.88,0.04,0.32,0.12,0.45,1.19,0.25,0.72,0.01,1.82,0.28,600.72
64.36,0.22,6.84,16.03,0.78,0.04,0.25,3.86,0.24,3.39,2.83,0.93,0.02,0.2,0.02,942.9
71.03,0.93,4.22,6.9,0.06,0.05,1.34,4.67,0.27,3.06,3.39,0.32,0.04,2.84,0.88,1501.22
72.53,0.89,4.99,5.63,1.93,0,1.43,3.53,0.62,4.95,1.56,0.34,0,1.33,0.26,1515.8
77.35,1.12,3.34,7.45,1.86,0,0.18,0.81,0.6,0.75,4.84,0.45,0.03,0.74,0.47,1418.73
60.05,0.8,13.52,15.08,1.16,0.05,1.63,3.79,0.06,0.03,1.06,0.66,0.02,1.21,0.88,1480.16
82.01,0.33,3.43,3.69,0.68,0.02,1.66,0.6,0.73,2.66,1.44,0.49,0.01,1.79,0.43,756.04
70.08,0.21,2.1,10.93,1.8,0.02,1.47,3.29,0.93,4.1,2.83,0.66,0.04,1.2,0.33,917.84
77.68,0.7,8.35,2.37,1.96,0.01,0.13,2.97,0.74,0.16,3.29,0.53,0.01,0.52,0.57,1189.58
57.43,0.36,16.89,16.37,1.97,0.01,1.94,2.16,0.35,0.25,0.26,0.69,0.02,0.68,0.61,1151.01
57.57,0.44,14.82,16.41,0.95,0.02,0.73,4.03,0.33,1.05,0.42,0.47,0.02,2.52,0.22,1160.01
51.88,0.46,14.55,16.47,0.77,0.02,0.61,4.66,0.12,4.67,3.42,0.53,0,1.43,0.41,1388.88
63.91,1.17,10.12,14.3,0.14,0.02,0.23,3.06,0.94,3.31,0.38,0.35,0.03,1.21,0.83,1719.54
71.23,0.98,11.01,7.47,0.51,0.01,0.71,2.07,0.68,3.29,0.35,0.4,0.01,0.47,0.83,1513.85
53.52,0.21,15.83,11.14,0.46,0.03,1.46,4.79,0.22,4.43,4.67,0.92,0.03,1.89,0.4,1140.99
61.5,0.91,9.56,13.55,0.86,0.04,1.65,0.73,0.83,2.7,4.22,0.43,0.02,2.75,0.25,1469.27
69.79,0.62,5.55,11.46,0.65,0,0.54,0.03,0.98,4.83,1.98,0.73,0.02,2.01,0.81,1235.74
64.6,1.14,7.2,15.67,0.53,0.05,0.05,3.02,0.66,3.44,0.6,0.94,0.01,1.87,0.22,1673.77
87.71,0.51,2.88,3.42,0.84,0.04,1.8,0.42,0.39,0.5,0.08,0.66,0.03,0.49,0.23,727.56
56.65,0.04,15.03,19.49,0.27,0.01,1.74,4.63,0.42,0.25,0.2,0.57,0.02,0.09,0.58,928.88
59.88,0.71,7.16,19.48,1.09,0.01,1.42,1.36,0.9,1.87,2.75,0.05,0.02,2.5,0.81,1362.07
69.84,0.28,4.07,16.35,1.86,0,0.9,1.69,0.87,0.42,1.06,0.75,0,1.48,0.44,856.52
77.02,0.64,2.9,11.44,1.61,0.04,0.31,0.75,0.27,1.81,2.04,0.68,0,0.1,0.39,992.17
71.96,0.84,3.48,12.83,0.52,0.04,1.79,1.49,0.23,2.06,1.2,0.67,0.04,2.02,0.82,1236.98
62.47,0.89,6.49,13.43,0.54,0,1.99,0.78,0.99,4.89,3.97,0.66,0.03,2.6,0.29,1487.22
62.28,0.57,11.15,8.22,0.85,0.02,1.13,4.25,0.2,4.67,3.45,0.82,0.03,2.34,0.02,1279.16
62.58,0.92,4.55,17.31,0.21,0.01,1.96,3.37,0.85,1.62,3.38,0.59,0.03,2.05,0.58,1503.02
70.17,0.52,4.97,15.37,0.45,0.03,0.47,3.13,0.75,1.09,0.3,0.13,0.03,2.55,0.04,1039.48
66.25,0.58,16.72,6.64,0.93,0,0.16,1.29,0.03,3.16,2.13,0.55,0.01,0.89,0.66,1253.38
70.72,1.16,0.91,17.81,1.15,0.03,1,0.35,0.09,3,1.7,0.92,0.02,0.43,0.71,1522.37
57.41,0.84,16.2,15.84,1.35,0.03,1.89,1.48,0,1.36,1.09,0.66,0.03,1.78,0.02,1389.38
66.36,0.88,5.82,13.3,1.11,0.02,0.27,0.47,0.83,4.59,3.25,0.1,0.02,2.19,0.78,1407.3
77.02,0.31,0.23,10.81,1.7,0.05,1.13,2.57,0.09,2.74,1.9,0.61,0.02,0.72,0.09,858.82
76.71,0.38,1.74,3.54,1.97,0.02,1.06,4.37,1,2.91,4.06,0.33,0.02,1.21,0.67,995.51
71.51,0.17,11.38,2.57,1.16,0.03,1.4,3.77,0.87,2.5,3.65,0.62,0.01,0.08,0.28,933.74
61.39,0.54,11.11,17,0.39,0.01,1.93,0.54,0.48,2.93,2.71,0.09,0,0.32,0.59,1161.44
69.06,0.77,14.76,0.83,1,0.03,0.5,1.54,0.61,4.49,4.05,0.58,0.04,1.09,0.64,1373.07
71.35,0.56,3.42,14.03,1.11,0.02,1.82,0.1,0.32,0.28,3.83,0.7,0.02,2.03,0.4,993.1
65.63,0.5,16.83,5.02,0.24,0.03,1.94,1.89,0.06,1.7,2.53,0.16,0.03,2.99,0.45,1170.61
76.44,0.43,7.21,2.3,1.77,0.02,0.77,3.3,0.44,3.24,0.31,0.81,0.05,1.95,0.95,1031.21
72.65,0.73,10.47,8.03,0.68,0.01,0.78,0.81,0.73,1.04,0.29,0.55,0.03,2.62,0.58,1163.31
66.92,0.42,14.45,10.81,0.16,0.03,1.82,1.98,0.3,0.72,0.76,0.43,0.03,0.24,0.94,1068.37
74.65,1,1.44,9.54,1.26,0.04,1.57,1.39,0.94,0.62,4.38,0.97,0.01,2.17,0.04,1395.42
64.61,0.49,9.29,11.61,1.87,0.03,0.96,4.05,0.95,0.11,4.91,0.09,0.04,0.84,0.13,1227.36
70.25,0.46,0.98,11.99,1.8,0.02,0.43,2.21,0.05,4.1,4.13,0.59,0.02,2.4,0.55,1023.14
59.91,0.99,11.37,15.69,1.2,0.02,1.92,2.71,0.61,1.1,3.13,0.57,0.01,0.18,0.6,1623.48
78.69,0.28,12,1.6,0.88,0.01,0.37,1.01,0.39,0.26,1.99,0.51,0.02,1.15,0.84,828.17
76.98,0.18,9.1,1.24,0.14,0.03,1.13,4.39,0.56,4.8,0.24,0.1,0,0.56,0.54,881.4
69.19,1.14,15.16,5.93,0.15,0.01,0.25,0.62,0.52,1.23,1.79,0.99,0.03,2.85,0.14,1535.64
80.35,0.46,9.99,1.54,0.01,0.03,1.28,2.05,0.49,2.08,0.12,0.34,0.01,0.3,0.96,1015.34
73.16,0.39,7.08,4.74,0.19,0.01,1.6,3.39,0.55,2.38,4.61,0.07,0.01,1.05,0.78,1041.96
64.38,1.19,4.33,17.49,1.66,0.01,0.8,2.05,0.98,0.9,4,0.33,0.04,1.26,0.58,1691.42
73.2,1.04,1.07,13.84,0.28,0.02,1.1,2.01,0.52,4.98,0.68,0.68,0.02,0.4,0.16,1494.7
52.89,1.14,15.83,18.14,1.98,0.01,0.71,3.35,0.48,2.09,1.79,0.59,0.03,0.48,0.47,1914.51
72.82,0.26,13.36,0.5,0.71,0.04,1.13,1.31,0.69,2.84,3.98,0.74,0.03,1.46,0.13,910.8
70.91,0.32,7.54,11.99,1.03,0.01,0.01,2.48,0.29,3.67,0.12,0.58,0.05,0.52,0.47,955.17
63.41,0.67,7.33,10.43,1.79,0.01,0.05,4.31,0.58,4.45,2.98,0.81,0.02,2.25,0.91,1394
79.96,0.69,3.25,5.38,0.4,0.01,0.61,2.78,0.59,2.13,3.08,0.08,0,0.52,0.52,1120.11
68.65,0.49,14.61,0.28,1.3,0.03,1.6,4.66,0.02,0.77,4.43,0.46,0.03,1.99,0.68,1127.23
59.02,1.12,17.95,14.4,0.57,0.04,0.1,1.16,0.9,1.28,1.1,0.14,0.04,1.5,0.67,1704.8
68.72,0.91,5.63,8.21,0.42,0.05,1.29,4.67,0.3,3.91,3.83,0.69,0.05,1.18,0.13,1447.05
64.03,0.81,13.13,11.5,0.41,0.03,0.62,2.14,0.65,3.73,1.16,0.41,0.01,0.6,0.78,1450.71
56.56,0.9,16.15,16.92,0.37,0.05,0.75,1.7,0.06,2.43,0.55,0.25,0.02,2.43,0.88,1565.32
53.2,0.37,15.46,17.14,1.53,0.01,1.38,4.73,0.68,1.66,2.5,0.65,0.03,0.36,0.31,1288.85
60.1,0.17,17.14,6.58,1.32,0.04,1.62,4.73,0.31,4.29,0.66,0.71,0.04,2.03,0.25,1078.64
80.31,1.05,3.04,1.07,1.43,0.02,1.7,1.92,0.17,4.18,2.74,0.19,0.04,1.53,0.6,1460.38
72.58,1,12.77,2.11,1.68,0.03,1.39,1.81,0.88,3.63,0.56,0.41,0.04,0.14,0.96,1532.16
74.19,0.82,11.36,5.41,0.5,0.05,0.6,3.88,0.39,0.7,0.05,0.54,0.05,1.11,0.36,1298.43
59.93,0.53,15.84,10.11,1.02,0.01,1.97,1.25,0.07,3.32,2.98,0.42,0.02,2.36,0.2,1169.35
64.11,0.99,11.68,8.38,0.92,0.01,1.5,2.56,0.32,2.98,4.98,0.44,0.05,1.04,0.05,1539.09
68.11,0.27,0,18.3,1.69,0.04,0.34,0.6,0.07,3.62,4.64,0.43,0.01,1.54,0.35,802.74
67.51,0.46,11.18,14.37,0.22,0,1.99,1.16,0.05,0.95,0.19,0.39,0.04,1.02,0.44,1020.37
67.94,1.04,15.59,0.2,1.56,0.02,1.98,2.42,0.99,3.77,1.24,0.54,0.05,2.57,0.1,1681.88
85.63,0.85,6.22,0.14,0.81,0.01,1.64,1.69,0.83,0,1.54,0.24,0.01,0.2,0.19,1109.22
67.83,0.51,6.78,17.52,1.81,0.02,0.66,0.53,0.95,0.3,1.49,0.3,0.02,0.49,0.78,1083.25
73.9,0.16,11.43,2.48,0.14,0.05,0.38,4.11,0.54,0.39,4.78,0.25,0.04,0.51,0.85,796.61
53.63,0.93,16.83,18.18,1.64,0.04,0.4,1.42,0.29,1.89,1.97,0.54,0.01,2.07,0.17,1566.61
62.16,0.38,9.06,15.93,1.48,0.03,0.31,2.74,0.09,1.89,2.07,0.04,0.01,2.87,0.95,1071.46
60.33,0.22,7.06,18.96,0.28,0.04,0.22,4.91,0.38,3.88,1.71,0.63,0.01,0.44,0.94,1064.83
61.48,1.1,15.97,12.51,1.62,0,0.67,1.57,0.64,1.78,0.74,0.6,0.04,1.15,0.13,1644.13
64.72,0.37,11.57,12.02,1.39,0.02,1.65,1.02,0.47,4,0.9,0.11,0.04,1.03,0.68,1048.06
75.72,0.04,12.42,6.32,0.11,0.03,0.48,1.93,0.08,0.74,1.49,0.09,0.05,0.02,0.48,593.42
64.92,1.11,2.91,19.32,0.41,0.04,1.09,4.42,0.55,2.67,0.98,0.17,0.05,0.98,0.37,1627.26
64.31,0.91,6.1,19.04,1.48,0.03,1.76,0.25,0.26,2.33,1.13,0.74,0.05,1.27,0.34,1387.58
60.43,0.59,6.33,18.19,1.14,0.04,1.62,1.71,0.43,4.24,1.82,0.79,0.05,1.87,0.74,1285.4
64.43,0.97,15.21,7.9,0.1,0.02,1.35,2.25,0.75,1.78,3.17,0.19,0.04,1.64,0.2,1560.91
63.56,0.58,3.89,19.35,1.43,0.05,0.85,2.38,0.9,2.63,3.54,0.25,0.02,0.37,0.21,1191.39
63.72,0.01,0.71,19.55,0.48,0.03,1.68,2.75,0.15,3.64,3,0.73,0.04,2.93,0.57,780.44
67.01,0.09,16.15,2.39,0.66,0.04,1.19,1.97,0.47,4.27,1.7,0.87,0,2.33,0.85,835.16
79.96,0.23,7.75,3.31,1.41,0.03,1.27,0.98,0.21,0.21,1.61,0.56,0.04,2,0.44,676.97
72.96,0.32,0.95,14.52,0.24,0.02,1.06,2.82,0.6,0.83,1.9,0.62,0.05,2.18,0.92,896.94
73.9,0.92,10.65,3.84,1.33,0.03,1.2,2.45,0.53,1.67,2.6,0.2,0.04,0.56,0.08,1430.75
70.76,0.53,4.98,11.16,0.69,0.05,1.85,2.51,0.33,3.69,0.18,0.47,0.02,2.76,0.01,1069.65
64.34,0.67,13.33,9.7,0.17,0.05,1.04,3.07,0.24,2.42,2.15,0.07,0.01,2.51,0.24,1293.98
77.21,0.92,1.12,11.54,0.24,0,0.11,4.17,0.12,0.23,2.19,0.84,0.01,1.27,0.04,1250.59
62.63,0.54,10.4,11.42,0.66,0.02,0.21,1.83,0.1,3.83,4.83,0.97,0.04,1.8,0.7,1224.17
62.36,0.55,8.68,15.16,0.56,0.02,1.85,0.28,0.49,4.56,3.05,0.55,0.01,1.03,0.85,1180.52
72.97,0.68,9.27,1.99,0.03,0.05,0.75,3.02,0.08,3.42,4.66,0.58,0.01,1.75,0.77,1247.08
57.82,0.78,16.19,12.47,0.26,0.02,0.4,4.54,0.76,3.38,1.5,0.18,0.04,1.42,0.23,1545.19
82.5,0.74,0.73,6.52,0.94,0.01,1.97,1.05,0.13,1.02,3.85,0.43,0.03,0.06,0.03,1081.27
69.25,1.06,1.56,10.77,1.83,0.02,1.66,0.67,0.94,3.76,4.71,0.68,0.02,2.81,0.28,1519.3
58.1,0.41,12.61,15.31,1.86,0.01,1.6,3.69,0.06,1.94,1.41,0.3,0.05,1.93,0.72,1194.83
64.36,0.96,7.82,17.39,0.36,0.05,0.44,1.63,0.76,1.97,3.04,0.44,0.04,0.68,0.06,1459.84
76.14,0.37,8.54,3.36,0.71,0.02,0.11,2.92,0.88,0.76,2.99,0.66,0.02,2.1,0.41,912.62
72.26,0.83,11.9,0.77,0.74,0.05,0.84,2.51,0.91,3.59,2.91,0.8,0.04,1.37,0.48,1376.7
57.67,0.47,17.4,13.94,0.17,0.04,0.96,0.34,0.55,2.09,4.39,0.2,0.04,1.67,0.05,1131.96
64.05,0.36,8.45,17.16,0.61,0.01,0.26,1.49,0.78,2.36,1.14,0.17,0.02,2.82,0.34,1035.59
73.79,1.19,8.73,3.58,1.78,0.02,1.42,4.92,0.05,0.48,3.6,0.28,0.01,0.12,0.02,1612.65
66.25,0.57,10.91,8.57,0.05,0.04,0.02,3.81,0.89,2.16,2.68,0.48,0.02,2.66,0.89,1253.78
58.65,0.41,11.07,18.54,1.92,0.03,0.91,1.39,0.96,0.71,2.9,0.28,0.01,1.21,1,1155.13
73.26,0.11,2.78,8.79,1.02,0.01,0.63,0.43,0.3,4.83,4.72,0.33,0.03,2.73,0.01,669.37
70.46,0.97,17.07,1.83,0.32,0.05,1.08,0.07,0.26,2.25,3.46,0.73,0.05,0.86,0.54,1325.9
49.59,0.21,17.59,17.07,1,0.03,0.45,2.72,0.69,2.58,4.95,0.61,0.02,2.32,0.17,1147.82
71.97,0.47,6.25,8.64,1.56,0.02,1.59,2.88,0.34,4.05,1.19,0.22,0.03,0.78,0.01,1084.75
55.22,0.54,17.41,11.42,1.73,0.01,1.14,4.34,0.58,3.59,1.86,0.09,0.02,1.18,0.87,1514.81
48.36,0.3,17.4,19.16,0.5,0.02,1.79,4.83,0.44,1.6,2.63,0.69,0.01,2.21,0.05,1241.08
68.65,0.43,5.68,9.82,0.64,0.01,0.62,4.87,0.41,2.22,2.88,0.98,0.01,2.04,0.72,1103.24
74.41,0.73,1.59,13.54,0.13,0.03,1.48,1.05,0.84,0.15,4.22,0.46,0.01,0.4,0.95,1187.81
78.78,0.66,2.26,5.79,0.48,0.01,0.82,3.52,0.22,1.83,1.95,0.98,0.05,2.4,0.24,1041.23
75.98,0.09,5.7,5.34,1.01,0.04,1.72,4.22,0.36,3.44,1.56,0.06,0.04,0.03,0.41,804.74
64.54,0.92,5.47,16.23,0.59,0.02,1.45,3.46,0.99,1.13,3.31,0.61,0.05,0.47,0.75,1473.02
74.71,0.69,4.94,9.49,0.67,0.03,1.78,2.85,0.63,2.59,0.26,0.23,0.02,0.93,0.18,1134.71
72.94,0.32,8.35,2.67,1.86,0.04,1.42,0.53,0.78,4.04,3.84,0.11,0.03,2.5,0.58,924.04
72.94,0.78,8.25,10.57,0.07,0.03,0.16,2.18,0.29,2.73,0.67,0.69,0.04,0.49,0.1,1160.47
62.68,0.14,11.69,17.36,1.66,0.03,0.15,0.56,0.05,1.29,0.68,0.26,0.02,2.83,0.61,866.19
72.03,1,12.79,2.25,1.47,0.01,1.28,1.7,1,1.32,1.4,0.93,0,2.09,0.73,1525.98
70.6,0.78,2.31,13,1.96,0.05,0.88,0.2,0.36,4.13,3.51,0.46,0,1.28,0.47,1288.67
68.83,1.11,11.54,6.23,1.05,0,1.95,1.8,0.48,1.78,3.41,0.66,0.04,0.8,0.32,1600.76
59.34,0.06,10.76,17.39,1.78,0.02,0.92,0.38,0.67,4.11,1.22,0.42,0.04,2.63,0.24,817.16
82.06,0.67,3.46,2.04,1.82,0.04,1.52,0.24,0.84,2.19,1.71,0.55,0,2.27,0.58,1036.48
76.72,0.23,1.03,11.76,1.68,0,0.1,2.86,0.82,1.63,1.75,0.6,0.01,0.08,0.74,810.08
61.81,0.75,10.45,14.83,1.35,0.01,0.7,0.63,0.13,3.38,4.29,0.96,0.03,0.55,0.11,1340.49
55.78,0.75,14.07,14.07,1.67,0,1.5,4.25,0.29,3.2,1.57,0.96,0,1.74,0.17,1582.47
80.23,0.86,3.17,4.71,0.99,0.05,0.42,0.72,0.76,2.5,4.56,0.15,0.03,0.7,0.16,1212.93
73.48,0.91,5.57,8.96,0.81,0.05,0.58,1.47,0.35,2.82,1.26,0.92,0.01,2.69,0.1,1360.91
68.67,0.79,16.33,3.37,1.94,0.02,1.89,3.38,0.3,0.94,1.52,0.09,0.01,0.31,0.42,1392.22
68.97,0.17,11.58,3.94,0.2,0.01,1.85,4.11,0.35,3.28,2.69,0.68,0.03,1.89,0.27,922.11
58.43,0.06,8.2,17.82,1.14,0.04,1.98,0.82,0.69,3.37,4.9,0.99,0.03,0.73,0.8,861.5
65.84,1.09,6.89,12.61,0.86,0.02,0.62,3.81,0.94,4.7,0.87,0.87,0.04,0.76,0.07,1675.38
60.12,0.33,16.42,12.66,1.44,0.01,1.44,0.14,0.38,3.13,0.73,0.82,0.01,1.96,0.41,1032.37
62.77,0.03,16.37,5.39,1.64,0.05,0.42,1.33,0.66,4.83,4.58,0.5,0.04,0.41,0.98,876.8
77.33,1.16,2.95,5.99,0.2,0.01,1.63,1.89,0.09,1.71,4.91,0.63,0.02,0.5,0.99,1473.52
80.24,0.09,1.02,2.41,1.16,0.05,0.99,4.21,0.45,3.54,3.66,0.17,0.02,1.91,0.07,715.41
55.06,0.44,9.63,19.92,0.95,0.04,0.86,3.98,0.6,4.43,2.05,0.6,0.03,1.25,0.14,1262.27
65.39,0.26,13.25,6.4,1.01,0.01,1.92,4.26,0.86,2.03,3.81,0.14,0,0.06,0.59,1098.03
74.37,0.55,9.32,0.15,0.85,0.04,0.89,3.66,0.23,4.07,2.94,0.21,0.01,1.88,0.83,1122.14
64.63,1.04,12.05,8.96,0.98,0.01,1.25,1.79,1,2.4,2.43,0.57,0.05,2.4,0.45,1585.98
64.08,0.87,10.55,9.85,0.38,0.02,0.49,4.57,0.34,4.76,2.67,0.63,0.03,0.39,0.38,1550.97
69.4,0.54,14,4.41,0.33,0.02,1.85,3.55,0.42,2.59,0.42,0.98,0.03,0.86,0.59,1175.4
62.32,0.14,17.39,3.5,1.3,0.01,1.44,3.88,0.67,3.07,4.46,0.08,0.02,0.74,0.99,1088.76
78.81,0.82,3.82,4.78,0.56,0.02,0.47,0.1,0.88,4.83,1.71,0.34,0,2.04,0.83,1234.86
66.4,0.18,2.87,15.8,1.23,0,1.25,1.54,0.37,3.85,4.05,0.4,0.05,1.22,0.77,903.27
63.19,1.09,1.57,18.73,1.65,0.04,0.4,4.03,0.85,1.45,4.76,0.05,0.01,1.61,0.58,1653.42
66.46,0.78,0.31,19.21,0.09,0.01,0.03,2.83,0.93,3.33,4.11,0.01,0.03,1.38,0.5,1359.91
62.01,0.61,13.77,9.71,0.3,0.03,0.34,4.36,0.61,0.79,4.81,0.52,0,1.88,0.25,1286.02
54.68,0.97,14.72,19.58,1,0.02,1.51,0.66,0.55,2.73,0.45,0.42,0.04,2.57,0.1,1582.75
70.73,1.05,2.32,14.4,0.2,0.03,0.71,3.94,0.23,3.2,1.18,0.71,0.04,0.38,0.87,1523.03
74.22,0.72,2.29,8.55,0.32,0.04,1.52,0.53,0.51,4.07,4.68,0.51,0.05,1.61,0.39,1149.73
62.06,0.57,8.83,16.94,1.66,0.02,0.67,2.46,0.57,1.19,3.97,0.49,0.02,0.32,0.24,1258.36
80.4,1.14,5.49,3.38,0.92,0.02,0.07,1.62,0.54,2.76,1.78,0.45,0.05,1.13,0.26,1439.5
71.02,0.91,3.71,14.19,0.04,0.02,1.55,1.69,0.56,1.02,3.71,0.05,0.04,0.59,0.87,1303.39
65.45,0.43,13.01,6.38,1.81,0.01,0.36,2.47,0.08,0.98,4.72,0.98,0.02,2.77,0.54,1106.42
64.3,0.79,17.8,5.3,1.34,0,0.23,0.02,1,4.01,3.93,0.51,0.02,0.45,0.28,1395.52
62.91,0.46,13.61,10.79,0.15,0,0.2,2.05,0.93,3.19,4.01,0.47,0.02,0.33,0.88,1184.01
71.67,0.62,8.77,12.5,1.89,0.03,1.08,0.25,0.06,0.94,0.16,0.74,0.04,0.41,0.84,1098.97
82.57,0.19,5.42,4.98,0.74,0.01,0.98,2.04,0.99,0.28,0.71,0.05,0.03,0.16,0.84,797.63
84.18,0.68,3.07,3.95,0.64,0.03,0.42,0.58,0.97,0.11,4.01,0.79,0.01,0.41,0.15,1012.05
62.11,0.84,11.57,15.65,1.87,0.03,0.31,1.22,0.84,1.05,0.36,0.7,0.02,2.76,0.65,1397.51
76.94,0.49,0.92,9.93,0.25,0.02,0.7,3.86,0.8,0.77,1.83,0.37,0.01,2.4,0.71,975.14
73.53,0.24,6.6,2.12,1.26,0.01,1.97,3.9,0.39,2.89,4.56,0.55,0.01,1.14,0.84,980.2
51.27,1.04,16.09,18.4,0.19,0.03,1.48,3.78,0.61,0.83,3.99,0.72,0,1.39,0.17,1792.47
76.31,0.41,0.33,8.01,1.1,0.03,1.33,4.18,0.22,0.6,4.26,0.16,0.05,2.53,0.5,949.64
68.43,0.43,16.71,1.31,1.1,0.03,1.31,1.28,0.36,4.22,0.97,0.83,0.03,2.29,0.71,1057.96
60.83,0.26,10.24,17.35,0.86,0.05,0.9,0.71,0.39,4.76,1.6,0.87,0.04,1.05,0.08,929.97
67.33,0.94,7.97,9.71,1.56,0.02,0.89,1.88,0.37,2.63,4.04,0.36,0.03,2.01,0.27,1488.06
55.66,0.34,16.8,14.47,1.15,0.03,0.06,3.09,0.51,2.73,1.8,0.08,0.01,2.85,0.41,1156.87
65.93,0.05,12.91,10.76,1.02,0.01,1.49,0.84,0.19,2.3,1.43,0.25,0.03,1.95,0.82,766.35
82.66,0.51,1.32,5.47,1.96,0.03,1.42,0.04,0.52,0.19,2.85,0.92,0.05,1.62,0.46,835.04
71.58,0.09,8.38,4.8,0.94,0.02,1.16,1.78,0.16,2.52,4.15,0.66,0.02,2.81,0.91,753.81
72.91,0.26,0.71,14.83,1.66,0.05,1.78,3,0.53,0.14,1.23,0.46,0.03,1.67,0.74,842.61
63.92,0.11,7.45,15,1.39,0.05,0.56,2.49,0.33,2.2,4.28,0.68,0.04,0.61,0.87,786.56
65.66,0.08,15.99,6.58,0.63,0.03,1.88,0.24,0.35,4.28,1.98,0.2,0.02,1.16,0.92,838.63
74.69,1.19,8.37,1.16,0.52,0.02,0.31,4.74,0.77,1.34,2.95,0.72,0.05,2.64,0.52,1679.92
67.45,0.93,10.12,11.05,0.23,0.01,1.06,1.34,0.02,3.61,0.16,0.6,0.03,2.91,0.48,1438.83
62.53,1.01,17.94,8.61,0.64,0.05,0.38,3.08,0.41,0.21,1.74,0.27,0.03,2.85,0.27,1538.27
70.92,0.98,1,10.76,0.14,0.05,1.53,3.29,0.82,3.24,4.84,0.71,0.05,1.55,0.12,1411.65
64.24,0.72,8.68,12.45,0.02,0.01,0.98,4.75,0.38,2.12,3.57,0.6,0.01,1.23,0.22,1374.85
80.57,1.16,2.35,7.44,0.05,0.01,1.56,1.01,0.08,2.37,0.05,0.08,0.04,2.31,0.92,1442.59
53.4,0.07,14.09,16.91,1.6,0.03,0.47,4.23,0.73,4.9,0.78,0.23,0.01,2.38,0.19,1093.02
66.73,0.09,17.97,0.5,1.67,0.02,1.68,2.77,0.9,4.63,0.05,0.08,0.01,2.01,0.89,1040.86
56.84,0.23,14.49,19.35,0.54,0.02,0.17,2.8,0.5,0.72,2.21,0.33,0.03,1.76,0.01,968.67
68.72,0.92,12.83,7.33,0.11,0.04,1.91,1.2,0.32,0.92,2.88,0.15,0.02,2.09,0.56,1343.43
81.66,0.68,0.11,1.57,1.76,0,1.41,4.6,0.27,1.85,2.84,0.88,0.05,2.22,0.09,1067.13
70.57,0.81,7.39,9.41,0.1,0.01,1.58,2.27,0.3,1.92,4.27,0.75,0.01,0.35,0.25,1306.68
70.33,0.64,10.74,7.32,1.61,0.03,0.23,0.65,0.54,4.68,1.54,0.87,0.04,0.74,0.04,1215.93
70.5,0.13,13.11,3.99,0.74,0.03,1.45,0.57,0.41,2.43,2.7,0.82,0.01,2.42,0.69,832.37
70.96,0.5,2.49,13.32,1.05,0.03,0.68,4.53,0.59,0.43,2.25,0.76,0.04,1.48,0.89,1106.14
65.63,0.33,7.39,17.97,1.79,0.03,1.72,0.44,0.86,1.6,0.89,0.24,0.02,0.75,0.32,944.61
76.37,0.69,7.95,6.93,1.49,0.04,1.51,1.66,0.74,0.76,0.65,0.35,0.04,0.74,0.06,1099.58
58.57,0.17,15.46,12.68,0.51,0.03,1.06,3.28,0.23,4.32,1.55,0.69,0,1.12,0.35,1008.49
67.24,0.95,3.92,13.54,1.61,0.03,1.48,3.31,0.36,4.04,1.47,0.57,0.04,1.14,0.3,1514.48
53.22,0.56,14.72,18.6,1.09,0.03,1.81,0.49,0.23,3.54,4.12,0.86,0.02,0.27,0.44,1277.38
65.86,0.93,1.36,16.55,0.86,0.03,0.18,1.69,0.09,4.81,4.04,0.46,0.01,2.8,0.34,1404.72
58.12,0.2,10.14,18.88,0.01,0.01,1.88,0.86,0.11,2.85,4.31,0.48,0.05,2.04,0.07,920.24
85.01,0.37,1.56,0.03,0.9,0.04,1.14,5,0.29,1.4,0.8,0.16,0.01,2.38,0.91,819.91
63.91,1.17,4.18,17.63,0.66,0.01,1.74,3.18,0.16,2.15,1.44,0.74,0.02,2.97,0.05,1652.45
63.16,0.61,5.69,14.58,1.75,0.05,1.61,4.25,0.55,4.13,1.52,0.4,0.02,1.4,0.29,1267.93
80.17,1.15,5.63,1.96,1.05,0,0.22,1.1,0.46,2.17,4,0.74,0.02,1,0.32,1419.69
49.64,0.29,16.79,17.19,1.42,0.02,1.04,4.88,0.97,1.08,4.06,0.2,0.01,2.03,0.41,1257.18
75.39,1.12,1.6,10.23,1.84,0.05,0.31,1.83,0.62,0.8,4.84,0.91,0.01,0.36,0.09,1402.03
82.97,0.72,1.29,4.54,1.86,0.05,1.56,0.1,0.33,3.14,1.38,0.91,0.03,0.22,0.91,1003.26
75.4,1.15,1.4,10.65,0.61,0.02,0.36,2.89,0.96,2.52,0.41,0.62,0.02,2.57,0.43,1535.26
66.66,0.92,4.78,15.34,0.41,0.02,0.93,4.72,0.93,1.03,1.79,0.15,0.03,1.38,0.9,1510.31
75.23,1.12,6.9,9.83,1.79,0.04,0.01,1.6,0.42,1.15,1,0.04,0.03,0.79,0.05,1470.7
67.99,1.02,8.7,8.32,1.96,0.01,0.43,1.46,0.17,1.9,4.55,0.62,0.02,2.8,0.05,1457.24
65.89,0.26,10.19,12.31,0.08,0.02,1.3,3.49,0.64,1.6,0.47,0.43,0.01,2.84,0.48,1011.38
66.68,0.6,5.58,16.24,1.73,0.03,0.09,2.83,0.76,0.68,1.14,0.88,0,2.26,0.47,1170.85
69.71,0.54,0.13,16.39,0.72,0.03,1.35,3.51,0.96,2.66,2,0.95,0.03,0.89,0.13,1121.33
71.77,0.8,8.47,3.98,1.2,0,0.83,2.73,0.44,3.74,4.14,0.77,0,0.58,0.54,1403.18
55.06,1.12,15.03,16.85,0.61,0.02,0.94,0.79,0.03,4.73,1.2,0.24,0,2.79,0.58,1772.49
79.06,0.42,11.19,0.78,0.37,0.04,1.53,1.75,0.38,2.67,0,0.24,0.01,0.75,0.81,955.72
71.55,0.34,3.45,10.09,1.73,0.01,0.16,1.78,0.75,2.75,4.08,0.96,0.04,1.81,0.49,903.22
68.82,0.8,5.12,11.72,1.17,0.02,1.67,1.32,0.45,2.69,3.32,0.78,0.02,1.94,0.15,1290.46
61.23,1.12,6.9,14.59,0.04,0.01,0.97,4.39,0.53,4.65,2.42,0.49,0.01,2.41,0.25,1764.15
73.09,0.82,14.01,2.62,1.2,0,1,0.77,0.18,1.83,2.16,0.62,0,1.51,0.18,1299.96
66,0.69,11.47,11.13,1.48,0.02,1.53,2.16,0.48,3.24,0.09,0.65,0.03,0.93,0.09,1290.74
61.61,0.43,10.66,16.71,0.09,0.01,1.78,0.05,0.2,4.8,3.07,0.26,0,0.08,0.24,1119.35
63.4,1.06,7.49,14.41,1.84,0.02,0.38,2.59,0.91,4.02,0.33,0.69,0.03,2.72,0.12,1679.84
77.16,0.5,8.68,1.41,0.56,0.02,1.89,1.41,0.46,3.36,0.81,0.49,0.04,2.6,0.63,1021.74
64.03,0.81,2.27,18.92,0.27,0.04,0.53,4.67,0.72,3.77,1.1,0.44,0.03,2.31,0.1,1457.11
73.18,0.63,8.31,6.29,1.16,0.04,0.82,3.15,0.7,3.56,0.26,0.86,0.02,0.79,0.24,1190.06
60.77,0.58,15.96,7.57,1.5,0,0.95,4.96,0.77,1.05,2.51,0.23,0.02,2.34,0.77,1336.62
64.64,0.61,10.89,11.2,0.97,0.03,0.35,4.06,0.54,0.66,3.83,0.93,0.05,1.11,0.14,1274.33
70.28,0.63,2.03,18.68,0.37,0.01,0.81,1.92,0.79,2.28,0.85,0.27,0.03,0.44,0.61,1215.75
50.7,1.13,16.42,18.92,0.49,0.01,0.6,4.48,0.97,4.3,0.55,0.95,0.02,0.03,0.44,1963.33
67.24,0.06,9.79,6.77,0.95,0.03,1.74,3.31,0.43,4.1,4.53,0.12,0.03,0.85,0.05,860.97
60.13,0.2,14.62,17.07,1.83,0.01,1.81,1.6,0.55,0.25,0.22,0.72,0.02,0.77,0.19,957.73
70.12,0.81,0.01,16.12,0.16,0.01,0.77,2.42,0.35,1.6,4.82,0.64,0,1.29,0.88,1275.87
66.49,0.91,10.91,11.41,0.11,0.01,1.25,1.04,0.5,2.72,1.42,0.95,0.04,2.17,0.08,1400.15
78.23,0.14,8.87,3.21,1.96,0.01,0.97,1.82,0.64,0.65,2.15,0.27,0.04,0.12,0.91,705.46
70.81,0.95,0.56,19.34,1.05,0.02,0.73,0.33,0.99,0.2,3.27,0.44,0.05,0.74,0.53,1347.08
74.37,0.58,12.65,1.36,0.39,0.01,1.48,0.95,0.57,1.08,4.31,0.94,0.03,1.06,0.23,1080.25
62.97,1.13,7.13,13.88,0.98,0.03,0.54,2.27,0.47,3.53,4.7,0.33,0,1.49,0.54,1750.01
49.27,0.21,13.69,19.7,1.89,0.01,1.75,3.52,0.45,2.7,4.25,0.48,0.02,1.48,0.58,1208.57
76.12,0.13,10.88,2.42,0.16,0.03,0.81,2.94,0.09,2.15,0.87,0.99,0.03,2.06,0.33,763.15
66.85,0.12,17.57,5.73,0.85,0.03,0.05,4.05,0.54,1.39,0.31,0.16,0.04,2.06,0.25,881.32
74.22,0.69,7.28,7.27,0.43,0.03,1.94,0.88,0.6,2.12,2.23,0.25,0.04,1.46,0.54,1135.72
82.49,0.37,3.27,1.72,1.43,0.01,1.38,1.95,0.42,2.35,1.84,0.1,0.02,1.99,0.67,848.07
86.26,0.24,3.79,0.46,1.79,0.01,0.46,1.4,0.13,3.2,0.38,0.13,0.03,1.02,0.71,642.96
67.71,0.67,4.61,13.02,0.23,0.03,0.87,1.34,0.6,4.36,4.99,0.61,0.02,0.68,0.26,1163.53
72.42,1.1,6.63,7.47,0.77,0.04,1.3,3.07,0.33,4.09,0.19,0.87,0.03,1.19,0.5,1561.85
69.17,0.8,0.23,17.43,0.89,0.02,0.28,2.2,0.5,2.02,3.39,0.42,0.05,1.8,0.81,1283.17
58.89,0.41,10.25,17.22,0.16,0,1.7,1.06,0.67,2.71,4.16,0.13,0.01,1.67,0.95,1128.46
67.49,0.5,5.88,12.13,1.86,0.04,1.99,0.11,0.11,3.05,4.1,0.29,0.01,2.36,0.06,1043.28
68.81,0.68,13.12,7.1,1.23,0.03,1.1,3.2,0.26,0.42,0.6,0.22,0.03,2.52,0.7,1186.31
74.72,0.95,6.32,8.09,0.79,0.01,0.12,2.95,0.99,0.83,0.23,0.78,0.01,2.49,0.7,1407.35
63.3,0.8,8.37,12.61,0.9,0.01,1.02,2.64,0.81,3.68,3.32,0.11,0.04,1.5,0.89,1486.72
73.87,1.1,0.99,16.41,0.08,0.02,1.08,0.74,0.75,0.04,0.84,0.58,0.04,2.75,0.71,1377.15
74.35,0.01,2.16,10.69,1.35,0.02,1.46,2.61,0.07,0.96,4.2,0.72,0.04,0.35,0.99,667.51
68.43,0.26,0.21,19.95,0.56,0.03,0.35,2.9,0.9,1.6,3.35,0.19,0.03,1.01,0.21,845.09
69.65,1.08,7.15,4.91,0.9,0.02,1.49,4.86,0.44,4.31,2.83,0.16,0.03,1.54,0.65,1660.46
63.53,1.07,7.93,18.02,1.5,0.02,1.21,1.63,0.98,3.34,0.22,0.33,0.03,0.17,0.02,1562.76
83.23,0.53,4.73,3.29,1.38,0.03,0.4,1.6,0.59,0.36,0.74,0.07,0.04,2.26,0.75,898.59
63.82,0.86,12.05,9.54,1.28,0,1.24,3.89,0.5,1.79,1.39,0.64,0.03,2.61,0.34,1512.8
66.52,1.06,9.5,10.35,1.16,0.04,1.93,0.37,0.05,4.69,2.65,0.61,0.02,0.28,0.77,1607.38
72.22,0.9,5.61,6.12,1.68,0,1.76,1.28,0.59,4.68,3.39,0.41,0.03,1.03,0.28,1371.61
79.39,0.07,0.56,11.08,1.52,0.03,1.68,0.17,0.37,1.19,2.24,0.07,0.05,0.67,0.92,591.79
57.36,0.52,17.74,11.08,1.86,0,1.5,4.52,0.14,0.48,2.12,0.93,0.03,1.58,0.14,1311.86
70.25,1.1,3.76,13.31,0.16,0.03,0.33,3.68,0.3,2.32,3,0.17,0.04,0.91,0.66,1533.11
72.35,0.2,12.39,2.56,0.85,0.01,1.5,1.31,0.88,4.46,0.98,0.61,0,1.17,0.71,945.57
80.95,0.35,6.8,2.06,1.44,0.03,1.42,1.24,0.32,1.67,0.13,0.34,0.04,2.69,0.52,850.04
72.1,0.55,0.55,17.58,0.03,0.05,0.98,1.71,0.92,0.12,2.91,0.55,0.01,1.29,0.65,997.05
70.34,0.06,2.21,19.73,0.63,0.01,0.21,3.6,0.85,1.28,0.1,0.22,0,0.31,0.43,724.33
70.79,0.28,9.29,5.07,1.88,0.05,1.13,1.77,0.38,2.06,3.64,0.45,0.04,2.83,0.34,853.91
74.27,0.25,7.44,4.12,1.75,0.01,0.91,3.03,0.69,1.92,4.35,0.57,0.02,0.2,0.46,896.26
60.66,0.99,11.06,16.64,0.99,0.01,0.03,1.52,0.7,3.95,1.48,0.5,0.02,1.23,0.23,1586.34
85.26,0.08,3.57,0.18,1.25,0.02,1.95,0.97,0.35,1.79,0.04,0.84,0,2.82,0.89,551.96
66.51,0.65,9.78,13.08,0.77,0.03,0.09,0.27,0.46,2.75,4.44,0.1,0.04,0.63,0.39,1147.39
60.18,0.19,9.06,16.03,0.88,0.02,1.7,3.53,0.49,1.29,4.42,0.58,0.01,0.81,0.8,940.7
66.95,0.06,17.86,2.61,1.59,0.02,0.98,4.4,0.41,2.69,0.25,0,0.01,2.04,0.12,888.6
69.28,0.78,12.82,3.57,0.16,0.05,0.52,4.27,0.86,3.86,0.84,0.82,0.04,1.79,0.34,1382.11
74.37,0.32,2.19,10.2,1.17,0.02,0.95,1.82,0.64,4.51,0.82,0.38,0.01,1.87,0.73,932.41
77.57,1.14,1.14,12.06,0.11,0.04,1.06,3.35,0.83,0.75,0.19,0.88,0.02,0.39,0.47,1494.09
76.41,0.72,0.56,5.5,0.07,0.02,1.79,4.91,0.64,0.81,4.53,0.52,0.01,2.77,0.76,1259.25
65.83,0.25,3.8,13.77,0.44,0.02,1.56,3.92,0.45,3.96,4.19,0.65,0.01,0.82,0.31,1020.99
77.08,0.15,4.92,4.19,0.91,0.05,0.21,3.6,0.69,0.48,4.61,0.57,0.02,2.27,0.26,709.41
63.08,1.01,8.07,12.73,0.44,0.03,1.54,2.37,0.62,2.28,4.47,0.5,0.04,2.4,0.41,1551.62
67.14,0.28,7.31,16.52,0.46,0.03,1.61,1.77,0.64,1.23,0.55,0.79,0,0.81,0.86,939.41
79.22,1.18,4.83,0.82,1.41,0.02,0.2,3.54,0.03,4.35,0.69,0.13,0.01,2.88,0.69,1583.66
71.8,0.96,7.16,6.73,0.47,0.02,1.1,3.16,0.26,4.74,0.85,0.97,0,1.44,0.33,1557
66.46,0.53,7.47,14.65,1.37,0.04,0.5,3.05,0.59,1.85,2.43,0.31,0.01,0.64,0.11,1104.27
51.46,0.82,11.89,19.01,1.46,0,1.77,4.31,0.44,2.93,4.88,0.53,0.05,0.25,0.19,1691.01
58.96,0.98,17.79,7.78,0.09,0.04,1.21,0.99,0.49,3.71,3.85,0.5,0.02,2.92,0.66,1565.21
70.74,0.5,5.05,14.62,0.48,0.01,1.06,1.45,0.63,0.59,3.27,0.28,0,0.38,0.93,1033.94
58.24,0.94,10.95,19.42,0.75,0.03,0.13,1.98,0.96,2.69,1.44,0.12,0.04,1.93,0.37,1579.84
77.97,1.14,0.4,6.07,1.84,0.02,0.5,2.67,0.82,0.52,4.72,0.8,0.01,2.14,0.38,1524.32
79.73,1.16,2.28,8.41,0.96,0.02,0.73,0.26,0.69,2.18,0.97,0.82,0.04,1.46,0.3,1399.45
80.2,0.77,5.19,4.72,1.46,0,0.19,0.03,0.15,0.34,4.98,0.29,0.01,0.72,0.94,1033.91
73.78,1.05,7.11,6.7,0.41,0.02,0.63,3.39,0.29,2.89,0.33,0.19,0.02,2.81,0.38,1513.65
84.71,0.8,4.59,2.54,0.12,0.02,0.32,0.87,0.76,0.08,2.79,0.38,0.03,1.69,0.31,1098.85
79.92,1.05,3.47,1.95,1.8,0.02,1.1,1.8,0.13,2.95,2.63,0.2,0.02,2.39,0.59,1374.6
66.02,0.13,9.86,14.05,1.59,0.03,0.31,3.55,0.68,0.12,2.06,0.33,0.03,0.65,0.59,880.69
56.63,0.31,17.66,12.27,1.59,0,0.37,3.79,0.02,4.08,0.07,0.66,0.02,1.83,0.7,1194.17
85.13,0.42,1.94,1.39,1.18,0.03,1.48,2.55,0.42,1.99,0.13,0.34,0.05,2.62,0.33,864.75
85.02,0.54,0.32,1.49,1.02,0.05,1.39,0.35,0.19,3.86,4.21,0.62,0.03,0.09,0.83,900.97
72.33,0.95,4.66,14.17,0.43,0,0.4,0.89,0.34,2.09,2.54,0.48,0.01,0.09,0.61,1312.62
56.82,1.04,13.44,17.16,0.99,0.01,1.39,1.03,0.44,0.33,4.13,0.13,0.05,2.59,0.46,1576.53
56.78,0.9,11.15,16.06,0.86,0.04,0.92,4.7,0.49,2.31,3.93,0.82,0.03,0.54,0.47,1675.98
74.36,1,0.89,17.05,1.1,0.01,0.63,1.41,0.53,0.26,0.79,0.81,0.01,0.7,0.45,1336.67
66.59,0.63,13.74,8.95,1.58,0.03,0.23,0.78,0.44,1.98,3.72,0.58,0.02,0.51,0.23,1136.32
67.5,0.62,3.07,13.26,1.71,0.01,0.98,4.88,0.33,2.98,0.45,0.61,0,2.88,0.72,1353.85
61.97,0.95,12.67,11.79,0.9,0.04,1.91,2.5,0.93,2.92,2.69,0.45,0.01,0.01,0.24,1514.71
63.51,0.54,17.65,7.01,0.9,0.01,0.1,3.88,0.57,3.8,0.75,0.57,0.01,0.68,0.01,1311.51
81.12,0.17,5.57,2.34,1.97,0.02,0.26,1,0.59,0.32,4.31,0.96,0.01,1.35,0.02,592.37
69.24,0.33,3.72,13.08,0.83,0.01,1.38,2.83,0.86,0.59,3.93,0.67,0.01,2.08,0.44,1010.79
68.07,1.13,2.55,12.86,0.76,0.05,0.66,4.81,0.9,1.35,4.02,1,0.01,1.31,0.52,1624.88
66.82,0.54,3.08,17.47,1.41,0,1.3,3.27,0.96,0.02,1.24,0.93,0.05,2.16,0.77,1125.09
74.38,0.12,9.25,4.63,0.36,0.04,0.27,2.34,0.94,0.93,4.89,0.99,0.03,0.51,0.32,662.26
65.42,0.34,17.5,3.07,1.47,0,1.19,4.58,0.29,0.93,3.26,0.71,0.03,0.96,0.25,1078.94
63.35,1.15,16.62,9.15,1.69,0.02,0.85,0.78,0.43,2.69,0.11,0.44,0.04,2.04,0.64,1723.14
73.11,0.65,5.83,2.73,1.78,0.02,1.76,2.93,0.67,4.02,3.3,0.4,0.03,2.41,0.37,1255.22
70.24,0.47,1.72,18.29,0.18,0.03,0.83,2.03,0.68,0.34,2.97,0.77,0.04,0.51,0.9,1013.38
60.7,0.59,9.76,18.38,1.8,0.02,0.55,1.97,0.39,1.43,1.34,0.86,0,2.03,0.17,1241.04
76.98,0.42,1.11,5.4,1.54,0.04,0.44,2.32,0.47,4.37,3.81,0.51,0.03,2.54,0.01,956.4
66.04,0.89,9.77,10.59,0.7,0.03,1.31,2.09,0.71,4.31,0.77,0.45,0.02,2.06,0.25,1476.53
62.4,0.77,15.79,8.36,1.82,0.05,0.21,1.17,0.95,4.79,0.49,0.01,0.01,2.99,0.18,1481.12
71.43,0.03,10.88,5.54,1.72,0.01,1.37,3.37,0.22,0.17,2.05,0.29,0.04,2.4,0.46,710.95
62.94,0.73,10.88,16.54,0.85,0.01,0.53,2.68,0.45,2.2,0.46,0.72,0.01,0.59,0.41,1381.64
70.42,0.45,8.08,10.74,0.41,0.01,1.76,2.17,0.41,0.18,2.49,0.55,0.03,2.12,0.18,947.91
59.16,0.31,14.59,18.94,0.27,0.02,0.43,0.3,0.33,0.72,3.55,0.53,0.01,0.03,0.81,999.97
73.97,0.41,10.54,6.31,0.17,0.01,0.38,2.14,0.66,1.32,0.06,0.52,0.03,2.89,0.59,929.3
57.54,0.57,10.32,18.56,1.66,0.02,0.47,1.31,0.5,3.72,2.52,0.07,0.04,2.42,0.29,1254.26
63.1,1.07,15.21,10.51,1.38,0.04,0.99,1.57,0.75,1.1,1.94,0.87,0.04,1.21,0.21,1646.03
80.92,0.43,5.11,3.52,1.49,0.01,0.91,1.93,0.98,1.96,0.4,0.09,0.03,1.8,0.42,911.56
79.49,0.62,9.09,2.99,0.21,0.01,0.2,3.05,0.2,1.26,0.87,0.96,0.04,0.69,0.33,1058.91
79.67,0.26,8.85,0.39,1.34,0.03,1.8,0.82,0.8,3.96,0.64,0.4,0.01,0.76,0.26,761.83
66.71,1.14,2.27,19.47,0.46,0.04,0.68,0.72,0.86,1.54,3.29,0.57,0.02,1.49,0.73,1586.32
59.88,0.11,12.03,17.92,0.12,0.01,1.43,2.19,0.4,0.68,2.53,0.13,0.02,2.29,0.26,866.49
63.76,0.83,15.14,8.3,1.54,0,0.25,1.02,0.4,4.23,1.73,0.65,0.04,1.76,0.36,1443.76
77.89,0.7,6.16,1.68,1.99,0.01,0.14,4.39,0.3,3.25,1.65,0.39,0.01,1.03,0.41,1252.03
73.91,1.13,0.75,10.06,1.17,0.05,0.1,2.87,0.85,1.21,4.38,0.02,0.04,2.8,0.66,1567.27
71.07,0.53,0.81,18.4,0.94,0,1.38,2.41,0.12,1.07,0.32,0.57,0.03,1.52,0.82,1064.73
67.59,0.03,12.51,8.36,1.13,0.03,0.7,4.59,0.13,3.36,0.02,0.92,0.01,0.28,0.33,861.29
68.64,0.45,3.86,11.7,0.89,0,0.64,4.05,0.69,3.62,3.49,0.31,0,0.82,0.83,1167.24
74.37,0.02,2.52,6.44,1.16,0,1.89,1.83,0.91,3.9,3.78,0.61,0.03,1.91,0.63,716.08
55.19,0.67,17.76,14.65,1.55,0.04,0.43,0.42,0.48,2.57,4.15,0.44,0.03,1.58,0.04,1377.39
66.75,0.2,10.7,11.87,0.33,0.01,1.96,1.97,0.23,0.86,3.34,0.61,0.03,0.26,0.89,881.87
69.09,0.47,5.64,9.25,0.78,0.04,1.86,1.52,0.86,3.91,4.65,0.25,0.03,0.82,0.82,1104.89
70.18,0.41,5.81,12.9,1.7,0.03,1.71,1.32,0.52,2.25,0.06,0.56,0.03,1.78,0.74,998.54
82.89,0.69,1.2,2.33,1.19,0.01,0.16,2.15,0.55,1.64,3.6,0.64,0.02,2.26,0.65,1095.01
69.47,0.02,12.54,7.52,1.89,0.04,1.18,1.26,0.2,1.7,2.38,0.3,0.03,0.5,0.98,775.67
53.21,0.14,16.77,18.27,1.05,0.04,0.87,3.15,0.34,1.51,2.89,0.5,0.03,0.86,0.37,1000.73
70.17,0.13,14.63,0.78,1.32,0.01,1.74,2.42,0.31,2.59,1.91,0.56,0.01,2.99,0.43,849.04
66.92,0.42,12.78,7.28,1.67,0.02,1.44,0.54,0.85,3.68,1.06,0.15,0.02,2.93,0.26,1072.68
58.12,0.48,10.28,19.06,1.03,0.04,1.09,0.2,0.32,2.88,4.75,0.86,0.01,0.66,0.2,1132.94
61.01,1.11,15.35,15.5,0.79,0.03,0.93,1.27,0.51,0.15,0.66,0.89,0.04,1.27,0.52,1655.56
63.02,0.94,13.74,14.45,0.41,0.02,0.94,1.65,0.75,1.65,0.69,0.4,0.05,0.68,0.61,1489.79
74.85,0.53,1.28,9.76,1.4,0.03,1.74,1.44,0.09,4.68,1.89,0.58,0.04,0.97,0.72,1034.66
66.73,0.18,14.6,4.45,1.43,0.05,1.06,2.7,0.46,1.63,2.38,0.6,0.05,2.81,0.86,878.24
60.53,1.07,8.42,13.15,1.79,0.02,1.92,2.08,0.6,3.55,4.75,0.24,0.04,1.56,0.27,1679.55
68.92,0.8,5.81,9.63,1.23,0.02,0.4,4.81,0.51,3.67,2.06,0.36,0.02,1.23,0.54,1478.37
72.25,0.66,8.95,2.7,0.99,0.01,0.25,4.66,0.6,3.3,2.01,0.91,0.03,2.31,0.37,1275
78.27,0.33,5.14,5.42,1.71,0,0.15,1.37,0.2,1.16,3.99,0.56,0,1.29,0.41,825.45
58.4,0.15,12.17,14.04,1.44,0.04,0,4.77,0.81,4.52,0.08,0.93,0.04,2.51,0.09,1068.11
66.14,1.14,7.97,11.99,0.95,0.05,0.15,2.51,0.69,3.96,2.92,0.91,0.05,0.19,0.4,1702.57
73.09,0.04,5.93,10.74,1.82,0.04,0.25,0.47,0.59,2.66,1.33,0.9,0.05,1.21,0.89,686.44
67.68,0.58,2.21,18.56,0.91,0.04,0.73,0.09,0.1,2.48,3.45,0.33,0.03,2.1,0.7,1036.16
66.33,0.6,16.47,9.78,0.9,0.01,0.62,0.21,0.63,1.24,1.52,0.77,0.02,0.73,0.17,1148.42
68.53,0.55,9.12,13.75,1.27,0.04,0.09,1.48,0.28,0.73,1.45,0.31,0.03,1.99,0.38,1076.23
75.42,0.87,6.05,5.81,1.08,0,0.16,2.09,0.94,3.61,0.44,0.85,0.04,1.83,0.82,1328.21
62.03,0.62,9.88,10.77,1.13,0.05,1.8,4.38,0.8,4.72,0.49,0.27,0.02,2.54,0.51,1384.38
78.98,0.9,2.5,5.05,1.46,0.01,0.7,1.32,0.35,3.54,1.84,0.56,0,2.42,0.37,1331.19
56.25,0.26,15.92,12.32,0.86,0.01,1.88,3.78,0.21,1.69,4.05,0.7,0.04,1.32,0.72,1139.41
65.02,0.47,3.8,12.65,1.95,0.02,0.92,3.37,0.54,4.22,3.81,0.06,0.05,2.26,0.86,1220.41
60.03,0.14,6.26,17.53,0.4,0,1.58,4.18,0.16,4.27,3.43,0.52,0.04,1.26,0.19,980.78
65.82,0.35,9.09,10.63,1.61,0.04,1.16,3.9,0.19,0.25,4.37,0.08,0.01,2.09,0.41,1005.78
68.15,0.02,5.41,11.56,0.75,0.03,1.75,4.56,0.27,2.31,2.75,0.95,0.05,0.71,0.73,799.57
88.77,0.46,0.15,0.19,0.92,0.02,0.05,3.43,0.29,2.8,1.5,0.17,0.02,0.7,0.53,863.9
60.68,0.2,12.08,15.08,0.22,0.02,0.14,2.99,0.26,2.64,2.59,0.92,0.03,1.75,0.4,911.98
63.81,1.14,13.99,5.71,1.69,0.02,1.66,4.11,0.19,3.51,1.45,0.3,0.01,2.18,0.23,1744.57
69.69,0.58,0.8,19.41,1.43,0.02,0.64,2.24,0.63,0.73,0.94,0.86,0.01,1.14,0.87,1077.79
61.51,0.8,6.15,13.67,0.04,0.04,0.97,4.07,0.95,4.63,4.55,0.51,0.02,1.4,0.69,1508.89
53.58,1.1,14.67,19.58,1.76,0.01,0.21,0.56,0.29,3.07,4.02,0.9,0.03,0.02,0.19,1721.84
71.27,0.13,6.54,10.03,0.09,0.02,0.36,3.24,0.46,2.48,2.14,0.96,0.01,1.55,0.74,827.17
77.98,0.46,8.35,1.77,1.22,0.01,0.32,2.72,0.53,0.38,3.49,0.62,0.01,1.41,0.72,977.13
75.22,0.64,7.12,6.45,1.22,0.05,1.34,0.37,0.46,4.45,0.47,0.99,0.05,0.23,0.93,1163.11
69.96,0.51,7.94,12.68,1.55,0,1.19,0.93,0.35,1.74,2.35,0.33,0.01,0.44,0.03,1040.13
66.32,0.57,17.18,2.31,1.89,0.04,1.27,3.23,0.83,0.53,2.52,0.7,0.03,2.5,0.07,1236.54
71.57,0.46,6.12,12.42,1.78,0.02,1.65,2.01,0.1,0.31,0.26,0.38,0.02,2.15,0.74,1055.55
78.58,0.07,3.98,5.49,1.1,0.01,0.27,4.72,0.8,0.9,2.03,0.36,0.04,1.53,0.13,669.92
75.9,0.32,6.76,9.96,0.69,0.01,0.8,0.1,0.77,0.85,0.22,0.65,0.04,2.44,0.49,840.82
55.7,0.25,13.27,13.99,0.49,0.05,0.21,4.91,0.86,3.44,4.69,0.72,0.01,1.33,0.07,1192.08
70.7,0.47,5.95,11.91,1.74,0,0.77,0.79,0.7,0.53,3.32,0.29,0.01,2.81,0.02,965.48
77.38,0.53,0.39,9.67,1,0.02,0.26,1.88,0.67,3.91,2.65,0.59,0.01,0.86,0.16,998.96
63.02,0.63,10.13,18.9,0.39,0.03,1.63,2.8,0.26,1.31,0.2,0.31,0.04,0.14,0.22,1215.34
64.49,0.85,14.09,9.11,1.4,0.02,0.32,1.99,0.58,4.74,0.34,0.51,0.02,1.52,0.02,1512.1
69.86,0.67,8.11,5.71,0.6,0.02,1.67,4.84,0.44,1.97,4.23,0.43,0.03,0.69,0.74,1291.19
61.14,0.64,14.56,15.61,0.43,0.04,1.6,1.73,0.17,0.01,2.25,0.35,0.03,0.56,0.86,1229.42
69.73,0.58,8.98,4.3,0.54,0.01,1.44,3.85,0.46,3.57,3.68,0.14,0.05,2.46,0.2,1196.12
83.39,0.23,2.26,2.77,1.5,0.02,1.57,3.73,0.6,3.43,0.09,0.31,0.03,0.03,0.03,797.24
58.87,0.33,12.38,15.85,0.61,0,1.87,1.73,0.11,2.46,3.84,0.22,0.01,0.73,0.99,1120.9
53.41,0.24,10.36,18.51,0.29,0.05,1.89,4.42,0.21,3.17,3.8,0.99,0.01,2.3,0.34,1107.95
65.24,0.95,8.37,10.75,1.99,0.02,1.23,1.83,0.39,3.48,4.69,0.54,0.04,0.27,0.21,1471.97
78.4,0.61,0.36,5.06,1.03,0,0.53,2.57,0.57,4.63,3.23,0.41,0.05,2.35,0.2,1110.28
58.19,0.68,14.21,14.78,1.25,0.05,1.07,0.57,0.83,1.26,3.89,0.96,0.03,1.79,0.46,1282.76
67.29,0.44,6.35,12.73,1.5,0.03,0.4,2.47,0.79,2.38,2.68,0.77,0.03,1.23,0.9,1087.04
53.34,0.88,14.6,17.18,1.98,0.01,1.42,0.58,0.41,4.24,1.84,0.59,0.03,1.94,0.97,1627.5
58.52,0.08,10.33,17.26,0.96,0,1.12,1.66,0.15,4.25,2.61,0.93,0.04,2.08,0.01,827.52
80.76,1.09,3.14,5.72,1.03,0.01,0.42,3,0.09,0.29,1.86,0.72,0.03,1.27,0.57,1380.92
70.25,0.44,16.85,1.1,1.35,0.04,1.61,0.92,0.3,3.59,0.42,0.81,0.04,2.19,0.1,1070.61
84.65,1,0.75,0.46,0.75,0.01,1.12,4.59,0.39,4.22,0,0.17,0,0.98,0.91,1474.36
68.98,0.13,10.92,9.03,1.88,0.01,0.42,0.15,0.43,1.39,4.35,0.6,0.03,1.6,0.09,712.37
62.34,0.57,12.19,17.49,1.5,0.05,0.11,0.06,0.66,1.45,1.27,0.33,0.01,1.53,0.44,1150.91
66.73,0.62,12.11,7.74,0.5,0.01,0.7,3.71,0.76,3.33,1.17,0.59,0.03,1.45,0.55,1398.16
67.94,0.86,1.97,14.99,0.27,0,1.95,4.78,0.06,2.22,0.93,0.49,0.04,2.85,0.63,1413.41
70.63,0.43,10.86,6.24,1.82,0.04,1.12,1.62,0.29,0.17,4.08,0.45,0.02,1.41,0.82,952.43
74.6,0.45,5.99,3.52,1.21,0.02,1.73,0.16,0.64,3.81,3.8,0.89,0.04,2.78,0.33,953.55
88.12,0.61,0.25,0.14,0.48,0.01,0.52,0.89,0.03,4.55,0.04,0.74,0.01,2.74,0.89,992.56
51.95,0.02,17.73,17.56,1.79,0.03,0.69,4.47,0.29,2.81,0.5,0.92,0.01,0.67,0.56,1052.48
67.53,0.92,11.15,4.64,0,0.04,1.97,4.05,0.46,4.52,2.05,0.52,0.02,1.34,0.78,1498.67
71.23,0.32,0.68,11.66,0.46,0.01,1.31,3.41,0.75,2.52,4.47,0.94,0.04,1.91,0.3,943.77
75.1,1.18,4.93,4.05,0.88,0,1.96,2.94,0.56,3.28,2.49,0.03,0.03,2.15,0.42,1595
76.88,0.27,2.91,7.44,1.69,0.04,0.77,2.95,0.72,1.21,0.84,0.97,0.03,2.94,0.34,834.27
80.19,0.85,4.01,5.22,1.02,0.02,0.34,1.31,0.04,3.52,2.46,0.09,0.01,0.31,0.61,1235.68
61.52,0.03,4.49,17.81,1.44,0,1.64,2.47,0.85,3,3.41,0.99,0.01,1.87,0.46,841.3
84.09,0.06,0.26,2.38,1.3,0.03,1.11,0.16,0.47,4.62,1.99,0.62,0.04,2.35,0.52,529.75
75.57,1.07,4.32,5.6,0.11,0.04,0.83,1.15,0.23,4.51,4.17,0.55,0.03,1.42,0.39,1463.37
77.23,1.1,2.26,8.37,0.69,0.02,0.92,2.59,0.14,2.57,1.21,0.18,0,2.29,0.43,1503.13
72.94,0.82,8.47,7.76,0.75,0.03,0.99,4.25,0.87,0.85,0.68,0.63,0.02,0.06,0.89,1402.18
58.02,0.28,16.73,14.35,1.53,0.01,0.47,2.61,0.17,1.53,1.61,0.16,0.01,2.37,0.17,1063.68
77.28,1.17,5.96,2.37,1.14,0.05,1.57,3.11,0.32,2.71,0.46,0.68,0.04,2.9,0.26,1533.2
60.85,0.03,9.82,14.14,1.58,0.01,0.52,2.56,0.33,4.3,2.37,0.8,0.03,2.32,0.33,846.21
75.55,0.66,3.85,9.51,0.64,0.01,1.93,0.8,0.79,4.92,0.1,0.7,0.01,0.12,0.4,1199.45
70.91,1.12,0.21,11.76,1,0.04,0.17,3.41,0.68,3.35,4.71,0.82,0,1.41,0.4,1570.33
59.04,0.47,7.78,19.59,0.18,0.05,0.96,3.12,0.83,1.8,2.15,0.41,0.02,2.78,0.83,1139.04
77.74,0.14,1.95,8.56,0.2,0.03,0.29,2.61,0.01,1.58,3.39,0.48,0.05,2.62,0.36,656.15
61.45,1.09,4.24,18.17,0.62,0.05,0.56,4.77,0.05,3.55,2.66,0.48,0.01,2.12,0.19,1642.95
64.29,0.67,4.56,19.11,0.06,0.01,0.48,2.07,0.23,2.46,4.36,0.71,0.03,0.27,0.69,1256.85
71.62,0.31,7.51,7.01,1.72,0.01,1.13,0.71,0.7,4.53,2.17,0.49,0.05,1.56,0.49,923.79
70.31,0.7,12.41,2.14,1.64,0.02,0.14,3.93,0.38,0.5,3.17,0.88,0.04,2.87,0.87,1264.59
65.43,0.73,10.91,7.3,1.81,0.03,0.93,4.99,0.49,0.89,2.57,0.81,0.04,2.37,0.71,1426.64
50.01,0.31,15.52,17.87,0.39,0.01,1.95,4.34,0.89,4.43,2.71,0.65,0.03,0.15,0.75,1391.26
73.05,0.61,8.85,3.44,0.56,0.01,0.39,4.86,0.15,1.35,2.95,0.61,0.01,2.38,0.79,1205.82
64.27,0.29,5.2,18.76,1.65,0.03,0.16,2.09,0.56,0.94,2.24,0.6,0.02,2.34,0.84,979.18
68.43,0.13,15.08,3.06,0.17,0.03,0.94,4.54,0.36,1.44,2.5,0.46,0.02,2.08,0.76,877.43
57.76,1.03,17.51,5.33,1.43,0.02,1.35,2.38,0.99,3.64,4.76,0.83,0.05,2.44,0.46,1708.32
69.02,0.03,9.43,10.1,1.05,0.05,1.82,0.81,0.37,2.12,1.8,0.8,0.03,1.72,0.85,653.62
72.09,0.97,2.38,14.28,0.87,0.01,0.1,2.44,0.36,1.26,3.47,0.77,0.01,0.15,0.85,1359.64
86.71,0.3,0.16,4.71,0.28,0.03,0.33,2.64,0.59,1.49,0.18,0.04,0,2.22,0.32,743.04
72.51,0.96,7.77,9.06,1.03,0.04,0.55,0.61,0.56,1.63,2.21,0.65,0.02,1.86,0.54,1382.78
55.95,0.65,12.22,17.47,0.86,0.02,1.53,2.91,0.07,4.46,0.15,0.75,0.04,2.86,0.05,1417.53
70.49,0.72,7.7,6.61,0.18,0.03,0.96,0.52,0.61,3.69,3.84,0.91,0.02,2.86,0.87,1211.9
70.04,0.53,7.23,11.51,1.17,0.04,1.02,0.52,0.86,1.55,4.86,0.12,0.05,0.27,0.23,1024.83
56.11,0.07,12.69,17.01,0.87,0.05,1.18,3.15,0.85,1.48,1.77,0.91,0.05,2.93,0.9,933.35
62.17,0.5,17.83,9.45,1.11,0.03,0.64,0.38,0.9,4.01,0.7,0.78,0.03,1.23,0.25,1192.33
60.97,1.03,12.6,10.95,1.22,0,0.95,0.97,0.21,3.31,4.56,0.4,0.01,1.95,0.87,1642.27
71.1,0.65,13.53,2.8,0.7,0.02,1.02,4.65,0.87,0.67,0.86,0.36,0.01,1.84,0.9,1312.39
59.25,1.16,11.76,16.76,1.05,0.01,1.05,2.78,0.74,1.1,1.84,0.36,0.05,1.33,0.76,1723.13
53.91,0.69,16.1,9.5,1.89,0.01,0.15,4.46,0.85,4.96,3.4,0.94,0.04,2.53,0.57,1609.53
61.96,0.47,16.82,8.64,1.08,0.02,1.13,2.35,0.05,4.41,2.22,0.59,0.01,0.01,0.25,1195.81
79.68,1.09,3.87,4.09,0.36,0,1.54,4.38,0.61,0.94,1.43,0.48,0.05,0.74,0.73,1500.85
70.58,0.53,5.36,9.12,0.14,0.04,0.49,3.63,0.07,4.78,0.97,0.88,0.04,2.9,0.48,1104.86
73.62,0.23,7.98,3.31,1.96,0,1.18,3.13,0.54,3.31,0.58,0.56,0.01,2.82,0.76,968.96
78.68,1.17,0.68,5.7,0.39,0,0.48,3.39,0.23,2.55,4.44,0.69,0.02,1.12,0.46,1531.6
59.54,0.44,15.34,15.13,1.22,0.02,0.42,3.88,0.49,1.12,0.98,0.17,0.04,0.69,0.53,1177.8
59.42,0.55,10.43,17.54,1.74,0.02,0.03,2.13,0.61,2.79,3.26,0.15,0.03,0.55,0.75,1308.16
66.03,0.07,7.34,14.1,0.45,0.04,1.26,2.94,0.35,2.41,2.99,0.47,0.03,1.3,0.2,742.14
76.86,0.26,0.1,6.02,1.5,0.04,0.4,4.8,0.5,4.58,3.53,0.72,0,0.66,0.01,873.76
67.38,0.95,6.1,16.39,0.26,0.01,0.68,2.04,0.35,3.82,0.48,0.35,0.04,0.2,0.94,1522.51
76.58,1.18,1.59,5.83,0.74,0.04,1.19,3.22,0.76,0.59,4.17,0.71,0.03,2.67,0.7,1524.6
68.5,0.6,0.99,19.09,0.26,0.03,1.01,0.13,0.92,4.26,2.62,0.23,0.01,1.09,0.26,1087.35
54.36,0.61,17.4,11.5,1.78,0.03,0.95,4.27,0.47,4.34,1.46,0.13,0.04,1.76,0.89,1429.06
65.45,0.75,14.28,5.61,1.11,0.04,0.27,4.07,0.61,4.75,1.7,0.11,0.03,0.26,0.97,1489.78
62.91,0.06,13.56,10.5,0.74,0,1.24,2.93,0.28,4.55,1.52,0.45,0.03,0.3,0.93,900
64.74,0.47,10.8,10.27,1.39,0,0.57,4.1,0.08,4.28,0.46,0.83,0.02,1.84,0.15,1200.78
78.68,0.09,3.89,2.56,0.62,0.03,1.18,3.95,0.66,3.04,2.06,0.47,0.02,2.53,0.23,722.78
84.27,1.03,1.38,2.13,0.99,0.03,0.55,3.58,0.59,1.62,0.13,0.75,0.01,2.5,0.42,1352.87
53.59,0.7,15.71,17.27,0.74,0.01,1.55,2.17,0.19,4.52,0.99,0.03,0,1.87,0.66,1468.24
76.33,0.41,12.24,1.16,1.86,0.01,2,0.86,0.77,1.12,0.4,0.87,0.04,1.21,0.7,922.47
64.85,0.67,15.35,6.3,1.05,0.02,0.71,4.46,0.17,0.75,2.88,0.66,0.01,1.17,0.95,1378.86
58.96,0.89,8.07,18.75,1.47,0.02,1.14,3.46,0.59,4.39,1.78,0.3,0.01,0.11,0.04,1558.04
56.44,1.05,12.21,13.21,1.23,0.04,0.96,4.35,0.36,4.63,3.49,0.26,0.03,1.6,0.14,1708.94
54.35,0.07,17.08,12.83,1.75,0.03,0.71,2.56,0.68,4.8,1.27,0.87,0.05,2.01,0.93,1056.78
59.59,0.48,17.15,14.06,0.08,0.05,0.97,2.3,0.57,0.75,2.35,0.83,0,0.82,0,1213.66
55.09,0.96,17.01,12.17,0.51,0.05,1.55,2.87,0.7,4.62,3.56,0.37,0.04,0.12,0.39,1687.1
78.61,0.49,3,0.46,0.27,0.03,1.6,4.94,0.35,3,4.69,0.17,0.04,2.26,0.09,1039.44
89.42,0.05,1.64,0.98,0.67,0.03,1.06,1.34,0.91,1.84,0.23,0.3,0.03,1.22,0.27,489.24
47.81,0.17,14.74,19.92,0.66,0.02,1.24,3.59,0.39,4.52,2.8,0.45,0.03,2.86,0.79,1164.96
64.58,0.57,5.66,14,1.65,0.04,1.98,1.36,0.87,3.83,1.81,0.73,0.01,2.37,0.53,1222.61
59.49,0.36,11.8,12.83,0.42,0,0.87,2.85,0.88,4.64,2.64,0.75,0.02,2.24,0.2,1217.02
56.15,0.03,13,16.71,0.8,0.02,1.7,3.88,0.29,1.62,3.39,0.56,0.01,0.93,0.9,895.92
56.21,0.83,17.75,15.34,1.88,0.01,1.54,0.1,0.67,2.35,1.73,0.86,0.04,0.07,0.61,1470.81
62.51,1,5.58,18.86,0.36,0.03,1.34,1.26,0.32,4.17,3.81,0.33,0.03,0.19,0.21,1473.32
61.26,0.59,1.55,16.87,1.44,0.05,1.39,4.7,0.55,3,4.88,0.64,0,2.17,0.91,1339.33
66.62,0.81,17.82,1.81,1.33,0.01,1.28,3.04,0.15,1.03,3.11,0.13,0.01,2.51,0.33,1449.29
63.98,0.59,16.94,4.54,0.78,0.03,1.51,4.51,0.92,3.88,1.14,0.02,0.02,0.42,0.71,1390.93
71.02,1.01,4.48,8.64,1.34,0.02,0.88,0.33,0.4,3.82,4.58,0.41,0.02,2.11,0.94,1457.3
62.84,0.33,7.92,15.92,1.22,0.01,1.26,0.93,0.51,2.65,4.38,0.46,0.01,0.69,0.87,1021.95
60.63,0.23,13.92,9.49,0.7,0.02,1.7,2.77,0.72,4.49,4.51,0.33,0.05,0.07,0.38,1031.24
76.6,1.08,4.94,5.46,0.61,0.03,0.88,3.63,0.89,3.37,1.02,0.93,0.01,0.45,0.09,1495.49
75.52,0.18,5.4,5.63,1.21,0.04,1.52,1.31,0.25,4.83,0.04,0.88,0.01,2.84,0.34,775.26
67.52,0.53,12.73,11.75,0.64,0.03,1.46,0.21,0.01,2.29,0.66,0.66,0.01,1.3,0.2,1040.57
68.12,0.04,0.92,19.09,0.28,0.04,0.14,0.54,0.51,2.32,4.76,0.94,0.04,1.81,0.45,626.38
57.89,0.43,17.05,12.06,1.16,0.01,0.09,4.73,0.31,2.21,0.57,0.84,0,2.5,0.14,1269.03
70.32,0.21,10.18,6.25,0.36,0.04,0.81,1.99,0.17,1.92,4.36,0.36,0.05,2.84,0.14,804.12
62.37,0.22,15.53,7.86,0.01,0.01,1.2,4,0.13,0.55,4.61,0.75,0.03,2.31,0.43,948.19
59.66,0.3,13.12,8.39,1.96,0.02,1.84,4.66,0.24,3.99,2.17,0.92,0.02,2.23,0.47,1217.49
77.29,0.28,3.59,8.51,1.51,0.03,1.38,1.41,0.48,0.22,4.09,0.99,0.02,0.03,0.17,787.44
67,0.95,4.57,15.27,1.38,0.02,1.09,0.74,0.45,4.41,2.11,0.84,0.03,0.58,0.58,1511.02
76.74,0.61,7.18,2.39,0.83,0,0.2,2.08,0.31,4.63,1.88,0.76,0.03,2.11,0.26,1127.85
76.06,1,6.57,2,1.35,0,0.95,0.96,0.63,4.9,2.32,0.82,0.03,1.49,0.93,1490.06
65.86,1.07,14.14,5.93,1.09,0.01,0.89,2.42,0.83,4.48,2.07,0.02,0.04,0.52,0.62,1683.95
78.28,1.18,1.81,8.47,0.61,0.05,1.74,1.19,0.08,3.14,1.68,0.67,0,0.4,0.69,1479.55
68.85,0.26,15.44,1.17,0.43,0.05,0.87,3.51,0.18,3.05,3.63,0.31,0.04,1.81,0.39,1016.48
71.73,0.21,7.25,6.87,0.8,0.04,0.97,4.7,0.29,2.08,3.93,0.55,0.03,0.16,0.4,930
63.17,0.33,17.99,6.17,1.77,0.03,0.68,2.72,0.84,4.42,0.8,0.34,0.02,0.13,0.6,1153.53
71.62,0.89,11.3,7.51,0.28,0.04,1.71,3.43,0.02,1.08,0.35,0.57,0.04,0.33,0.84,1417.73
53.89,0.67,12.42,19.43,0.17,0.05,0.25,1.96,0.85,4.53,2.53,0.59,0.04,2.5,0.12,1407.42
64.69,0.55,7.63,10.18,1.89,0.03,1.91,0.9,0.72,4.06,3.4,0.61,0.03,2.58,0.82,1255.06
66.66,0.16,15.27,8.28,0.51,0.04,0.86,4.04,0.26,0.02,2.48,0.1,0.04,0.83,0.44,854.2
69.09,0.94,2.73,12.94,1.83,0.03,1.62,0.54,0.25,4.47,3.58,0.64,0.03,1.24,0.04,1378.12
64.35,0.94,12.22,9.46,1.8,0.02,0.59,4.36,0.8,2.57,0.65,0.22,0.03,1.16,0.84,1663.86
85.33,0.43,3.01,0.67,0.77,0.05,0.48,1.03,0.97,0.13,3.93,0.32,0,2.75,0.14,757.02
80.75,0.67,4.93,1.3,0.1,0.01,0.14,3.8,0.49,1.71,2.09,0.93,0.05,2.15,0.88,1093.97
69.92,0.74,11.23,9.63,0.8,0.05,1.64,2.17,0.73,1.35,0.5,0.35,0.02,0.05,0.81,1250.22
73.33,0.44,10.45,1.48,0.35,0.04,1.22,4.75,1,1.86,1.49,0.86,0.05,1.89,0.8,1073.68
64.69,0.69,15,13.76,0.04,0.02,0.29,1.16,0.91,0.18,1.1,0.31,0.03,1.6,0.22,1282.13
74.48,0.21,4.26,10.05,0.54,0.05,0.93,0.29,0.73,1.64,3.27,0.28,0.03,2.32,0.93,704.5
56.02,0.56,16.69,18.03,0.18,0.01,0.99,0.53,0.35,0.74,3.18,0.95,0.05,1.13,0.6,1185.12
75.32,1.03,2.11,13.79,0.82,0.01,0.81,0.38,0.7,1.26,1.56,0.12,0.04,1.48,0.57,1300.59
72.26,0.24,13.41,2.54,0.21,0.04,0.42,1.53,0.48,2.25,3.54,0.62,0.03,2.14,0.29,873.19
78.37,0.39,7.88,6.15,1.97,0.04,0.33,0.03,0.04,1.22,0.57,0.53,0.04,2.21,0.22,796
55.73,0.97,15.1,18.19,1.02,0.03,0.22,2.83,0.25,2.16,3.17,0.26,0,0.03,0.02,1550.79
80.04,0.02,1.99,4.79,0.44,0.05,0.61,0.64,0.55,4.29,3.39,0.3,0.03,2.14,0.73,581.8
65.71,1.05,10.42,8.6,1.28,0.04,0.01,4.96,0.18,2.35,4.36,0.23,0.02,0.4,0.4,1639.7
77.38,0.22,6.55,7.47,1.99,0.05,0.23,3.63,0.05,0.15,0.53,0.97,0.05,0.58,0.16,738.63
68.78,0.69,3.99,15.13,0.62,0.05,1.31,2.18,0.79,4.09,1.45,0.34,0.05,0.49,0.04,1192.68
59.1,0.55,14.42,15.43,1.84,0.03,0.2,2.94,0.78,0.47,0.86,0.01,0.03,2.66,0.67,1295.92
60.35,1.06,13.64,11.27,0.24,0.03,0.71,3.96,0.76,4.55,0.07,0.81,0.05,2.37,0.13,1712.74
70.16,0.11,0.38,12.57,1.26,0.05,0.8,1.66,0.62,4.13,4.68,0.8,0.02,1.9,0.86,722.37
76.28,0.21,0,14.36,0.22,0.01,0.6,2.8,0.4,3.37,0.28,0.12,0.02,1.01,0.3,776.59
54.54,0.09,16.12,13.84,0.24,0,1.95,3.41,0.42,3.51,3.78,0.78,0.02,1.29,0.01,1010.14
51.64,0.25,16.55,18.3,1.98,0.04,2,1.22,0.84,4.12,1.15,0.1,0.05,0.89,0.87,1187.28
83.65,0.01,0.38,9.32,0.48,0.03,1.13,0.39,0.16,1.94,0.93,0.79,0.02,0.28,0.48,459.69
62.64,1.11,14.87,6.68,0.54,0.03,1.44,4.97,0.13,0.25,3.47,0.83,0.04,2.04,0.95,1694.66
52.49,0.62,16.45,19.36,1.69,0.02,0.39,2.74,0.45,4.39,0.5,0.26,0.04,0.28,0.32,1501.55
67.62,0.2,15.49,8.95,1.83,0.02,0.55,0.71,0,2.66,0.54,0.39,0.03,0.83,0.18,802.3
65.79,0.93,17.04,2.01,0.31,0.05,0.08,4.89,0,4.37,1.54,0.94,0.02,1.96,0.08,1590.16
55.27,0.64,16.7,8.58,1.74,0.02,1.96,4.8,0.33,4.43,4.24,0.21,0.03,0.22,0.84,1516.21
76.22,0.22,1.27,8,1.15,0.04,1.95,2.2,0.06,3.75,2.83,0.45,0.02,1.51,0.34,785.12
69.39,1.05,9.78,4.77,1.7,0.03,0.41,3.12,0.36,4.22,2.27,0.73,0,1.19,0.98,1677.67
74.09,0.97,2.88,5.56,0.66,0.03,1.51,3.75,0.51,4.05,2.19,0.12,0.03,2.86,0.79,1538.15
72.07,1.12,7.71,6.63,1.95,0.04,0.65,2.32,0.42,0.75,4.79,0.4,0.04,0.57,0.55,1550.11
64.58,0.04,13.76,11.62,1.25,0,0.42,0.37,0.29,3.14,2.83,0.61,0.03,0.82,0.24,721.57
53.67,0.22,15.71,14.85,1.32,0.02,0.52,4.9,0.8,1.51,4.24,0.76,0.01,1.28,0.19,1156.26
65.61,0.14,13.01,5.35,1.64,0.05,0.15,2.37,0.8,3.94,3.8,0.35,0.02,1.78,0.97,952.94
61.21,0.33,17.8,13.41,0.93,0.03,0.55,1.37,0.11,0.57,1.74,0.76,0.03,0.31,0.85,1010.34
63.3,0.73,17.3,13.4,0.35,0.02,1.3,0.14,0.01,0.65,1.26,0.43,0.02,0.41,0.67,1216.44
78.48,0.03,1.4,7.83,0.31,0.02,1.26,2.74,0.23,1.72,3.07,0.86,0.04,1.66,0.36,592.54
73.44,0.44,15.83,0.78,1.98,0.03,1.36,0.19,0.61,2.42,0.53,0.28,0.04,1.65,0.41,1005.95
65.06,0.85,11.05,10.21,0.87,0.03,0.47,4.71,0.59,1.56,2.25,0.81,0.01,0.88,0.68,1484.3
68.59,0.39,14.27,2.61,1.53,0,0.03,4.49,0.58,1.76,1.16,0.62,0.03,2.97,0.98,1104.24
74.2,0.59,12.28,2.03,0.66,0,0.15,0.98,0.49,3.92,2.43,0.34,0,1.65,0.27,1195.9
62.07,0.74,17.59,2.23,0.42,0.02,1.94,3.86,0.9,1.67,4.96,0.1,0,2.57,0.93,1525.01
57.23,0.93,9.63,15.95,1.19,0.02,1.12,2.67,0.82,4.91,2.06,0.76,0,2.33,0.37,1678.49
68.62,0.06,6.54,12.21,0.24,0.05,0.16,4.65,0.71,1.65,1.95,0.74,0.03,2.01,0.39,784.87
76.94,0.26,7.52,5.84,1.53,0.04,0.58,0.41,0.01,2.14,2.05,0.99,0.02,0.77,0.89,761.34
74.65,0.59,10.79,1.91,0.77,0.05,1.18,1.72,0.63,4.55,1.37,0.51,0.05,0.52,0.72,1202.44
69.83,0.43,5.65,13.68,0.43,0.02,0.38,0.04,0.97,2.16,4.85,0.14,0.03,0.6,0.79,1007.91
66.05,0.94,2.03,18.24,0.39,0.03,1.97,4.41,0.96,1.71,0.53,0.19,0.03,2.38,0.15,1470.43
64.96,0.42,11.91,9.34,1.62,0.01,1.58,0.32,0.19,3.28,4.27,0.25,0.02,1.61,0.21,1091.79
71,0.98,13.93,2.91,0.93,0.04,0.67,3.17,0.05,3.04,0.76,0.83,0.02,0.84,0.84,1506.09
63.18,0.45,5.13,18.24,1.5,0,1.43,2.64,0.9,1.56,2.87,0.5,0.02,1.37,0.21,1116.6
56.79,0.91,8.12,19.17,0.52,0.03,1.88,3.32,0.87,4.14,1.8,0.6,0.01,1.61,0.23,1631.74
59.81,0.5,4.84,19.97,0.14,0,0.43,4.86,0.98,3.27,4.4,0.21,0.05,0.43,0.1,1318.61
61.56,0.14,10.32,15.62,0.73,0.05,0.87,0.75,0.47,3.4,4.16,0.46,0.03,0.8,0.65,872.4
58.53,0.31,17.19,9.67,0.66,0.01,0.49,4.16,0.61,4.57,1.16,0.12,0,1.52,1,1268.22
66.03,0.84,5.55,17.54,1.56,0,1.63,1.5,0.15,1.13,2.34,0.42,0.01,0.52,0.76,1334.11
75.55,0.27,2.46,11.03,1.21,0.04,1.36,1.46,0.33,3.41,1.75,0.21,0.02,0.82,0.09,780.3
69.58,1,15.36,4.4,0.13,0.04,0.42,1.97,0.06,1.13,3.96,0.8,0.01,1.01,0.13,1453.26
53.3,0.92,15.12,16.13,0.03,0.01,1.31,1.88,0.98,3.33,4.78,0.2,0.04,0.96,0.99,1731.55
63.27,0.2,9.29,15.86,0.87,0.02,1.97,2.13,0.6,0.27,4.21,0.65,0.02,0.05,0.59,866.24
76.23,0.24,11.76,1.07,0.63,0.01,1.16,3.31,0.72,1.28,0.45,0.08,0.02,2.84,0.22,870.2
71.99,0.32,1.82,12.11,1.36,0.03,1.72,2.43,0.13,1.45,3.31,0.61,0.03,2.05,0.64,882.28
68.94,0.94,4.48,13.56,1.8,0.02,1.56,3.62,0.06,2.91,0.65,0.97,0.04,0.33,0.12,1487.28
76.63,0.72,6.21,0.7,1.08,0.02,0.2,4.01,0.92,3.78,4.11,0.22,0.01,0.63,0.77,1306.23
67.21,1.06,11.5,7.75,0.85,0,0.06,3.48,0.44,2.76,2.79,0.28,0.02,1.41,0.39,1620.22
69.8,0.99,8.12,12.07,1.79,0.04,1.78,1.35,0.03,1.31,1.39,0.91,0.03,0.25,0.14,1411.81
53.43,0.89,15.47,18.81,0.4,0.02,0.48,1.79,0.91,2.88,3.69,0.49,0,0.19,0.54,1589.38
65.14,0.87,3.88,14.44,1.62,0.02,1.49,2.02,0.68,3.82,4.96,0.35,0.02,0.5,0.2,1464.07
75.88,0.48,3.24,5.7,0.91,0.01,0.47,3.68,0.01,2.7,3.97,0.27,0.03,2.01,0.66,1027.7
69.12,0.54,6.24,16.72,1.52,0.02,0.21,0.36,0.09,2.91,0.26,0.34,0.04,0.88,0.76,1043.67
63.52,0.88,13.46,7.95,0.42,0.03,1.84,3.2,0.17,3.41,2.14,0.59,0.04,1.54,0.81,1545.54
71.45,0.87,11.07,3.02,1.67,0.05,0.27,2.44,0.26,3.77,3.61,0.14,0.04,0.54,0.8,1346.11
73.07,0.2,3.02,13.24,1.1,0.01,0.23,0.36,0.74,3.56,0.29,0.56,0,2.71,0.91,787.34
56.97,0.84,16.67,16.23,1.66,0.03,0.61,1.09,0.33,3.14,0.86,0.26,0.02,0.7,0.59,1521.76
73.48,0.8,10.49,9.76,0.37,0.04,0.5,0.46,0.75,0.88,1.86,0.03,0.01,0.52,0.05,1213.9
64.12,0.79,15.07,7.47,1.75,0.01,0.65,0.75,0.62,2.1,3.07,0.76,0.03,1.88,0.94,1371.89
73.53,0.86,11,3.57,0.75,0.02,0.84,0.89,0.92,3.81,2.41,0.68,0.04,0.41,0.25,1305.22
67.74,0.66,14.38,0.73,1.97,0.02,0.72,1.46,0.17,3.96,4.78,0.41,0.05,2.47,0.48,1241.3
74.39,0.67,1.04,13.93,0.11,0.04,1.65,1.19,0.32,2.41,2.98,0.29,0.03,0.89,0.06,1134.34
71.03,0.01,1.82,15.85,1.92,0.02,1.03,0.73,0.55,0.72,3.06,0.93,0.01,2.29,0.02,563.37
77.11,0.43,3.12,7.47,0.84,0.02,1.31,4.59,0.4,0.96,1.35,0.85,0.03,1.37,0.15,957.92
60.85,0.55,5.01,18.86,1.77,0,1.03,1.13,0.41,4.38,2.64,0.33,0.01,2.4,0.62,1193.45
59.45,0.41,17.28,10.4,0.8,0.03,1.56,1.7,0.18,2.92,3.33,0.71,0.04,1.11,0.08,1120.82
65.55,1.15,7.83,12.47,1.33,0.03,0.41,3.78,0.8,2.76,2.44,0.11,0,1.02,0.31,1726.53
59.19,0.21,17.61,7.5,0.21,0.02,1.75,4.44,0.01,4.43,1.36,0.04,0.04,2.59,0.6,1156.41
52.26,0.69,14.64,15.73,1.78,0.03,1.94,4.98,0.12,4.25,2.5,0.39,0.03,0.17,0.51,1566.72
58.67,0.52,16.91,8.57,0.72,0.02,1.04,3.16,0.8,2.26,4.09,0.53,0.02,1.97,0.72,1323.76
85.98,0.67,1.02,3.4,0.57,0.01,1.35,0.09,0.76,1.33,1.55,0.53,0.01,2.65,0.09,985.64
78.21,0.74,5.26,8.42,1.41,0.05,1.79,1.71,1,0.02,0.14,0.82,0.01,0.18,0.24,1142.28
57.34,0.52,13.15,12.49,0.48,0.03,1.85,4.08,0.32,4.91,3.54,0.06,0,0.51,0.73,1378.8
62.9,0.12,16.58,6.88,1.82,0.05,0.01,2.32,0.02,4.54,2.59,0.07,0.01,1.15,0.94,906.61
65.75,0.83,15.62,7.33,0.09,0.05,0.03,4.74,0.37,0.05,3.45,0.98,0.05,0.48,0.18,1458.89
61.34,0.89,3.26,19.18,1.28,0.04,1.08,2.07,0.98,2.91,4.33,0.95,0.03,1.65,0,1489.92
82.29,0.06,3.62,3.72,0.51,0.02,0.72,2.1,0.1,0.21,3.37,0.54,0.02,1.9,0.83,594.78
58.96,1.14,15.11,8.52,1.29,0.01,1.12,4.91,0.52,4.64,2.04,1,0.03,0.13,0.59,1859.25
70.68,0.34,0.58,16.42,0.55,0.04,0.58,0.97,0.97,1.81,3.01,0.61,0.03,2.74,0.67,907.98
59.81,0.23,9.8,19.01,1.25,0.04,1.31,4.2,0.94,1.36,0.85,0.48,0.04,0.68,0,1014.15
54.62,0.42,17.44,13.9,0.8,0.01,0.71,0.85,0.11,4.53,4.99,0.16,0,0.99,0.46,1201.98
57.31,0.25,13.94,14.25,1.27,0.02,1.82,4.85,0.17,1.12,2.63,0.09,0.02,1.75,0.52,1076.03
66.09,0.4,9.76,19.18,0.41,0.03,0.09,0.33,0.55,0.52,0.11,0.17,0.03,2.11,0.2,906.26
64.6,0.74,7.42,13.08,1.99,0.05,0.01,4.43,0.07,4.77,1.41,0.38,0,0.34,0.73,1453.86
66.98,1.13,10.99,14.32,1.52,0.01,0.09,0.01,0.35,1.21,0.31,0.18,0.01,2.74,0.14,1607.01
80.53,0.66,1.78,6.38,0.1,0.02,0.38,2.81,0.69,2.66,2.17,0.39,0.04,0.66,0.73,1127.12
72.94,0.91,7.55,5.95,0.94,0,0.09,0.56,0.19,2.52,4.25,0.24,0.05,2.86,0.96,1317.12
68.22,0.1,10.24,11.17,1.7,0.05,1.02,1.73,0.19,0.02,2.55,0.56,0.04,1.51,0.92,762.37
71.49,0.76,15.13,2.97,1.71,0.03,0.34,0.95,0.93,0.16,2.31,0.31,0.03,2.52,0.36,1252.59
65.21,0.94,16.15,8.78,0.47,0.02,1.43,0.55,0.27,0.23,2.16,0.83,0,2.03,0.93,1446.1
54.57,0.29,12.49,19.5,1.92,0.01,0.2,0.74,0.7,3.63,3.37,0.34,0.01,1.74,0.48,1099.98
79.71,0.41,5.28,4.23,0.53,0,0.69,0.18,0.19,3.73,1.63,0.67,0.04,1.74,0.96,924.71
55.8,0.04,13.3,19.18,1.72,0.01,0.65,0.86,0.6,3.56,1.59,0.54,0.03,1.26,0.85,866.41
53.72,0.67,17.22,17.58,0.81,0.01,0.47,2.66,0.11,2.75,0.01,0.32,0.01,2.91,0.73,1466.32
72.05,0.43,1.67,10.34,0.43,0.03,1.67,3.08,0.63,2.71,4.64,0.93,0.03,0.92,0.46,1028.16
80.17,0.61,1.86,3.95,0.96,0.04,1.13,3.41,0.34,2.86,2.24,0.66,0,1.48,0.3,1035.68
64.66,0.4,17.3,3.65,0.62,0.03,1.73,2.08,0.74,4.28,1.55,0.39,0.02,2.5,0.04,1173.74
65.76,0.68,7.85,10.8,0.4,0.02,1,4.51,0.26,4.34,3.22,0.02,0.04,0.11,1,1350.72
76.02,1.05,5.35,5.15,0.76,0.02,0.74,1.59,0.62,0.82,4.23,0.81,0.02,2.56,0.25,1391.92
58.88,0.55,10.21,17.99,1.94,0.03,1.53,0.42,0.16,3.67,2.16,0.45,0.02,1.82,0.19,1213.41
83.12,0.76,3.13,1.28,0.66,0.01,1.78,0.27,0.18,2.74,2.41,0.05,0,2.96,0.66,1080.89
73.18,0.33,6.21,12.98,1.77,0.01,1.68,0.61,0.21,0.19,0.7,0.92,0.02,0.23,0.96,786.38
52.54,1.06,13.58,18.67,0.44,0.04,1.38,4.35,0.8,1.73,3.87,0.26,0.02,0.32,0.94,1814.99
60.09,0.48,17.28,6.7,1.56,0.04,0.87,1.89,0.75,4.56,3.77,0.23,0.04,1.16,0.58,1202.76
70.63,1,3.39,15.69,1.19,0.04,0.34,2.1,0.83,0.1,0.56,0.99,0.01,2.93,0.18,1435.13
69.84,0.79,10.46,10.6,1.69,0.01,0.88,0.78,0.6,1.25,1.67,0.47,0,0.28,0.69,1289.11
55.82,0.52,15.57,13.89,0.02,0.03,0.19,3.9,0.99,2.66,3.41,0.24,0.02,2.57,0.17,1316.76
66.69,0.86,6.77,18.55,0.19,0.02,1.42,1.13,0.66,0.82,0.28,0.12,0.05,1.66,0.8,1294.02
66.13,0.41,10.67,9.9,1.89,0.04,1.46,0.23,0.55,2.33,4.64,0.26,0.01,1.23,0.24,1051.22
72.89,1,5.08,10.95,0.17,0.05,0.81,1.97,0.3,2.3,1.26,0.37,0.04,2.5,0.3,1387.42
68.21,0.57,15.73,1.05,1.78,0.01,1.36,2.91,0.55,4.3,0.51,0.35,0.03,2.43,0.22,1259.38
70.85,0.23,13.66,1.82,1.03,0,0.71,3.01,0.56,2.02,2.15,0.23,0.02,2.86,0.85,980.67
66.17,0.18,0.54,18.67,1.05,0.03,1.56,1.57,0.48,4.84,3.36,0.15,0.01,0.61,0.77,884.18
68.77,1.11,15.83,9.14,0.82,0.03,0.49,0.26,0.94,0.93,0.99,0.47,0.02,0.06,0.15,1490.12
71.85,0.46,12.31,4.57,0.85,0.03,1.78,1.63,0.13,2.45,3.73,0.11,0.02,0.05,0.03,962.33
68.16,1.02,10.84,9.08,0.82,0.02,0.08,4.46,1,0.91,0.6,0.14,0.03,1.98,0.85,1588.16
63.33,0.9,8.09,12.26,1.38,0.03,0.95,3.23,0.56,3.22,3.06,0.72,0.03,1.56,0.68,1488.19
66.22,0.01,10.08,11.81,1.94,0.02,0.79,1.01,0.07,3.86,1.25,0.61,0.03,1.41,0.88,742.19
64.15,0.54,5.13,17.92,1.72,0.01,0.05,0.45,0.29,4.86,2.79,0.37,0.04,1.36,0.32,1147.63
69.87,0.95,3.23,11.46,1.97,0.01,1.59,2.45,0.04,3.82,0.84,0.63,0,2.84,0.29,1495.11
67.09,0.28,2.32,18.92,1.42,0.04,1,2.37,0.11,2.8,1.23,0.98,0.04,1.24,0.15,877.83
73.01,0.24,3.81,11.14,1.57,0.02,0.17,2.32,0.75,1.11,1.1,0.95,0.05,2.97,0.81,831.89
73.29,0.23,3.82,6.8,0.64,0.05,1.58,3.62,0.19,4.55,4.14,0.16,0.04,0.82,0.08,901.84
67.35,0.12,5.74,19.86,1.36,0.04,0.43,0.39,0.28,1.24,1.17,0.19,0.03,0.98,0.82,765.86
77.09,0.23,8.36,0.27,0.96,0,1.96,3.95,0.49,0.43,2.96,0.76,0.01,1.7,0.81,878.22
60.73,1.06,16.88,8.11,1.14,0.04,1.39,4.98,0.01,1.78,1.41,0.26,0.01,2.13,0.08,1719.61
62.94,0.89,12.48,5.02,0.51,0.03,1.52,4.38,0.85,4.82,2.91,0.91,0.04,2.68,0.01,1588.56
79.69,0.96,2.29,7.92,0.54,0.01,0.25,4.03,0.01,1.56,0.87,0.59,0.01,0.78,0.49,1354.15
84.73,0.79,2.18,3.51,0.49,0.05,0.79,2.99,0.24,2.45,0.37,0.03,0.02,1.2,0.14,1168.65
65.3,1.16,14.97,9.27,1.47,0.01,1.02,1.4,0.16,2.13,0.66,0.7,0.02,1.59,0.15,1605.69
59.65,0.18,10.5,19.7,0.19,0.01,1.74,0.36,0.88,2.62,2.04,0.31,0.01,0.92,0.88,968.82
70.53,0.96,4.63,12.36,0.92,0.04,0.62,3.22,0.88,2.01,0.33,0.52,0.02,2.02,0.95,1518.12
65.46,0.59,8.39,13.09,0.21,0.01,1.84,3.35,0.01,1.02,3.41,0.76,0.04,0.88,0.93,1257.83
63.8,0.72,2.21,19.26,0.25,0.01,1.63,3.09,0.84,2.58,1.88,0.92,0,2.57,0.23,1355.16
68.9,1.02,2.51,11.6,1.78,0.02,1.49,4.02,0.74,4.63,2.23,0.17,0,0.74,0.14,1571.93
71.48,0.06,0.65,16.63,1.18,0.02,1.79,0.35,0.98,3.08,0.92,0.68,0.04,1.29,0.86,700.72
77.94,0.19,5.02,1.87,0.42,0.01,1.84,0.39,0.43,2.66,4.49,1,0.04,2.91,0.79,700.17
70.18,0.78,6.31,5.47,1.15,0.05,0.07,3.85,0.72,4.82,4.65,0.76,0.03,0.61,0.55,1371.35
57.52,0.92,16.12,15.79,0.39,0.03,0.66,0.05,0.2,0.57,4.21,0.26,0.01,2.88,0.38,1459.93
66.61,0.24,6.5,17.24,0.85,0.05,1,1.99,0.75,0.37,0.45,0.65,0.02,2.37,0.92,852.71
66.54,0.47,10.74,10.01,1.96,0.04,1.82,1.27,0.77,1.33,1.04,0.94,0,2.9,0.15,1068.96
73.22,0.43,3.9,11.71,0.7,0.03,0.03,0.32,0.1,2.09,4.07,0.89,0.01,1.72,0.77,917.74
72.54,0.35,7.36,10.48,0.27,0,0.31,3.13,0.07,0.95,1.69,0.08,0.01,2.73,0.02,869.61
65.38,0.81,10.6,4.47,1.69,0.02,1.65,2.03,0.98,3.85,4.83,0.51,0.02,2.27,0.88,1521.24
67.52,1.16,5.84,15.97,0.42,0.03,0.36,1.74,0.93,0.73,3.16,0.59,0.01,0.98,0.56,1608.4
79.07,1.17,3.87,3.74,0.91,0.04,0.56,0.1,0.54,4.78,1.96,0.42,0.05,2.08,0.72,1462.74
54.41,0.68,17.54,13.78,1.79,0.03,1.47,1.45,0.3,3.91,1.48,0.56,0.01,2.45,0.11,1443.69
70.03,0.23,9.76,5.65,0.65,0.02,0.13,4.93,0.03,3.31,1.86,0.65,0.02,2.02,0.73,999.34
71.94,0.83,2.05,13.14,0.56,0,0.83,2.17,0.47,3.52,1.54,0.32,0,2.06,0.57,1378.32
66.85,0.65,8.45,10.23,1.27,0.03,0.58,0.7,0.16,3.2,4.36,0.41,0.01,2.27,0.83,1181.77
60.89,1.06,10.92,17.21,0.03,0.01,0.19,3.56,0.07,2.48,2.36,0.31,0.04,0.51,0.35,1664.84
65.2,1.12,15.77,6.39,1.17,0,0.52,0.47,0.32,4.38,1.74,0.56,0.02,1.38,0.97,1690.18
69.97,0.36,11.29,8.4,0.12,0.02,1.63,0.49,0.07,0.77,3.82,0.72,0.03,1.4,0.89,920.12
68.71,0.98,11.57,9.16,1.73,0.05,0.05,0.26,0.96,1.39,4.37,0.39,0.01,0.24,0.16,1448.12
67.04,0.31,8.79,14.03,1.97,0.02,1.04,2.61,0.54,2.59,0.04,0,0,0.3,0.7,1033.45
48.64,1.12,17.57,18.78,0.54,0.03,0.35,4.03,0.89,4.26,2.17,0.76,0,0.12,0.75,1951.27
62.71,0.52,17.92,1.95,1.71,0.02,1.65,4.09,0.92,1.49,4.75,0.15,0,1.29,0.83,1365
68.77,0.88,3.77,18.98,0.12,0.04,0.61,2.5,0.42,0.86,1.79,0.19,0.01,0.56,0.49,1333.52
57.6,0.96,10.24,17.86,1.27,0.03,1.34,2.25,0.69,0.35,4.3,0.78,0.01,2.3,0.01,1565.19
78.94,0.98,0.08,10.02,1.41,0.01,1.3,0.42,0.18,2.38,3.27,0.15,0.01,0.61,0.24,1310.27
69.09,0.28,7.11,13.08,0.88,0.04,1.44,0.63,0.05,4.39,0.4,0.15,0,1.89,0.58,847.67
81.5,0.36,2.74,2.76,0.26,0.01,0.48,1.53,0.96,2.89,4.94,0.37,0.02,0.97,0.18,800.68
56.9,0.18,17.01,19.74,0.09,0.01,0.85,0.93,0.36,0.65,2.28,0.27,0.02,0.28,0.43,958.74
52.97,0.1,8.33,19.79,1.54,0.05,1.56,4.37,0.71,3.8,2.62,0.92,0.04,2.53,0.67,1060.24
65.27,0.37,0.64,18.71,1.17,0.01,0.3,4.15,0.84,4.07,3.23,0.37,0.02,0.03,0.83,1137.58
65.02,0.61,9.48,18.53,0.06,0.04,0.1,0.19,0.43,0.32,3.95,0.53,0,0.12,0.61,1094.04
63.14,0.97,7.88,11.09,1.6,0.03,0.45,3.07,0.63,3.67,3.1,0.97,0.01,2.85,0.54,1569.95
57.45,0.46,13.85,14.14,0.08,0.03,0.18,4.98,0.9,0.11,4.29,0.92,0.02,2.16,0.44,1256.07
71.6,0.79,6.13,6.45,0.85,0.01,1.66,1.74,0.4,4.47,2.48,0.54,0.05,2.66,0.17,1319.41
77.27,0.45,6.69,3.9,0.23,0.04,1.54,4.85,0.77,1.22,0.2,0.99,0.02,0.94,0.91,1048.64
60.93,0.71,3.87,17.78,1.99,0,1.72,1.95,0.52,4.57,4.87,0.26,0.01,0.24,0.56,1404.21
79.44,0.1,7.29,0.8,1.67,0.01,0.66,4.35,0.75,1.1,0.36,0.72,0.02,2.3,0.45,730.24
62.24,0.42,8.12,14.97,1.8,0,1.05,0.16,0.47,4.43,1.81,0.93,0.03,2.8,0.76,1104.68
72.33,0.48,3.06,9.9,0.94,0.05,0.87,3.93,0.94,4.38,1.04,0.5,0.02,1.2,0.36,1113.7
66.7,0.99,8.14,10.47,1.96,0,0.98,3.87,0.15,3.06,1.2,0.87,0.02,0.99,0.6,1574.39
68.07,0.51,6.37,10.5,1.2,0.03,1.31,1.54,0.13,3.8,4.25,0.26,0.02,1.5,0.53,1078.98
68.16,0.79,0.75,14.43,0.12,0.02,1.66,2.26,0.15,4.93,4.45,0.77,0.02,0.55,0.94,1389.51
61.56,0.42,6.04,19.71,1.04,0.01,0.44,2.41,0.04,2.31,2.09,0.78,0.02,2.95,0.18,1074.58
65.8,0.71,1.61,14.68,1.99,0.04,1.11,2.42,0.84,4.68,4.95,0.4,0.05,0.47,0.25,1321.36
54.05,0.92,15.35,15.58,1.26,0.03,1.42,1.95,0.84,3.39,3.49,0.54,0.04,0.76,0.38,1634.37
59.96,0.94,8.87,17.78,0.69,0.02,1.78,2.32,0.52,1.66,1.38,0.66,0.01,2.64,0.78,1569.25
73.99,0.73,3.32,5.46,0.82,0.03,1.28,2.66,0.77,3.79,3.09,0.79,0.02,2.64,0.61,1232.47
68.7,0.99,9.83,4.37,1.08,0.02,1.39,2.38,0.84,3.39,3.42,0.22,0.05,2.53,0.79,1562.81
75.93,0.17,9.69,2.92,1.11,0.03,0.78,2.49,0.88,0.54,3.96,0.17,0,0.56,0.77,730.66
59.71,0.49,15.71,10.49,0.04,0.04,0.22,3.95,0.17,1.73,3.81,0.95,0.02,2.49,0.19,1223.1
76.02,0.24,5.45,2.64,0.77,0.01,1.29,4.97,0.01,2.7,2.87,0.91,0.03,1.63,0.47,912.36
75.66,0.33,1.01,8.17,0.11,0.03,0.61,2.67,0.13,4.66,4.47,0.19,0.02,1.84,0.1,836.56
58.23,1.1,15.35,11.6,1.04,0.05,1.86,4.85,0.13,0.8,3.38,0.54,0,0.19,0.89,1750.84
65.49,1.04,6.43,17.82,1.19,0.04,0.85,0.57,0.43,2.29,2.75,0.11,0.05,0.73,0.2,1553.05
64.78,0.53,13.89,10.33,1.22,0.04,0.05,2.85,0.88,0.09,2.03,0.93,0.02,1.38,0.98,1253.75
68.11,0.25,1.17,17.19,1.74,0.02,1.03,4.18,0.74,1.33,0.08,0.48,0.04,2.69,0.96,952.31
57.32,0.54,13.95,14.8,1.08,0,1.85,2.28,0.36,3.15,3.37,0.21,0.04,0.87,0.19,1321.44
56.62,0.49,13.15,19.31,1.62,0.05,0.28,0.36,0.56,1.45,4.14,0.67,0.05,0.76,0.49,1106.41
73.38,0.71,7.98,8.93,0.73,0,1.04,1.68,0,1.54,1.39,0.39,0.01,1.52,0.69,1191.02
62.74,0.76,14.47,9.04,1.04,0.04,0.86,3.51,0.43,2.09,3.8,0.17,0.02,0.67,0.36,1435.52
62.44,0.96,14.16,7.29,1.98,0.03,0.8,4.18,0.73,3.75,0.98,0.47,0.04,1.51,0.68,1624.5
65.6,0.71,15.16,5.69,1.15,0.01,1.38,3.66,0.04,3.38,2.07,0.12,0.02,0.58,0.42,1437.11
74.35,0.93,10.93,0.45,1.86,0.03,0.07,4.09,0.2,2.9,2.33,0.42,0.04,1.31,0.08,1407.95
61.55,1.14,16.57,13.69,0.94,0,1.58,0.38,0.07,2.69,0.8,0.01,0.02,0.41,0.16,1684.25
78.07,0.55,9.12,0.65,0.14,0.01,1.09,3.7,0.61,1.96,0.59,0.78,0.02,2.21,0.51,1108.05
52.62,0.89,16.33,18.42,1.07,0.03,0.53,4.68,0.46,0.64,2.16,0.13,0.03,1.68,0.34,1658.7
68.58,0.45,13.69,9.71,0.4,0.01,0.69,0.69,1,0.25,2.21,0.45,0.02,1.71,0.15,1028.82
65.5,0.94,5.98,11.83,1.43,0.04,1.67,3.04,0.39,2.52,3.84,0.88,0.01,1.15,0.78,1462.55
60.96,0.5,10.85,20,0.99,0.01,0.33,0.21,0.56,2.72,1.03,0.7,0.04,0.78,0.34,1111.48
59.4,1.19,6.74,15.22,0.91,0.04,1.54,3.34,0.85,4.7,2.9,0.24,0.02,2.27,0.65,1802.84
65.2,0.6,13.44,11.25,0.17,0.01,0.44,1.29,0.57,2.52,1.02,0.07,0.01,2.95,0.47,1246.01
62.46,1.04,15.28,10.23,1.41,0.01,1.38,1.36,0.83,0.42,3.87,0.1,0.04,0.91,0.65,1533.25
67.4,0.78,17.06,0.83,1.84,0.03,1.61,1.92,0.47,4.34,2.07,0.53,0,0.48,0.64,1437.47
72.29,0.86,10.49,2.87,0.89,0.02,0.99,4.35,0.78,0.42,4.45,0.47,0.04,0.42,0.67,1401.16
84.52,0.03,2.73,1.84,0.48,0.01,1.38,0.15,0.62,0.7,4.73,0.93,0.01,1.84,0.03,402.35
77.99,1.12,9.41,0.86,0.68,0,0.79,3.35,0.47,1.92,0.6,0.24,0.01,2.42,0.14,1475.59
70.11,0.28,11.51,9.14,0.8,0.03,0.98,1.52,0.56,3.35,0.13,0.47,0,0.56,0.56,972.82
68.21,1.04,15.89,1.4,0.84,0.03,0.29,3.83,0.74,4.52,0.04,0.22,0.04,2.01,0.89,1680.26
73.87,0.69,0.64,10.27,1.22,0.01,0.55,3.2,0.47,4.29,1.71,0.27,0.05,2.73,0.03,1187.29
80.51,0.93,1.99,0.55,0.55,0.01,1.64,3.55,0.98,3.56,2.09,0.7,0.05,2.13,0.76,1407.67
74.4,1.15,3.8,10.08,1.36,0.01,1.2,1.29,0.33,2.21,2.65,0.45,0.02,0.9,0.16,1511.67
68.6,0.07,3.53,11.64,1.57,0.01,0.22,3.75,0.31,4.76,3.57,0.33,0.01,1.57,0.08,823.11
66.01,0.02,12.12,8.47,1.02,0.01,1.1,4.9,0.07,1.42,1.21,0.25,0.02,2.45,0.91,887.15
61.75,0.25,9.77,12.74,1.04,0.02,0.38,2.44,0.4,3.98,3.82,0.13,0,2.72,0.54,1100.49
79.93,1.03,1.76,4.81,0.81,0.04,1.88,4.96,0.96,0.03,0.24,0.15,0.02,2.49,0.89,1507.12
60.28,0.23,11.15,18.35,0.93,0.01,0.92,1.88,0.58,2.19,0.09,0.99,0.03,1.42,0.95,994.2
63.37,0.97,4.69,15.98,0.54,0,1.03,0.98,0.76,3.21,4.62,0.78,0.01,2.4,0.64,1507.46
66.21,0.81,14.98,11.48,0.93,0.03,0.6,0.91,0.62,1.17,0.4,0,0.03,1.09,0.75,1342.49
61.67,0.49,11.71,7.12,1.93,0.05,1.7,4.6,0.45,2.68,3.71,0.7,0.04,2.15,1,1212.38
55.77,0.42,14.99,13.95,1.38,0.02,1.57,4.5,0.22,3.13,1.96,0.99,0.02,0.68,0.38,1270.5
55.16,0.73,16.76,17.01,0.14,0.05,1.4,0.81,0.01,0.86,4.19,0.02,0.01,2.27,0.59,1360.93
68.44,0.94,13.43,1.01,1.79,0.01,1.11,3.22,0.17,4.88,2.44,0.06,0.05,1.76,0.7,1603.99
73.89,0.05,4.83,9.39,0.15,0.04,0.79,1.36,0,3.6,4.17,0.4,0.03,0.68,0.62,642.37
66.03,0.02,8.8,12.88,1.84,0.02,1.53,2.99,0.93,1.99,1.6,0.89,0,0.41,0.08,804.53
74.26,0.01,7.23,3.74,1.25,0.03,0.98,0.2,0.66,4.21,3.6,0.83,0.01,2.67,0.32,672.12
52.5,0.03,15.18,18.84,1.31,0.01,0.5,2.33,0.9,0.75,4.13,0.29,0.04,2.76,0.43,948.76
60.71,0.64,12.32,12.46,0.31,0.04,0.39,4.66,0.25,3.67,1.42,0.32,0.02,2.24,0.56,1367.06
65.82,1.06,5.53,13.84,1.51,0.01,0.8,2.41,0.36,1.61,3.43,0.22,0.04,2.81,0.57,1538.19
68.19,1.04,5.14,12.3,1.96,0.03,1.45,2.23,0.06,3.99,0.17,0.7,0,2.59,0.16,1544.93
69.51,0.62,10.75,9.15,0.68,0.02,0.62,2.19,0.36,2.83,1.19,0.99,0.03,0.58,0.48,1212.96
60.78,0.21,14.71,7.38,0.59,0.04,1.28,4.49,0.63,3.7,4.18,0.05,0.04,1.84,0.07,1114.46
68.35,0.62,1.48,14.72,1.09,0.05,0.37,3.03,0.21,3.07,3.61,0.72,0.04,2.56,0.08,1185.18
72.79,0.6,3.43,11.05,0.81,0.02,1.62,2.04,0.03,0.29,4.28,0.96,0.03,1.09,0.94,1036.4
56.19,0.8,15.2,15.32,0.76,0.02,0.37,1.46,0.78,4.47,3.62,0.47,0,0.17,0.37,1599.7
60.05,0.02,17.82,7.28,1.7,0.03,0.26,3.99,0.71,2.64,2.57,0.09,0.03,2.73,0.09,886.34
65.92,0.32,16.24,5.69,1.31,0.03,1.19,2.08,0.3,0.24,3.72,0.75,0.03,1.93,0.24,907.71
77.23,0.13,1.13,6.98,1.61,0.05,1.79,4.6,0.91,2.64,1.1,0.8,0.01,0.8,0.23,788.52
76.48,0.62,5.79,3.08,0.91,0.04,1.14,4.39,0.2,0.83,2.88,0.46,0.03,2.38,0.75,1122.43
77.93,0.26,9.92,2.21,0.58,0.01,0.79,0.56,0.03,3.28,3.05,0.71,0.03,0.34,0.29,779.5
57.81,0.16,15.17,14.94,0.4,0.02,1.93,2.97,0.8,1.32,1.05,0.78,0.03,2.04,0.55,1048.82
59.49,0.33,6.35,17.43,0.62,0.03,1.41,5,0.44,2.14,4.21,0.81,0.04,1.39,0.32,1126.91
53.09,0.73,15.77,17.68,0.22,0.02,0.93,4.89,0.68,2.04,0.13,0.57,0,2.5,0.75,1500.63
79.53,1.08,5.19,4.98,1.88,0.04,1.64,0.98,0.14,0.13,1.19,0.77,0.01,2.19,0.25,1302.64
63.09,0.48,17.7,4.9,0.75,0.02,0.22,2.45,0.38,3.47,4.09,0.54,0,1.86,0.06,1246.13
51.81,0.25,14.75,18.22,1.63,0.02,1.17,4.57,0.32,4.1,0.05,0,0.04,2.28,0.79,1253.49
78.93,1.12,2.12,4.64,1.81,0.01,1.36,2.65,0.08,1.43,2.6,0.85,0.04,1.87,0.5,1428.9
84.17,0.5,0.51,4.22,0.86,0.02,0.09,2.95,0.55,0.39,4.72,0.1,0.04,0,0.88,886.64
66.77,0.03,13.64,7.23,1.48,0.02,0.14,3.84,0.07,4.61,0.25,0.48,0.04,1.18,0.22,863.01
68.9,1.11,6.77,10.13,0.73,0.01,1.5,1.7,0.43,2.02,3.56,0.92,0.03,1.41,0.78,1583.02
82.75,0.77,1.09,1.91,0.08,0.02,1.65,1.57,0.38,4.55,4.18,0.67,0.01,0.35,0.02,1133.13
84.63,0.67,1.15,2.72,0.36,0.03,1.23,2.75,0.25,1.86,0.48,0.23,0.04,2.94,0.65,1002.25
73.98,1.1,11.57,0.66,1.99,0,1.37,1.26,0.39,3.23,2.18,0.25,0.02,1.02,0.96,1573.33
73.17,0.25,14.6,3.14,0.42,0.02,1.76,0.66,0.12,2.47,1.38,0.57,0.02,1.3,0.11,858.96
56.58,0.18,14.78,17.72,0.47,0.01,0.11,3.04,0.72,1.86,3.4,0.71,0.05,0.19,0.19,1013.23
76.85,0.11,4.92,5.95,1.12,0.01,0.15,3.65,0.3,2.26,0.64,0.8,0.03,2.7,0.5,764.23
59.01,1.13,16.05,11.53,1.87,0.02,0.73,0.23,0.59,3.61,3.87,0.15,0.02,0.53,0.66,1711.45
77.07,1.02,8.25,0.48,0.99,0,1.97,2.94,0.26,2.82,0.38,0.8,0.05,2.62,0.34,1424.28
79.52,0.4,0.63,13.03,1.07,0.02,1.82,0.84,0.01,0.37,1.12,0.03,0.03,0.94,0.18,749.28
70.63,0.83,6.29,10.24,1.87,0,1,4.27,0.59,1.38,1.99,0.68,0.04,0.12,0.07,1402.36
78.89,0.4,4.19,5.3,0.44,0.01,0.26,4.67,0.14,1.02,1.23,0.93,0.04,2.37,0.1,887.35
61.77,0.32,10.36,16.44,1.56,0.04,1.86,1.19,0.42,0.07,4.4,0.15,0.04,0.99,0.37,995.74
66.12,0.06,5.88,17.77,0.05,0.02,0.06,1.85,0.17,1.26,4.39,0.44,0.01,1.77,0.14,697.33
66.57,0.29,12.22,9.83,1.54,0.05,0.23,1.67,0.32,0.76,4.05,0.76,0.02,1.61,0.06,844.84
59.41,0.67,14.24,11.48,0.53,0.03,0.72,2.72,0.49,1.91,3.59,0.88,0,2.8,0.51,1383.46
65.61,0.57,15.03,3.55,0.32,0.03,1.74,4.46,0.64,2.63,1.66,0.98,0.02,2.23,0.53,1308.72
58.4,0.73,7.08,19.3,1.14,0.05,0.02,2.86,0.72,3.73,4.52,0,0,1.42,0.03,1397.88
75.28,0.63,6.84,0.89,0.67,0.02,1.98,1.04,0.54,4.94,3.96,0.99,0.05,1.47,0.7,1155.87
64.02,0.14,7.94,16.18,1.01,0.04,1.49,1.27,0.88,2.3,1.05,0.87,0.02,2.25,0.55,891.61
75.34,0.71,7.03,2.19,1.79,0,1.73,1.8,0.64,4.61,0.76,0.57,0.04,2.27,0.53,1244.78
59.62,0.75,13.64,16.82,1.52,0.02,1.99,2.17,0.02,1.81,0.64,0.12,0.01,0.16,0.69,1439.5
53.66,1.16,15.76,17.52,0.35,0.01,0.15,3.89,0.07,2.78,1.24,0.24,0.05,2.27,0.84,1791.73
51.7,0.69,15.68,12.91,1.89,0.01,1.19,3.45,0.39,4.4,4.9,0.49,0.02,1.42,0.85,1559.91
73.91,0.66,0.31,15.57,0.66,0.02,1.6,0.23,0.16,1.99,1.15,0.34,0.05,2.48,0.88,1060.69
74.12,1.13,6.14,5.94,0.47,0.04,1.36,1.18,0.38,2.53,2.64,0.89,0.02,2.73,0.44,1487.43
80.97,1.09,1.03,4.11,0.95,0.02,1.28,4.72,0.11,2.26,0.96,0.89,0.05,1.44,0.1,1444.91
66.97,0.94,12.55,7.09,1.77,0.05,1.12,2.83,0.3,2.92,2.2,0.3,0,0.76,0.2,1582.05
69.65,0.73,6.99,8.42,1.67,0.02,1.98,2.2,0.65,0.25,3.27,0.85,0.05,2.99,0.28,1264.52
68.07,0.69,8.11,11.28,0.31,0.04,1.82,2.25,0.28,0.7,3.42,0.31,0.05,2.01,0.65,1189.29
51.47,1.12,11.3,19.88,1.07,0.04,0.11,3.16,0.76,3.89,3.85,0.23,0.05,2.99,0.08,1814.01
67.26,1.12,5.21,13.79,0.68,0.05,0.2,2.49,0.43,1.63,3.23,0.13,0.04,2.94,0.8,1557.71
80.05,0.4,9.31,0.91,1.89,0.01,1.81,0.42,0.82,0.76,0.19,0.72,0.01,2.14,0.56,907.88
62.16,0.14,16.78,9.05,1.47,0.03,1.21,1.51,0.2,2.71,2.2,0.39,0.03,2.07,0.05,856.62
83.14,0.13,4.25,1.03,1.99,0.04,0.17,0.1,0.72,2.2,3.93,0.92,0.03,0.56,0.78,545.16
61.13,1.15,10.44,13.64,0.67,0.02,1.47,4.64,0.63,3.95,0.86,0.21,0.03,0.53,0.63,1852.65
79.74,0.97,8.35,3.62,1.29,0.05,1.25,0.18,0.02,1.6,0.98,0.81,0.04,0.78,0.33,1226.69
60.49,0.29,16.35,10.05,1.31,0.02,1.26,1.93,0.34,3.17,2.96,0.29,0.01,1.11,0.42,1098.28
74.47,0.05,4.39,3.87,1,0.02,1.46,1.21,0.59,4.42,4.55,0.96,0.04,2.72,0.23,682.27
67.22,0.25,0.12,14.14,1.87,0.01,1.27,3.73,0.93,3.23,4.85,0.34,0.02,1.63,0.38,1009.15
75.35,0.42,9.4,7.2,0.03,0.03,0.25,0.4,0.76,0.05,4.8,0.52,0.05,0.17,0.58,890.67
67.88,0.43,15.18,7.22,0.52,0.04,0.75,0.08,0.39,3.27,1.27,0.43,0,1.76,0.76,988.9
82.41,0.12,3.63,3.09,0.96,0.03,1.9,0.37,0.6,2.63,2.58,0.87,0.01,0.12,0.67,563.5
80.89,0.42,0.32,5.03,0.62,0.03,0.35,2.07,0.48,2.3,4.87,0.05,0.05,1.75,0.8,818.31
62.02,1.06,16.13,4.77,0.4,0.02,1.8,1.61,0.65,3.54,3.89,0.56,0.02,2.9,0.61,1598.73
67.86,0.88,6.21,13.4,0.52,0.01,1.43,2.61,0.68,1.35,2.99,0.44,0.03,0.87,0.72,1394.17
61.64,0.37,11.9,13.91,1.41,0.03,0.79,1.97,0.25,0.78,3.46,0.09,0.05,2.48,0.86,1066.17
62.98,1.09,7.35,16.93,0.32,0,1.57,0.37,0.99,3.37,3.77,0.25,0.03,0.13,0.84,1649.16
81.02,0.28,1.23,9.63,0.34,0.04,0.48,1.71,0.57,1.42,1.89,0.82,0.01,0.25,0.33,692.93
68.62,0.52,9.77,7.45,1.58,0,0.86,1.91,0.65,4.83,2.55,0.99,0.02,0.09,0.17,1134.14
73.49,0.13,7.79,6.76,0.25,0.01,1.77,1.51,0.71,3.06,2.14,0.24,0.02,1.78,0.35,733.4
64.17,0.27,2.1,17.6,0.88,0.03,0.98,4.36,0.55,2.4,4.62,0.72,0.01,0.53,0.79,1021.64
66.39,0.67,11.37,8.78,1.36,0.01,1.92,3.75,0.63,1.58,0.8,0.41,0.03,1.9,0.38,1367.68
71.69,0.74,14.65,0.53,0.9,0.04,1.09,3.26,0.52,4.96,0.27,0.49,0,0.48,0.38,1374.06
53.38,0.77,9.61,16.31,1.25,0,1.53,3.73,0.51,4.51,4.54,0.52,0.03,2.99,0.3,1588.81
64.12,0.4,3.29,17.92,1.49,0.01,1.96,3.65,0.85,0.24,2.52,0.7,0.03,2,0.82,1129.52
81.56,0.2,4.88,0.87,0.73,0.02,1.61,3.27,0.44,3.26,0.26,0.18,0.03,1.92,0.77,774.45
61.04,0.49,13.01,13.68,1.93,0.01,1.1,3.01,1,1.01,2.62,0.35,0.03,0.7,0.05,1168.63
78.59,0.23,5.83,0.99,1.9,0.03,1.63,2.12,0.9,2.42,2.87,0.49,0.04,1.7,0.27,823.66
64.12,0.18,10.91,9.78,0.19,0.02,1.03,4.13,0.08,1.74,4.11,0.65,0.01,2.54,0.49,942.43
77.83,1.14,6.45,2.81,0.65,0,0.04,1.98,0.94,4.36,2.56,0.57,0,0.65,0.02,1551.84
63.75,0.91,2.62,17.38,1.29,0.01,0.32,3.14,0.9,3.59,1.74,0.59,0.02,3,0.75,1497.14
84.12,0.75,6.15,0.58,0.79,0.05,1.25,0.42,0.88,1.34,1.22,0.3,0.03,1.63,0.49,1122.6
66.57,0.86,5.7,15.64,0.35,0.04,1.33,3.42,0.48,3.34,0.4,0.85,0,0.45,0.58,1445.28
53.19,1.11,17.52,12.12,0.96,0.04,0.66,2.47,0.92,4.78,4.64,0.26,0.01,0.89,0.44,1861.34
68.47,0.38,6.74,12.41,1.53,0.04,1.63,0.16,0.05,3.95,2.67,0.58,0,0.77,0.64,1071.71
65.09,1,9.68,10.34,1.81,0.04,1.82,1.09,0.52,4.21,0.56,0.79,0.01,2.42,0.61,1569.67
63.66,0.24,8.52,13.64,1.27,0.02,1.8,2.6,0.51,0.31,4.61,0.18,0.03,2.41,0.22,875.01
55.59,0.91,10.16,17.12,1.79,0.03,1.45,2.75,0.38,3.24,4.54,0.42,0.02,1.17,0.44,1619.83
67.99,0.1,8.97,9.89,1.18,0.02,1.23,4.39,0.96,2.92,0.21,0.97,0.04,1.01,0.15,878.6
54.07,0.06,16.24,10.82,1.4,0.04,1.58,4.41,0.97,2.2,4.75,0.72,0,2.05,0.69,1042.9
71.42,1.09,6.71,11.7,0.02,0.02,0.12,2.61,0.82,1.03,2.64,0.2,0.01,1.53,0.08,1495.56
62.66,0.14,9.9,11.83,0.06,0.03,1.68,3.61,0.13,2.96,3.36,0.04,0.04,2.72,0.85,921.6
59.76,0.99,13.41,12.67,1.36,0.04,1.32,1.64,0.38,4.49,0.09,0.7,0.05,2.12,0.99,1619.39
75.94,0.54,5.62,5.37,0.86,0.02,1.27,4.07,0.3,1.07,3.33,0.67,0.05,0.05,0.85,1107.05
70.93,0.63,11.18,1.83,0.87,0.01,0.51,2.52,0.81,3.72,2.95,0.54,0.02,2.92,0.56,1227.47
74.99,0.74,9.41,0.15,1.66,0.04,1.32,0.34,0.36,4.68,4.31,0.29,0.01,1.35,0.36,1206.2
61.39,0.82,17.4,7.26,0.12,0.04,0.08,4.76,0.66,4.71,1,0.04,0.02,1.35,0.33,1543.53
68.22,0.88,13.09,8.5,1.85,0.01,0.53,0.32,0.8,3.11,1.57,0.16,0,0.5,0.45,1451.19
71.04,0.3,4.66,17.51,1.03,0.04,0.07,1.83,0.48,0.93,0.6,0.87,0.05,0.24,0.35,844.49
71.3,1.17,8.48,3.25,0.4,0.04,1.82,3.04,0.77,3.7,3.31,0.83,0.03,1.6,0.24,1652.08
71.1,0.9,8.52,5.9,1.6,0.03,1.87,0.83,0.65,1.22,4.52,0.1,0.03,2.37,0.35,1309.56
66.94,1.07,17.41,1.41,0.94,0.03,0.19,1.89,0.32,2.68,3.31,0.7,0.01,2.44,0.68,1576.91
53.99,1.07,8.09,17.88,1.73,0.02,0.76,4.66,0.72,4.64,3.98,0.61,0.01,0.87,0.97,1848.08
64.35,0.85,13.21,5.71,0.6,0.02,0.04,3.95,0.32,4.27,4.01,0.66,0.02,1.55,0.44,1509.12
60.98,0.41,15.27,9.67,1.67,0.01,0.28,4.89,0.59,2.55,2.62,0.22,0.04,0.25,0.57,1276.38
73.45,0.64,2.47,11.46,0.18,0.01,0.06,2.57,0.08,2.35,4.66,0.72,0,0.67,0.67,1131.32
67.31,1.07,0.59,16.25,1.12,0.03,1.92,3.74,0.85,1.77,2.77,0.62,0.02,1.71,0.24,1576.84
59.96,0.89,16.49,9.15,1.29,0.01,1.81,2.84,0.78,3.97,1.28,0.53,0.05,0.27,0.68,1598.85
62.09,1.16,5.41,17.23,1.87,0.04,0.46,1.67,0.04,4.16,4.25,0.63,0.02,0.23,0.75,1699.46
58.93,0.88,14.92,14.92,1.26,0.02,1.8,3.25,0.4,0.42,1.45,0.54,0.01,0.66,0.53,1550.48
61.52,0.21,14.41,9.69,1.15,0.01,0.65,2.05,0.81,3.85,1.11,0.62,0.01,2.96,0.95,1100.81
56.74,0.96,12.98,14,1.92,0.03,1.27,4.25,0.67,3.66,1.17,0.37,0.01,1.52,0.46,1746.59
56.14,1.2,11,15.73,0.67,0.04,1.23,3.48,0.29,2.74,3.17,0.59,0.05,2.69,0.97,1810.2
80.18,0.52,4.29,0.08,0.38,0,1.44,2.13,0.31,3.81,4.16,0.98,0.03,1.38,0.31,1019.17
78.61,0.27,3.83,8.18,1.98,0,0.39,0.94,0.72,1.76,2.29,0.15,0.02,0.31,0.53,797.78
62.49,0.68,13.03,8.37,0.76,0,1.05,2.57,0.47,3.7,4.16,0.75,0.01,1.87,0.08,1363.32
75.41,0.84,6.87,2.65,1.72,0.03,0.71,0.15,0.54,4.62,2.98,0.97,0.01,1.7,0.8,1276.46
59.42,0.7,11.01,14.57,1.52,0.04,1.33,1.08,0.4,3.88,4.77,0.08,0.03,0.94,0.23,1360.78
77.8,0.61,10.91,0.2,1.56,0.04,1.93,0.9,0.59,2.13,1.67,0.57,0.04,0.07,0.97,1118.96
67.68,0.91,7,15.03,0.77,0.04,0.35,1.46,0.55,1.6,2.12,0.49,0.04,1.57,0.36,1390.03
69.44,0.3,7.36,10.31,1.49,0.01,0.44,1.9,0.36,1.96,3.97,0.32,0.03,1.87,0.23,925.97
64.3,0.54,14.58,4.87,1.77,0.03,1.22,4.38,0.82,3.01,3.77,0.43,0.03,0.19,0.09,1356.94
79.8,1,1.07,3.39,1.59,0,0.56,2.92,0.6,3.89,2.53,0.51,0.04,1.5,0.61,1417.06
75.03,0.47,0.06,12.27,0.06,0.03,1.61,2.75,0.27,3.93,1.35,0.73,0.03,0.51,0.91,1043.68
69.13,0.25,17.81,0.15,0.53,0.01,0.03,3.66,0.69,3.96,1.28,0.44,0.03,1.32,0.7,1005.07
59.49,0.94,12.97,13.12,0.31,0.01,0.79,1.4,0.23,4.03,3.19,0.57,0.01,2.75,0.19,1555.24
57.99,0.96,17.4,14.54,1.99,0.03,0.43,1.02,0.32,0.04,3.41,0.27,0.04,1.08,0.48,1554.72
65.83,0.27,9.02,7,1.54,0.03,0.95,3.9,0.24,3.77,4.33,0.88,0.04,1.22,0.98,1064.3
71.87,0.46,11.5,3.22,1.96,0.04,1.51,0.33,0.76,3.87,3.36,0.29,0.02,0.33,0.47,1040.27
81.18,0.2,4.14,1.53,1.84,0.03,0.79,2.68,0.63,4.61,0.89,0.3,0.05,1.11,0.02,735.47
68.41,0.19,0.47,19.8,0.56,0.05,1.99,3,0.03,0.41,2.41,0.41,0.03,1.32,0.93,846.79
80.68,1.08,2.64,4.59,0.21,0.01,1.03,1.61,0.42,4.91,0.78,0.54,0,0.96,0.53,1459.24
77,1.14,7.04,1.3,0.78,0.01,0.46,3.09,0.07,2.32,3.05,0.42,0,2.96,0.37,1503.73
69.11,0.58,6.99,6.85,0.04,0.02,1.78,3.45,0.15,2.96,4.46,0.7,0.01,2.6,0.3,1210.75
59.59,0.55,9.47,17.01,1.86,0.05,0.02,4.61,0.05,1.33,2.57,0.48,0.03,1.44,0.93,1253.79
75.07,1.11,1.38,12.19,1.36,0.03,1.39,0.86,0.85,0.7,2,0.08,0.03,2.01,0.94,1428.09
58.02,0.89,9.74,18.65,0.96,0.03,1.19,2.05,0.84,0.93,2.77,0.72,0.05,2.65,0.51,1461.98
46.72,0.57,16.31,18.61,1.79,0.01,1.7,4.74,0.36,2.59,3.9,0.56,0.05,1.37,0.71,1566.57
59.72,0.95,8.89,17.14,1.09,0.02,0.22,1.97,0.73,4.61,1.26,0.36,0.01,2.07,0.96,1663.87
63.08,0.67,1.59,14.59,1.2,0.03,1.8,3.92,0.78,4.64,4.95,0.58,0.01,1.38,0.79,1443.82
88.76,0.04,1.02,1.34,1.46,0.03,0.74,0.53,0.73,1.61,1.33,0.65,0.03,1.09,0.64,486.93
69.06,0.28,2.86,15.65,1.42,0.01,0.23,4.19,0.78,1.64,3.29,0.12,0.03,0.06,0.39,948.05
68.31,0.1,8.55,8.43,0.89,0,0.72,3.78,0.37,3.58,1.85,0.42,0.03,2.85,0.11,848.48
56.7,1.14,17.82,9.68,0.94,0.03,1.11,3.17,0.87,3.73,2.48,0.46,0.03,1.37,0.46,1832.5
71.32,0.03,3.13,9.77,1.65,0.01,1.05,1.72,0.1,4.79,4.27,0.08,0.04,1.04,0.99,698.01
68.06,0.69,15.03,3.85,1.42,0,1.84,0.41,0.91,2.45,2.24,0.97,0.05,1.95,0.13,1233.89
64.79,0.61,9.52,10.29,1.14,0,1.42,3.56,0.12,2.85,2.84,0.68,0,1.88,0.28,1332.83
72.68,0.85,2.14,11.82,1.94,0.01,1.71,3.51,0.77,1.41,1.44,0.91,0.02,0.19,0.6,1382.48
57.55,0.16,14.34,12.83,1.75,0.04,0.22,1.91,0.77,2.09,4.86,0.74,0,2.64,0.1,975.1
70.91,1.04,9.65,5.78,0.7,0.02,0.65,1.21,0.61,4.5,1.54,0.19,0.04,2.23,0.93,1520.53
75.08,0.21,2.6,10.83,1.23,0.02,1.2,0.9,0.48,3.29,2.16,0.68,0.02,1,0.3,748.01
68.78,0.81,15.21,7.09,0.09,0.05,0.53,0.63,0.37,3.69,1.47,0.57,0.02,0.35,0.33,1316.7
76.9,0.87,11.02,2.4,0.33,0.03,1.63,1.75,0.6,0.85,1.56,0.02,0.04,1.2,0.82,1319.27
68.21,0.35,3.33,19.44,1.43,0.04,0.03,1.77,0.74,0.39,2.84,0.43,0,0.71,0.28,933.15
72.54,0.14,11.37,4.85,0.56,0.04,0.93,1.96,0.72,4.55,0.13,0.45,0.03,0.96,0.77,813.31
75.58,1.15,8.26,4.17,1.41,0.01,0.53,4.4,0.16,0.32,1.35,0.61,0.01,1.41,0.63,1553.58
72.59,1.02,4.14,16.35,0.47,0.03,0.86,0.57,0.71,1.09,0.88,0.36,0.03,0.7,0.18,1363.93
78.24,0.52,4.21,1.07,0.86,0.04,1.43,4.3,0.01,4.83,1.71,0.99,0.01,1.41,0.35,1075.86
55.4,0.43,15.16,14.93,1.98,0.03,0.93,0.45,1,2.76,3.5,0.41,0.03,2.83,0.17,1170.14
85.78,0.95,1.12,1.63,0.6,0.03,0.81,0.22,0.96,4.76,1.4,0.73,0.03,0.71,0.26,1233.7
74.81,0.59,7.55,5.82,1.62,0.02,1.31,0.95,0.53,1.59,2.63,0.78,0.04,1.06,0.69,1081.99
75.52,0.19,12.23,2.1,1.74,0.03,0.77,0.29,0.38,4.52,0.1,0.47,0.05,1.18,0.43,802.21
77.63,0.7,8.33,3.37,0.04,0.03,1.84,0.53,0.21,1.85,4.04,0.27,0.04,0.16,0.94,1160.2
69.2,0.45,14.08,3.33,0.1,0.02,1.71,3.77,0.52,2.86,0.65,0.84,0.04,1.97,0.47,1153.33
57.77,1.16,15.82,12.89,0.74,0.03,1.15,1.97,0.31,2.04,2.87,0.43,0.01,2.28,0.53,1741.69
66.37,1.06,13.59,6.46,1.88,0,1.92,1.23,0.01,2.17,1.79,0.54,0.04,2.53,0.4,1543.94
84.59,0.52,2.67,0.95,1.28,0,1.47,2.7,0.2,2.7,0.91,0.44,0.04,1.39,0.15,916.11
70.67,0.89,8.63,9.07,1.7,0.04,0.07,1.48,0.87,0.09,2.73,0.73,0.03,2.28,0.73,1362.52
54.62,0.83,14.79,12.91,0.8,0.02,1.43,4.38,0.27,1.71,4.65,0.58,0.01,1.99,0.99,1625.53
57.66,0.26,15.77,10.52,1.78,0.02,0.12,2.38,0.27,3.58,4.79,0.69,0.04,1.36,0.77,1109.95
60.12,1.01,12.8,10.16,1.25,0.04,0.51,4.05,0.95,2.33,3.51,0.74,0.03,1.64,0.88,1678.45
55.26,1.02,12.13,16.99,0.28,0,1.87,0.74,0.81,4.12,3.54,0.13,0.03,2.67,0.43,1671.9
73.9,0.5,7.97,1.65,1.78,0.04,2,2.93,0.75,1.01,3.34,0.65,0.05,2.49,0.94,1030.92
66.79,0.08,12.2,6.56,0.94,0.03,1.82,4.13,0.45,1.94,1.2,0.37,0.01,2.91,0.57,909.88
73,0.16,6.35,10.94,1.07,0,1.9,1.38,0.02,0.38,2.9,0.14,0,1.14,0.62,724.71
72.91,0.51,2.87,10.12,0.17,0,1.04,1.24,0.1,2.12,4.58,0.72,0.04,2.62,0.97,974.5
68.45,0.92,10.95,7.31,0.36,0.03,1.99,2.34,0.72,2.48,2.16,0.41,0.03,1.1,0.75,1484.49
65.5,0.42,5.57,14.54,0.61,0,0.75,3.61,0.33,3.15,3.3,0.73,0.04,1.3,0.17,1079.88
59.67,0.39,7.78,14.28,0.03,0.02,1.56,3.35,0.73,4.06,3.92,0.68,0.02,2.95,0.57,1161.25
68.99,0.84,16.65,3.57,0.16,0.04,1.83,1.38,0.38,3.3,1.65,0.88,0.01,0.11,0.21,1351.46
84.45,0.35,2.03,1.31,1.51,0.01,1.83,1.84,0.67,1.13,1.2,0.57,0.03,2.31,0.76,784.47
54.35,1.07,11.21,19.8,1.64,0,0.64,2.86,0.72,2.75,3.93,0.28,0.01,0.16,0.57,1840.34
65.41,0.83,5.87,12.27,0.1,0,1.4,1.84,0.67,4.16,4.26,0.17,0.02,2.2,0.77,1410.98
67.49,0.24,10.62,14.82,0.64,0.01,1.43,1.5,0.17,0.74,1.57,0.59,0.02,0.06,0.1,871.01
76.07,0.36,11.87,1.97,1.12,0.01,0.42,0.86,0.07,3.36,2.32,0.83,0,0.43,0.31,876.32
78.67,0.5,5.43,1.6,1.88,0.03,1.58,3.29,0.51,0.45,3.21,0.16,0.02,1.89,0.78,1045.19
72.13,0.83,12.09,2.98,0.69,0,1.44,4.76,0.26,0.44,2.38,0.86,0.03,0.14,0.97,1397.63
73.31,1.11,8.11,7.44,0.92,0.04,1.32,0.3,0.96,0.74,3.73,0.64,0.01,0.51,0.87,1490.48
67.35,0.51,11.78,10.08,1.45,0.02,0.57,1.82,0.86,2.34,1.07,0.93,0.04,0.17,1,1140.39
61.14,0.29,12.46,15.6,0.48,0.01,0.61,2.99,0.17,0.52,3.39,0.78,0.03,1.09,0.43,1012.97
50.36,0.47,17.28,15.36,0.42,0.02,1.09,3.06,0.47,4.05,3.84,0.51,0.04,2.25,0.78,1382.29
73.24,0.93,16.68,1.26,1.26,0.01,1.01,0.78,0.13,0.06,3.15,0.36,0.01,0.97,0.17,1332.28
69.7,1.13,5.76,6.68,1.68,0.03,1.42,3.18,0.95,1.04,4.95,0.83,0.03,1.99,0.65,1618.32
66.99,0.46,13.72,10.49,0.03,0.04,1.46,0.83,0.96,1.12,2.29,0.11,0.03,1.13,0.35,1069.12
68.74,0.99,0.17,15.96,1.14,0.05,1.18,0.28,0.05,4.42,4.21,0.35,0.03,1.47,0.97,1440.06
58.5,0.85,17.33,11.43,0.17,0.03,1.37,1.1,0.39,2.99,1.87,0.37,0.01,2.82,0.75,1494.83
60.94,0.01,13.78,14.8,0.02,0.02,1.21,2.26,0.78,2.13,0.77,0.98,0.01,2.15,0.14,793.1
76.58,0.24,8.1,3.14,1.12,0.03,0.12,4.36,0.19,1.13,3.31,0.47,0.02,0.38,0.81,788.36
74.81,0.74,2.44,7.48,1.62,0.03,0.22,1.86,0.24,2.59,4.22,0.44,0.02,2.72,0.58,1141.87
68.25,0.73,10.37,7.94,1.98,0.04,1.5,2.69,0.46,0.92,1.53,0.77,0.02,2.65,0.15,1293.96
65.89,0.61,11.65,10.34,1.78,0.05,0.23,0.65,0.13,3.41,1.86,0.73,0.02,1.88,0.77,1252.96
67.95,0.11,7.39,10.92,0.92,0.05,1.81,4.11,0.38,3.59,1.98,0.23,0.02,0.21,0.33,942.73
66.06,0.56,17.2,6.27,1.8,0.01,0.38,2.59,0.67,0.22,1.11,0.46,0.02,2.14,0.51,1245.36
58.93,0.94,17.34,9.97,1.23,0.02,1.36,2.32,0.44,4.28,0.25,0.88,0.04,1.52,0.49,1605.93
66.17,0.44,17.9,2.22,1.18,0.03,1.87,3.9,0.64,0.58,1.87,0.14,0.04,2.25,0.76,1165.78
80.58,0.19,5.93,2.74,1.45,0.01,1.4,3.46,0.46,0.68,1.57,0.32,0.04,0.34,0.83,826.63
71.8,0.92,3.35,14.38,1.34,0.04,0.38,0.79,0.24,1.83,3.97,0.74,0.05,0.18,0.01,1244.21
70.33,0.41,9.84,2.05,1.29,0.02,1.27,4.17,0.17,4.65,2.65,0.92,0.01,1.81,0.4,1150.86
66.15,0.93,10.91,9.89,1.83,0.02,0.44,3.04,0.62,2.2,2.43,0.96,0.04,0.33,0.21,1497.75
61.54,0.89,12.85,5.89,1.1,0.03,0.96,4.14,0.83,4.25,4.02,0.49,0.02,2.49,0.49,1635.38
69.56,0.3,9.13,2.84,1.38,0.02,0.52,4.78,0.78,3.94,3.12,0.84,0.04,1.8,0.96,1104.02
60.56,0.16,9.72,12.22,2,0.05,1.93,1.74,0.99,2.28,4.26,0.22,0.03,2.9,0.95,886.08
71.78,0.82,14.36,3.53,1.44,0.03,0.18,0.57,0.11,3.62,0.71,0.47,0.02,1.65,0.71,1327.52
63.17,0.56,7.16,17.24,0.66,0.01,1.49,1.8,0.85,1.64,3.51,0.05,0.02,1.03,0.82,1277.83
63.24,1.16,8.3,16.5,1.4,0.05,1.62,0.39,0.71,2.68,0.08,0.25,0.05,2.78,0.8,1646.29
54.91,1.02,15.52,12.32,1.86,0.03,1.78,2.27,0.28,4.58,1.94,0.5,0.02,1.99,1,1720.68
76.75,0.04,16.2,0.08,0.73,0.01,1.51,0.25,0.55,1.47,0.67,0.77,0.01,0.67,0.28,686.25
70.07,0.03,4.35,8.62,0.66,0.04,1.58,3.13,0.34,3.5,4.22,0.59,0.04,2.25,0.57,757.68
69.76,0.38,13.42,4.14,1.56,0.04,1.64,2.36,0.19,0.5,3.72,0.89,0.03,0.43,0.93,998.63
51.59,0.72,13.99,14.73,1.94,0.01,1.16,3.46,0.89,4.37,4.89,0.51,0.04,1.28,0.42,1596.01
56.01,0.31,14.73,19.72,0.51,0,1.63,3.1,0.96,1.26,0.36,0.49,0,0.79,0.13,1137.95
67.31,1.15,5.01,8.88,1.8,0.03,1.24,3.53,0.83,4.39,3.21,0.89,0.03,0.83,0.88,1725.05
64.35,0.65,16.31,0.8,0.8,0.05,0.5,4.71,0.95,4.41,2.82,0.65,0.04,2.33,0.63,1419.86
74.16,0.47,14.09,3.21,1.95,0.02,0.86,1.37,0.58,0.29,0.75,0.75,0.01,0.71,0.79,993.78
79.08,0.12,7.87,0.46,0.69,0.03,0.18,4.44,0.91,0.52,4.95,0.3,0,0.02,0.41,696.96
67.35,1.01,12.9,7,1.47,0.05,0.19,1.53,0.46,2.49,2.71,0.3,0.03,1.94,0.58,1542.35
71.16,0.15,8.59,7.12,0.98,0.05,0.96,0.07,0.44,4.1,3.9,0.51,0.01,1.4,0.56,762.64
64.94,0.43,14.63,9.9,1.99,0.02,0.14,3.41,0.05,1.25,1.77,0.74,0.02,0.09,0.62,1183.16
60.19,0.5,16.59,9.99,1.42,0.01,1.52,3.6,0.9,0.17,2.24,0.68,0,1.23,0.94,1301.87
60.61,0.08,12.92,11.62,1,0.05,0.26,4.48,0.69,1.29,4.51,0.43,0.04,1.17,0.85,919.28
74.27,0.77,2.54,12.99,0.38,0.02,0.34,0.11,0.21,2.68,2.41,0.5,0.01,2.06,0.7,1184.57
69.34,0.78,12.83,5.55,0,0.04,1.64,0.62,0.37,3.31,3.26,0.86,0.01,1.29,0.1,1266.44
72.06,0.47,0.27,17.97,1.05,0.04,0.12,1.14,0.26,1.93,4.01,0.39,0.01,0.19,0.08,922.81
77.5,0.87,12.28,2.71,0.29,0.04,1.44,1.89,0.08,0.06,1.44,0.01,0.01,1.26,0.12,1282.43
62.41,0.13,16.14,11.71,1.87,0.02,1.35,1.02,0.62,0.65,0.01,0.93,0.03,2.78,0.33,832.85
63.32,0.85,10.18,18.51,0.05,0.04,0.66,0.9,0.51,2.53,0.69,0.2,0.02,1.23,0.32,1332.68
64.01,0.19,0.08,19.4,1.89,0.02,1.99,3.37,0.07,0.59,4.58,0.63,0.04,2.69,0.45,823.3
71.14,0.21,8.02,6.8,0.94,0.02,1.29,4.69,0.11,0.5,4.26,0.51,0.04,0.65,0.83,872.08
76.04,1.11,11.44,2.12,1.79,0.04,1.5,0.18,0.8,0.69,1.11,0.58,0.01,1.98,0.61,1475.36
70.42,1.11,2.9,11.94,0.68,0.02,0.57,1.77,0.03,4.91,3.12,0.5,0.02,1.62,0.38,1522.42
72.6,0.44,8.35,5.52,0.36,0.03,1.69,0.76,0.03,1.23,4.9,0.83,0.03,2.79,0.45,935.74
65.66,0.46,11.27,6.1,1.24,0.01,0.1,4.56,0.88,4.85,3.58,0.68,0.03,0.38,0.19,1207.15
68.99,0.35,16.02,3.46,1.85,0.03,1.43,0.55,0.27,4.79,1.33,0.3,0.01,0.39,0.23,1008.03
68.23,0.67,2.2,16.04,1.57,0,0.77,0.34,0.79,3.69,4.51,0.24,0.02,0.55,0.37,1277.62
66.35,0.63,0.96,14.3,1.09,0.04,0.54,4.52,1,4.6,3.89,0.81,0.03,0.57,0.68,1276.55
67.68,0.82,17.63,3.54,0.65,0.03,0.34,0.11,0.34,4.33,0.22,0.43,0.04,2.86,0.99,1393.32
68.59,0.51,17.11,0.71,1.49,0.03,0.5,2.54,0.13,4.36,1.79,0.63,0.01,0.62,0.99,1191.79
72.66,0.61,8.9,3.5,1.47,0.02,0.37,1.66,0.56,3.63,2.41,0.53,0.01,2.74,0.93,1176.73
70.39,0.82,0.32,10.74,1.26,0.05,1.99,4.29,0.06,4.77,3.06,0.8,0.02,0.96,0.46,1381.17
80.2,1.03,0.68,3.02,0.25,0.02,1.99,0.87,0.15,4.58,4.41,0.03,0.04,1.97,0.77,1335.94
68.96,0.6,17.84,0.88,0.47,0.02,0.9,4.61,0.56,0.23,2.04,0.42,0.05,1.8,0.64,1277.76
61.28,0.77,4.27,17.48,1.46,0.04,1.99,4.01,0.83,4.76,0.76,0.5,0.03,0.99,0.84,1533.35
53.47,0.92,12.98,19.94,0.52,0.04,1.1,1.56,0.16,4.48,2.98,0.82,0.03,0.66,0.34,1605.54
50.28,0.02,17.74,19.61,1.99,0.02,1.93,1.98,0.03,1.12,4.73,0.01,0.03,0.23,0.29,916.61
56.25,0.11,15.47,11.82,1.8,0.03,1.94,2.55,0.64,2.88,2.42,0.85,0.03,2.4,0.79,1025.81
62.58,0.25,10.5,13.55,1.99,0,0.18,0.39,0.4,4.11,4.22,0.74,0.04,0.97,0.09,913.39
55.74,0.08,15.34,14.61,1.4,0.02,0.76,4.79,0.06,3.87,1.55,0.04,0.04,0.99,0.72,1046.76
65.37,0.94,10.46,5.73,1.47,0.03,0.03,4.51,0.55,4.34,4.41,0.44,0.03,1.25,0.45,1651.81
68.26,1.08,14.19,2.53,1.22,0.05,1.19,3.93,0.77,1.75,1.86,0.72,0.02,1.71,0.71,1623.24
74.32,0.18,5.25,10.15,0.68,0.03,0.11,2.55,0.37,2.67,2.11,0.28,0.05,0.55,0.68,806.88
62.43,1.11,9.7,17.53,0.25,0.02,0.91,0.04,0.44,1.85,3.35,0.94,0,0.98,0.44,1616.57
75.65,0.54,0.49,14.2,1.77,0.03,1.16,0.81,0.22,1.18,2.15,0.93,0.03,0.58,0.27,941.47
72.95,0.47,11.22,8.8,0.78,0.03,0.48,0.39,0.02,1.26,0.46,0.34,0.04,2.15,0.61,924.85
76.06,1.06,7.19,8.02,0.81,0,1.95,0.69,0.34,1.6,0.37,0.15,0,0.88,0.87,1467.49
69.35,0.41,2.23,12.91,1.99,0.01,0.56,4.86,0.18,2.56,1.2,0.93,0.05,2.44,0.31,1019.55
62.09,1.07,16.46,8.38,1.31,0.01,0.87,3.16,0.39,1.79,0,0.8,0.04,2.91,0.72,1665.11
60.73,0.66,4.85,19.99,1.18,0.03,1.36,4.23,0.01,1.1,3.33,0.9,0.03,1.24,0.36,1324.13
66.96,0.73,5.25,18.5,1.1,0.04,0.43,1.72,0.87,0.25,2.56,0.48,0.04,0.85,0.22,1251.85
70.32,1.11,10.29,2.09,0.39,0.05,0.39,3.05,0.42,4.43,3.78,0.6,0,2.64,0.44,1621.27
73.82,0.84,1.25,14.9,0.68,0.02,0.24,0.73,0.19,1.64,4.46,0.37,0.04,0.25,0.59,1225.76
54.29,0.58,17.6,16.92,0.91,0.04,0.39,2.81,0.07,1.74,1.13,0.72,0.02,2.25,0.52,1335.78
60.69,1,16.26,11.44,1.51,0.04,0.31,0.82,0.07,1.6,2.37,1,0.02,2.18,0.69,1530.31
73.81,0.25,1.05,10.92,1.4,0.05,0.72,4.48,0.38,3.45,2.99,0.05,0,0.06,0.37,883.85
67.9,0.73,5.2,15.94,1.6,0.04,1.05,1.42,0.81,0.93,1.45,0.18,0.03,2.06,0.65,1264.22
70.63,0.5,1.8,18.22,1.02,0.02,1.18,0.96,0.13,2.03,1.14,0.24,0.04,1.59,0.48,998.67
58.53,0.14,15,11.68,0.29,0.01,0.96,3.46,0.24,2.67,3.42,0.45,0.04,2.61,0.47,975.84
84.24,1.17,1.36,0.07,0.76,0.03,1.26,2.38,0.12,0.85,4.26,0.87,0.03,1.99,0.6,1382.25
76.28,0.84,9.67,0.37,1.91,0.04,0.52,3.08,0.92,0.48,2.52,0.46,0.02,2.51,0.38,1266.73
86.08,0.09,1.19,0.85,0.82,0.04,0.41,3.23,0.69,1.28,3,0.68,0.02,1.01,0.62,575.87
80.38,0.48,8.36,1.52,1.11,0.02,0.24,2.33,0,2.01,0.53,0.02,0.04,2.75,0.21,931.73
71.88,0.65,5,9.87,0.87,0.01,1.4,0.63,0.05,3.84,3.33,0.5,0.02,1.49,0.44,1141.94
55.61,0.64,12.45,14.22,0.76,0.02,0.75,2.68,0.45,4.45,3.48,0.9,0.04,2.91,0.64,1337.38
82.76,1.16,2.85,1.05,1.16,0.05,0.84,1.06,0.52,3.24,1.58,0.71,0.05,2.69,0.29,1373.77
70.57,0.48,1.81,15.24,0.73,0.04,1.85,0.12,0.99,3.55,2.6,0.39,0.03,0.97,0.62,979.47
70.55,0.12,11.18,5.51,0.04,0.03,1.16,2.13,0.07,4.47,3.06,0.12,0.03,1.49,0.06,826.06
66.26,0.9,3.65,17.25,0.69,0.05,0.14,2.43,0.6,1.24,3.86,0.63,0,1.83,0.49,1408.22
48.17,0.24,17.92,17.94,0.59,0.03,0.63,3.88,0.93,1.79,4.03,0.5,0.02,2.82,0.51,1264.62
65.27,0.32,5.85,18.64,1.36,0.04,0.54,2.72,0.97,1.59,0.8,0.51,0.02,0.48,0.89,1009.43
67.67,1.19,10.23,15.49,1.72,0.04,0.09,0.79,0.07,0.05,1.53,0.39,0.01,0.19,0.53,1590.37
49.87,0.02,15.17,19.1,1.43,0.04,1.87,1.05,0.99,3.87,3.63,0.36,0.03,1.96,0.62,960.59
82.14,0.85,1.48,7.11,0.87,0.01,0.35,0.69,0.37,2.47,0.31,0.95,0.04,2.19,0.17,1157.6
60.89,1.18,13.46,11.52,1.7,0.01,0.03,3.45,0.1,0.58,3.72,0.27,0.03,2.75,0.32,1796.13
80.6,0.27,1.92,2.61,0.12,0,0.86,1.6,0.71,4.35,3.92,0.53,0.01,2.13,0.36,765.74
64.23,1.05,16.24,6.78,0.71,0.03,1.47,0.32,0.59,4.76,1.31,0.91,0.05,0.81,0.75,1595.93
60.17,0.29,13.28,15.95,0.49,0.04,1.62,1.79,0.17,0.46,2.88,0.98,0.04,1.31,0.54,947.6
65.4,0.58,8.34,10.44,1.91,0.03,1.21,0.64,1,3.86,4.39,0.41,0.03,1.57,0.19,1197.4
65.63,0.83,16.25,3.27,0.17,0.04,0.55,3.12,0.7,1.61,4.08,0.55,0.04,2.29,0.87,1436.76
60.84,1.07,8.42,16.99,0.65,0.02,1.79,2.13,0.79,1.18,4.74,0.57,0.04,0.27,0.49,1599.27
68.82,1.08,15.79,0.94,0.61,0.02,0.34,3.65,0.18,1.73,3.32,0.48,0.04,2.88,0.12,1552.46
82.85,0.5,0.59,2.72,0.64,0.02,1.8,3.71,0.97,3,1.21,0.33,0.02,0.98,0.67,1050.16
77.49,0.64,6.94,2.98,0.04,0.01,0.21,3.93,0.11,3.62,1.93,0.07,0.04,1.74,0.24,1167.98
79.25,0.85,5.21,1.24,1.72,0.02,0.39,2.58,0.91,0.22,3.83,0.57,0.02,2.23,0.97,1257.09
62.97,0.28,2.59,18.26,1.34,0.02,1.15,3.73,0.77,4.6,2.13,0.29,0.03,1.25,0.59,1042.15
57.76,0.57,12.44,15.99,0.99,0.01,0.83,3.93,0.41,3.48,2.54,0.24,0.04,0.25,0.52,1355.99
72.37,0.26,1.21,10.06,1,0.04,1.49,3.64,0.41,3.16,2.88,0.42,0.03,2.84,0.19,845.63
63.08,0.76,2.36,17.65,1.66,0.03,0.92,4.66,0.83,2.5,3.51,0.57,0.03,0.99,0.46,1398.1
68.13,0.1,6.43,13.92,1.91,0.05,1.11,3.03,0.19,3.48,0.35,0.28,0.03,0.93,0.05,786.7
78.71,0.09,1.35,5.04,0.36,0.04,0.64,4.02,0.17,2.46,3.44,0.65,0.03,2.77,0.23,672.59
70.64,0.6,15.91,1.56,0.11,0.01,1.27,1.3,0.19,2.29,3.07,0.25,0.02,1.84,0.95,1207.29
73.22,0.45,4.9,9.09,1.61,0.02,1.69,4.94,0.07,0.23,0.75,0.38,0.01,2.61,0.02,1042.24
68.05,0.39,3.32,18.63,1.34,0.05,1.94,2.49,0.23,0.97,1.11,0.71,0,0.15,0.61,1023.9
64.45,0.45,14.51,10.67,0.21,0.04,1.91,0.3,0.39,2.44,0.73,0.87,0.01,2.35,0.67,1112.41
77.69,0.72,3.46,4.41,0.09,0.01,0.69,4.17,0.37,3.77,2.2,0.78,0.05,0.72,0.86,1275.38
71.36,0.79,7.63,4.56,0.14,0.03,1.98,3.69,0.33,4.14,3.84,0.28,0,0.35,0.88,1409.08
74.01,1.01,5.31,5.7,1.59,0.05,1.56,3.03,0.24,2.63,1.17,0.81,0.02,2.5,0.38,1434.7
69.52,0.53,11.08,1.41,1.9,0.03,1.02,4.2,0.87,2.61,4.64,0.06,0.01,1.79,0.35,1265.24
72.12,0.56,5.91,8.09,1.65,0.03,1.99,3.93,0.27,1.32,1.68,0.84,0,0.69,0.9,1133.03
49.31,0.27,15.53,17.88,0.51,0.02,1.67,3.86,0.81,2.59,4.56,0.33,0.01,2.13,0.54,1251.92
71.45,1.03,1.46,16.87,0.59,0.03,0.08,3.05,0.72,1.84,1.08,0.54,0.04,0.97,0.25,1470.67
59.28,0.16,17.73,12.16,1,0.02,1.8,1.22,0.29,0.61,3.8,0.6,0.03,0.66,0.65,950.05
62.13,0.92,6.44,16.03,0.7,0.04,0.07,2.76,0.97,4.91,1.41,0.44,0,2.62,0.57,1546.89
66.11,1.14,9.54,5.66,0.7,0.01,1.2,4.65,0.86,2.3,4.13,0.42,0.01,2.95,0.3,1719.64
70.83,0.4,17.81,2.68,1.52,0.05,1.02,0.01,0.38,0.56,2.08,0.79,0.02,1.3,0.56,971.96
59.38,0.38,14.79,11.32,0.6,0.01,0.72,3.11,0.23,4.6,2.87,0.92,0,1.03,0.02,1184.41
68.79,0.33,15.52,0.73,0.87,0.01,0.83,4.19,0.62,3.68,1.75,0.94,0.04,1.27,0.43,1102.22
69.72,0.85,7.51,4.47,1.45,0.03,1,3.12,0.21,3.97,4.74,0.89,0.02,1.22,0.81,1454.53
59.79,0.72,9.86,18.53,1.07,0.03,0.08,0.35,0.01,4.57,2.04,0.47,0.04,1.83,0.61,1351.1
86.05,0.21,0.96,3.83,0.54,0.01,1.34,1.09,0.68,0.46,0.74,0.51,0.05,2.58,0.97,594.58
63.16,0.78,12.16,12.5,1.25,0.01,1.09,1.93,0.44,2.62,0.64,0.36,0,2.94,0.12,1417.42
77.14,0.58,2.44,7.68,0.23,0.01,0.1,2.19,0.81,2.93,3.03,0.2,0.02,2.54,0.09,1047.82
58.69,1.03,8.71,16.74,0.64,0.02,1.5,3.92,0.23,4.86,0.42,0.07,0.03,2.17,0.96,1724.46
75.04,0.73,5.21,8.66,0.98,0,0.97,2.13,0.71,3.23,0.93,0.21,0.01,0.54,0.66,1254.19
58.88,1.19,11.74,12.13,0.82,0.02,1.82,4.85,0.5,1.45,3.85,0.13,0.04,2.46,0.12,1817.92
70.98,0.3,10.48,8.4,0.41,0.02,1.33,0.35,0.33,0.09,3.75,0.64,0,2.89,0.02,832.29
58.94,0.71,13.97,15.76,0.07,0.05,1.84,2.81,0.48,0.22,2.81,0.41,0.04,1.21,0.68,1402.03
63.21,0.74,10.35,13.61,0.68,0.02,0.63,3.56,0.16,0.07,2.98,0.94,0.03,2.35,0.67,1335.85
58.97,0.6,12.93,16.48,0.45,0.02,0.45,2.26,0.89,1.73,1.87,0.86,0.03,1.61,0.86,1376.32
72.14,0.11,3.22,8.09,0.99,0.05,1.94,4.26,0.32,4.82,3.45,0.39,0.04,0.05,0.15,818.8
66.48,1,11.62,7.28,1,0.05,1.26,1.99,0.12,1.47,4.89,0.44,0.02,1.5,0.88,1549.35
61.15,0.47,0.52,18.62,1.9,0.05,1.89,4.08,0.68,4.22,3,0.13,0.02,2.91,0.35,1254.51
83.49,1.04,1.68,6.68,0.7,0,0.24,0.97,0.84,0.32,1.49,0.01,0.03,1.86,0.64,1256.7
69.49,0.87,14.6,2.77,0.97,0.01,0.34,3.67,0.54,1.08,1.55,0.97,0.04,2.64,0.46,1408.39
81.03,0.75,6.78,1.55,0.8,0.03,0.57,4.24,0.15,1.84,0.62,0.4,0,0.82,0.4,1285.46
64.34,0.34,9.41,10.18,0.63,0.04,1.09,1.66,0.95,4.23,4.91,0.69,0.02,0.84,0.66,1023.78
54.05,1.18,11.28,17.63,0.66,0.02,1.81,3.78,0.98,3.87,2.24,0.53,0.05,1.65,0.26,1910.3
69.56,0.13,13.39,2.19,0.81,0.04,0.94,4.21,0.34,4.79,1.05,0.04,0.04,2.26,0.23,814.39
60.7,1.18,9.04,19.02,1.01,0.02,0.9,1.67,0.53,2.26,0.18,0.26,0.01,2.6,0.6,1690.49
58.29,0.49,8.47,17.91,1.12,0.01,1.49,2.53,0.16,2.88,4.56,0.84,0.03,1.13,0.09,1180.15
67.82,0.57,13.54,7.21,0.47,0.05,1.64,3.19,0.14,0.72,0.52,0.62,0.01,2.53,0.99,1162.89
51.56,0.86,16.87,17.88,0.12,0.01,1.51,3.44,0.13,2.51,3.9,0.22,0.04,0.16,0.78,1566.66
63.9,0.74,5.67,14.42,1.56,0.05,0.74,3.43,0.6,2.63,4.45,0,0.01,1.61,0.18,1374.6
65.3,0.58,14.66,9.02,1.12,0,0.73,0.69,0.69,2.4,1.51,0.47,0.01,2.78,0.05,1215.98
63.08,1.04,9.2,12.38,0.61,0.05,0.56,2.94,0.99,4.41,2.68,0.99,0.04,0.63,0.41,1612.02
71.24,0.91,10.52,0.76,1.75,0.01,1.99,4.77,0.94,4.06,1.1,0.53,0.01,0.78,0.61,1549.83
52.58,0.06,17.45,18.37,0.76,0.03,0.93,4.41,0.69,1.39,2.23,0.43,0.05,0.53,0.09,991.58
71.79,0.8,10.14,1.39,1.19,0,0.65,4.66,0.3,4.7,1.25,0.31,0.03,2.28,0.5,1467.69
65.42,1.06,0.72,18.44,0.39,0.04,0.8,4.16,0.67,0.88,4.59,0.25,0.01,2.44,0.11,1547.75
71.77,1,2.65,10.95,1.42,0.04,1.87,3.92,0.65,2.17,0.56,0.71,0.05,2.21,0.02,1422.43
62.2,0.6,11.06,13.79,1.44,0.03,0.45,4.71,0.7,1.18,1.61,0.92,0.04,1.22,0.04,1331.23
73.22,0.76,12.91,0.38,0.21,0.02,0.31,0.38,0.64,4.08,3.76,0.82,0.03,2.21,0.27,1301.32
74.54,1.19,3.3,4.29,0.58,0.05,1.98,3.97,0.63,2.6,4.85,0.7,0.05,0.95,0.33,1605.06
56.04,1.14,9.13,18.53,0.67,0.04,0.97,3.13,0.5,4.84,3.46,0.25,0.05,0.88,0.37,1795.47
65.99,0.13,16.2,5.72,0.52,0.05,1.61,0.71,0.77,4.57,0.39,0.83,0.03,2.01,0.49,841.46
73.45,0.99,5.65,9.08,0.86,0.04,0.96,3.94,0.07,0.96,2.76,0.95,0,0.13,0.16,1415.02
63.45,0.77,7.18,16.51,0.14,0.01,0.6,3.13,0.69,0.62,4.72,0.34,0.04,1.57,0.22,1355.4
74.23,0.48,10.59,5.16,1.38,0.02,1.69,1.09,0.01,1.34,0.96,0.51,0.01,2.29,0.24,990.06
55.17,0.85,10.41,19.72,2,0.04,1.52,1.93,0.75,4.78,0.12,0.54,0.01,1.67,0.47,1638.99
60.5,1.15,9.94,16.92,0.64,0.02,0.94,1.39,0.38,2.99,2.9,0.64,0.02,0.95,0.61,1760.76
87.07,0.17,4.55,0.84,0.15,0.01,0.04,1.23,0.65,0.31,2.18,0.91,0.04,0.92,0.92,555.19
63.14,1.19,15.66,9.32,1.33,0.03,0.39,1,0.47,4.56,0.05,0.78,0,1.43,0.64,1751.91
78.07,0.83,1.05,8.37,1.17,0,0.27,3.32,0.52,0.81,2.68,0.91,0,1.93,0.07,1272.6
64.3,0.35,11.26,8.22,0.47,0.03,1.59,4.16,0.85,1.69,3.97,0.21,0.04,2.85,0.01,1065.49
64.31,0.53,11.66,14.04,0.35,0.05,1.23,0.82,0.02,3.92,0.4,0.14,0.03,1.81,0.69,1185.97
67.4,1.17,4.88,14.06,1.86,0.03,1.36,1.12,0.54,2.81,3.5,1,0,0.2,0.08,1596.07
66.76,0.89,2.45,12.45,0.65,0.02,0.43,4.33,0.59,4.72,2.87,0.12,0.01,2.97,0.73,1528.64
82.69,0.5,5.53,3.08,1.68,0,0.58,1.53,0.16,2.54,0.06,0.3,0.05,0.93,0.36,916.52
62.8,0.57,10.11,16.17,0.38,0.04,1.52,3.61,0.09,0.11,2.97,0.86,0.03,0.64,0.09,1206.88
74.19,0.22,0.51,8.17,1.17,0.04,1.62,3.05,0.11,3.41,4.92,0.91,0.04,0.91,0.75,846.49
72.55,1.02,12.21,5.01,1.91,0.02,0.26,0.55,0.65,2.19,0.47,0.74,0.04,2.18,0.2,1414.47
80.78,1,7.03,0.23,0.7,0.02,1.9,4.71,0.18,0.93,0.82,0.79,0,0.38,0.54,1374.39
76.86,0.3,1.66,7.2,0.55,0.03,1.96,0.62,0.37,4.66,4.38,0.39,0.03,0.26,0.71,838.38
73.69,0.6,3.37,12.68,1.18,0.03,0.05,2.74,0.59,1.04,1.04,0.28,0.04,1.82,0.85,1118.86
57.12,0.36,16.42,14.87,0.79,0,0.51,4.78,0.31,1.65,0.95,0.81,0.01,0.99,0.41,1149.21
51.41,0.61,14.66,16.39,1.6,0.01,1.6,0.6,0.12,4.74,4.1,0.55,0.04,2.97,0.61,1350.83
67.83,0.74,13.58,4.64,0.33,0.04,0.69,0.68,0.31,1.79,4.83,0.7,0.03,2.91,0.9,1281.4
79.19,0.49,4.15,4.65,1.32,0.03,1.32,3.43,0.02,0.27,2.66,0.19,0.03,1.66,0.59,953.54
58.09,0.37,11.52,16.59,2,0.04,1.11,0.97,0.68,4.69,1.06,0.26,0.01,2.21,0.41,1095.33
70.11,0.42,5.22,9.11,0.67,0.03,1.55,3.37,0.29,2.64,4.2,0.07,0,1.67,0.64,1076.66
61.73,0.26,13.41,12.93,1.85,0.01,1.5,0.42,0.57,2.76,1.94,0.84,0,1.56,0.22,1002.04
71.98,1,2.75,12.61,0.03,0.04,1.45,2.66,0.73,0.47,2.64,0.29,0.05,2.57,0.73,1416.28
64.2,1.12,6.24,18.02,0.65,0.04,1.47,0.09,0.36,0.1,4.99,0.12,0.03,2.37,0.2,1568.51
66.06,0.2,14.01,5.99,0.42,0.03,0.82,4.6,0.88,2.42,1.8,0.33,0.01,1.63,0.8,1010.3
73.46,0.38,3.42,9.51,0.14,0.04,1.04,2.48,0.3,4.52,0.45,0.87,0.02,2.64,0.73,979.18
63.82,0.8,13.44,14.4,1.32,0.04,1.15,1.3,0.91,0.09,1.83,0.73,0.02,0.07,0.07,1320.26
61.91,0.78,17.37,11.04,1.01,0.02,0.51,0.1,0.27,2.25,0.99,0.09,0.04,2.68,0.94,1360.07
68.62,0.89,1.98,13.39,1.56,0.04,1.9,3.69,0.69,1.31,4.62,0.18,0.05,0.94,0.13,1411.68
69.75,0.99,0.04,16.64,0.52,0.04,1.38,3.33,0.37,0.3,4.15,0.17,0.02,1.8,0.48,1406.62
69.83,0.16,15.53,0.63,1.95,0.01,0.22,2.88,0.08,3.01,4.25,0.05,0.04,1.18,0.16,857.98
65.53,0.22,16.54,2.21,1.73,0.03,0.08,2.32,0.82,3.63,2.44,0.86,0.01,2.73,0.85,1044.78
66.73,0.66,12.15,11.21,0.71,0.03,0.51,2.2,0.28,0.61,1.61,0.85,0.02,2.24,0.18,1213.98
84.55,0.52,2.07,2.77,1.23,0.03,0.43,2.37,0.86,0.87,0.1,0.65,0,2.94,0.61,849.12
67.15,0.69,1.63,18.6,1.25,0.01,1.13,0.67,0.02,3.15,3.24,0.58,0.01,1.81,0.06,1152.41
55.9,0.73,9.97,13.11,1.79,0.04,1.96,4.88,0.77,4.78,4.34,0.73,0,0.15,0.84,1645.77
68.09,0.38,7.16,14,1.83,0,1.72,3.97,0.32,1.78,0.23,0.02,0.02,0.29,0.19,1065.66
60.85,1.02,10.28,12.67,0.37,0.04,1.74,2.62,0.91,4.22,3.66,0.73,0.01,0.81,0.07,1642.86
65.48,1.16,10.75,4.75,0.99,0.01,1.97,4.24,0.03,4.74,3.61,0.08,0.03,1.94,0.22,1775.89
76.78,0.91,1.57,9.79,0.02,0.05,1.5,0.79,0.34,0.8,3.83,0.06,0.04,2.83,0.68,1194.79
64.46,0.58,10.88,13.37,1.11,0.02,1.78,0.41,0.47,3.88,0.3,0.71,0.04,1.98,0.01,1145.03
74.99,0.22,6.16,4.67,1.93,0.03,0.59,4.65,0.74,1.42,1.89,0.2,0.05,1.55,0.9,920.34
46.89,0.07,17.68,18.24,0.73,0.04,1.5,4.51,0.31,2.33,4.32,0.78,0.02,2.54,0.05,1054.61
76.52,0.94,3.72,5.72,0.99,0.02,1.04,2.72,0.33,0.88,3.84,0.4,0.03,1.93,0.91,1344.82
63.08,1.01,17.81,9.45,1.94,0.03,0.92,1.66,0.66,1.15,0.52,0.03,0.01,1.19,0.55,1598.58
65.48,0.36,17.71,5.83,0.88,0.01,0.52,0.24,0.56,3.76,0.98,0.37,0,2.52,0.78,1061.66
65.34,1.15,7.06,10.52,0.71,0.03,1.96,4.99,0.77,2.02,2.47,0.36,0.05,2.12,0.45,1706.21
54.36,0.02,9.37,19.68,1.05,0.01,0.04,1.77,0.92,4.98,4.73,0.73,0.03,1.77,0.54,916.02
79.33,0.81,2.19,5.31,1.67,0.05,1.08,0.16,0.93,3.51,2.07,0.6,0.02,1.4,0.89,1259.97
93.18,0.2,1.87,0.05,0.63,0.01,0.44,0.06,0.23,1.66,0.16,0.61,0.03,0.29,0.6,485.44
69.49,0.36,5.79,10.46,1.32,0.04,0.49,1.61,0.31,1.81,5,0.78,0.05,2.08,0.41,908.55
69.7,0.47,8.79,8.34,1.66,0.02,0.59,3.87,0.85,2.1,3.34,0.06,0.03,0.13,0.03,1084.61
65.2,0.89,16.13,2.79,1.45,0.03,0.22,3.26,0.61,2.58,4.63,0.52,0.05,1.53,0.12,1530.5
69.68,0.57,3.28,11.94,1.39,0.02,0.2,2.34,0.08,3.41,3.95,0.96,0.01,1.6,0.57,1140.96
62.08,0.18,7.85,13.1,1.4,0.04,0.36,4.76,0.06,4.92,4.29,0.66,0.04,0.22,0.04,1012.99
76.64,0.13,1.57,10.95,0.43,0.04,0.89,3.48,0.65,1.6,1.22,0.34,0.04,1.76,0.25,679.56
55.66,0.88,16.69,15,0.88,0.01,1.61,2.3,0.08,3.6,1.46,0.05,0.05,1.45,0.28,1635.82
68.03,0.86,15.95,0.01,1.38,0.04,0.42,2.45,0.09,3.73,4.24,0.11,0.04,2.31,0.35,1433.21
60.04,0.75,11.96,11.23,1.71,0.03,1.82,2.91,0.17,4.57,3.41,0.7,0.05,0.23,0.43,1481.36
55.34,0.29,11.35,16.14,1.93,0.02,1.57,4.59,0.68,1.21,3.04,0.97,0.05,1.93,0.89,1152.61
78.76,1.14,2.43,3.82,0.84,0.03,1.21,1.46,0.92,4.58,1.96,0.43,0.04,1.99,0.38,1491.48
75.08,0.5,6.26,4.71,0.92,0.03,1.48,3.89,0.37,3.82,0.03,0.48,0.04,1.89,0.47,1119.08
51.55,0.68,14.4,19.61,1.41,0.03,0.07,1.87,0.57,3.99,2.19,0.96,0.01,2.23,0.42,1477.91
65.31,0.59,14.45,5.92,0.19,0.03,1.06,3.99,0.97,0.28,2.96,0.68,0.05,2.83,0.71,1219.61
63.39,0.47,10.53,14.5,1.27,0.04,0.86,3.64,0.14,0.81,0.81,0.89,0,2.4,0.23,1130.77
59.35,0.57,16.49,11.72,0.42,0.01,1.84,2.14,0.59,2.3,1.89,0.22,0.03,2.15,0.27,1299.47
75.03,1.11,2.9,6.08,1.72,0.01,0.01,4.35,0.33,2.07,2.23,0.85,0.02,2.68,0.62,1566.29
72.91,0.64,5.86,4.87,1.25,0.02,1.82,2.46,0.51,2.08,3.95,0.42,0.01,2.59,0.6,1233.02
83.33,0.87,5.64,0.68,1.62,0.01,1.44,0.41,0.38,0.32,2.61,0.65,0.01,1.11,0.93,1222.28
50.58,0.54,14.45,18.54,1.95,0.04,0.63,4.81,0.81,4.19,0.08,0.95,0.04,2.3,0.08,1373.93
76.84,1.01,1.57,8.34,0.75,0.02,0.62,1.05,0.17,3.2,4.6,0.51,0.01,0.48,0.83,1373.77
71.32,1.17,6.28,5.82,1.2,0.04,0.91,3.15,0.72,4.8,0.83,1,0.02,2.17,0.57,1736.24
78.49,0.48,2.27,9.78,1.04,0.01,1.87,1.14,0.41,0.77,2.68,0.31,0.02,0.67,0.05,891.1
67.14,0.94,11.54,6.81,0.09,0.04,0.34,4.65,0.48,1.7,3.71,0.88,0.02,1.22,0.43,1516.8
83.07,0.3,3.33,4.61,0.53,0.01,1.32,0.58,0.39,3.13,1.45,0.07,0,0.38,0.84,786.67
79.63,0.79,1.16,7.82,0.56,0.03,1.05,2.41,0.31,0.69,3.71,0.88,0.05,0.18,0.74,1172.6
71.29,0.08,11.36,7.02,1.54,0.04,0.73,2.63,0.12,2.08,1.8,0.18,0.04,0.44,0.64,717.17
52.79,1.07,16.42,15.86,0.35,0.04,0.55,4.61,0.71,3.93,0.43,0.58,0.04,2.58,0.03,1863.56
71.79,0.14,0.86,15.7,0.77,0.01,1.53,4.25,0.59,0.81,0.08,0.7,0.03,1.95,0.81,833.34
60.94,0.53,2.24,18.8,1.09,0.03,1.87,4.66,0.57,1.49,4.99,0.68,0.02,1.68,0.42,1235.47
57.51,0.99,15.12,16.49,1.44,0.04,0.77,0.57,0.84,2.49,0.64,0.12,0.01,2.25,0.71,1649.55
66.23,0.25,15.24,5.63,1.59,0.02,1.46,1.91,0.35,4.21,0.18,0.97,0.03,1.3,0.63,1003.61
68.38,1.18,4.23,14.45,0.87,0.03,0.41,2.35,0.98,0.98,3.18,0.58,0.03,1.85,0.5,1581.1
51.69,0.03,16.2,16.54,0.35,0.02,1.54,4.9,0.95,4.5,0.79,0.91,0.04,1.13,0.39,1135.24
81.36,0.32,0.41,2.82,0.88,0.01,1.53,0.53,0.92,4.48,4.54,0.74,0.01,1.31,0.13,795.19
68.71,1.19,5.99,11.71,1.56,0.05,1.51,3.37,0.47,3.03,0.47,0.88,0.03,0.12,0.92,1733.43
69.83,1.03,14.68,1.23,0.49,0.04,1.8,2.29,0.44,0.88,4.84,0.21,0.01,1.98,0.24,1499.71
88.31,1.13,0.2,0.12,1.01,0.02,0.33,2.47,0.41,4.45,0.05,0.98,0.03,0.46,0.05,1334.45
64.09,0.37,4.41,13,1.11,0,1.05,3.96,0.08,4.45,2.89,0.95,0.01,2.98,0.64,1127.8
78.57,0.69,9.28,0.47,1.88,0.03,0.18,0.1,0.05,3.05,3.07,0.5,0.02,1.6,0.52,1112.06
72.15,0.73,8.16,4.45,1.48,0.05,0.47,0.88,0.7,4.88,3.75,0.28,0.02,1.15,0.85,1267.41
65.41,0.93,10.6,5.5,1.88,0.03,1.94,2.9,0.82,4.07,1.69,0.96,0,2.31,0.97,1637.9
57.4,0.68,13.71,17.32,1.21,0.04,0.62,1.14,0.43,3.39,0.94,0.68,0.02,2.39,0.04,1303.21
49.61,0.8,11.7,18.82,1.43,0.04,1.81,3.38,0.29,4.35,3.74,0.42,0.04,2.6,0.98,1633.5
78.74,0.51,1.97,4.95,1.76,0.02,1.24,3.33,0.78,0.91,1.52,0.45,0.02,2.95,0.83,1041.3
64.3,0.58,15.83,6.95,1.57,0.01,1.54,2.28,0.11,1.37,2.01,0.75,0,1.98,0.72,1285.55
57.56,0.22,10.57,18.82,1.22,0.03,1.47,1.67,0.7,4.58,0.05,0.87,0.01,1.37,0.85,1090.87
52.49,0.99,16.05,18.81,0.89,0.03,0.78,1.75,0.43,3.72,2.51,0.81,0.04,0.06,0.63,1650.23
63.09,0.98,9.86,17.71,1.43,0.03,1.51,0.19,0.03,0.42,2.19,0.24,0.05,1.63,0.66,1367.59
74.65,0.34,5.79,6.71,1.4,0.02,1.04,2.96,0.77,0.45,3.88,0.56,0.03,0.98,0.41,911.23
68.38,0.59,3.96,10.15,0.08,0.05,1.64,3.63,0.61,2.9,4.98,0.28,0.04,1.74,0.98,1214.28
56.69,1,17.97,11.77,0.41,0.03,1.42,3.87,0,2.53,1.18,0.87,0.01,2,0.27,1698.19
80.53,0.3,1.71,1.39,1.01,0.03,0.65,3.45,0.06,4.29,4.08,0.99,0.05,1.07,0.4,819.42
80.85,0.9,2.41,6.28,0.24,0.02,1.1,1.06,0.03,3.6,0.1,0.97,0.01,1.99,0.43,1223.3
56.48,0.62,15.38,14.65,0.16,0.01,0.62,0.58,0.46,4.92,2.57,0.74,0.03,2.55,0.22,1312.53
67.87,0.91,15.86,3.43,0.69,0.05,1.56,1.41,0.56,2.02,2.45,0.36,0.01,2.02,0.78,1432.42
57.73,0.52,16.23,9.09,0.39,0.01,0.95,3.81,1,3.94,4.39,0.75,0.04,0.23,0.93,1404.26
67.68,0.48,16.59,1.51,1.43,0.04,1.99,3.84,0.38,2.79,1.83,0.2,0.01,0.67,0.55,1189.55
70.89,0.12,6.99,11.75,1.16,0.03,0.68,3.53,0.83,1.73,0.43,0.3,0.01,1.4,0.16,789.01
73,0.56,3.98,14.77,0.06,0.03,0.34,0,0.87,3.36,0.49,0.66,0.03,1.42,0.42,1022.68
57.22,0.48,5.92,15.42,1.83,0.04,1.6,4.93,0.7,3.76,4.91,0.01,0.03,2.22,0.92,1352.55
51.95,1.06,15.16,18.92,1.07,0,0.02,2.72,0.44,2.26,2,0.92,0.02,2.57,0.9,1689.04
65.78,0.92,12.74,6.57,0.21,0.01,0.26,1.47,0.26,3.19,4.77,0.69,0.05,2.35,0.73,1450.4
62.71,0.5,5.85,16.93,1.81,0.02,0.02,3.96,0.29,0.05,4.02,0.52,0.03,2.74,0.54,1092.73
67.26,0.37,14.34,8.98,0.33,0,0.95,2.32,0.65,2.36,0.72,0.51,0.05,0.48,0.69,1061.75
69.89,0.72,13.47,3.01,1.88,0.03,1.69,1.23,0.74,3.91,1.99,0.38,0.03,0.28,0.74,1308.62
56.98,1.17,15.63,12.53,1.64,0.04,0.52,4.25,0.19,2.07,2.79,0.71,0,0.87,0.61,1842.46
62.28,0.44,13.95,13.03,0.47,0.01,1.26,2.25,0.17,1.63,1.52,0.11,0.03,2.29,0.58,1117.62
59.35,0.53,10.97,13.52,1.39,0.04,1.3,0.47,0.7,3.62,4.97,0.69,0.03,1.54,0.87,1233.41
59.05,1.2,14.02,12.25,0.16,0.04,1.42,3.88,0.12,3.27,1.48,0.76,0.01,2.05,0.29,1819.2
62.09,1.11,17.45,4.72,1.62,0.02,1.8,3.94,0.07,2.04,1.69,0.79,0.02,2.05,0.6,1724.4
63.01,1.17,16.88,8.55,1.45,0.04,1.8,0.34,0.3,1.6,2.17,0.17,0.02,1.99,0.5,1644.88
58.47,1.05,16.9,12.36,1.76,0.01,1.59,0.6,0.41,1.62,2.93,0.3,0.03,1.1,0.86,1664.38
77.69,0.76,3.88,6.72,1.69,0.02,1.07,3.24,0.35,1.47,2.38,0.21,0.01,0.19,0.3,1226.92
71.22,0.71,14.17,0.91,0.21,0.04,1.25,0.95,0.4,2.69,4.22,0.06,0.03,2.15,0.98,1238.85
65.26,0.97,4.97,14.19,1.53,0.04,1.64,4.52,0.1,0.52,3.98,0.25,0,1.2,0.82,1549.64
78.89,0.01,1.98,7.02,0.17,0.04,1.73,3.78,0.24,2.62,0.92,0.28,0.03,2.21,0.09,571.54
65.04,0.36,16.68,8.58,1.88,0.05,1.05,1.44,0.79,0.8,1.26,0.78,0.02,0.6,0.65,1025.88
81.4,0.34,3.98,7.6,1.53,0.04,1.33,0.03,0.14,1.12,1.36,0.15,0.02,0.23,0.75,754.12
73.37,0.95,10.34,1.79,1.78,0.05,0.4,3.52,0.84,2.7,1.62,0.48,0.03,1.2,0.93,1470.71
74.94,0.71,12.4,2.8,0.72,0.05,1.13,1.08,0.12,2.59,2.74,0.33,0.03,0.21,0.15,1175.29
67.19,0.66,1.11,17.62,0.28,0.03,0.78,2,0.76,2.5,3.63,0.51,0.03,2.28,0.61,1241.5
69.87,1.14,6.78,11.54,0.17,0.02,0.82,4.18,0.51,3.66,0.1,0.46,0.05,0.67,0.03,1655.53
63.68,0.53,12.68,9.09,0.92,0.03,0.51,3.76,0.15,1.98,3.28,0.83,0.04,2.17,0.36,1184.81
52.6,1.04,15.43,19.03,0.15,0.03,1.3,3.55,0.64,3.85,1.8,0.18,0.01,0.04,0.35,1786.78
68.42,0.12,5.79,12.56,1.79,0.04,0.51,0.67,0.19,4.85,2.75,0.18,0.04,1.19,0.9,772.04
48.83,0.61,16.07,17.38,1.15,0.01,0.81,4.88,0.61,3.91,2.25,0.53,0.02,2.11,0.85,1523.51
67.74,0.61,8.66,6.81,0.35,0.05,0.63,4,0.72,3.95,4.68,0.62,0.04,0.5,0.63,1253.44
56.96,0.89,14.01,16.62,0.63,0.03,0.61,3.7,0.46,2.99,2.08,0.16,0.01,0.23,0.62,1643.29
89,1.02,0.38,1.32,0.91,0.04,0.32,1.36,0.23,2,1.12,0.35,0.04,1.83,0.08,1179.67
68.24,1.12,5.21,14.52,1.46,0.01,1.81,2.46,0.68,0.73,1.29,0.59,0.02,1.5,0.37,1656.01
80.95,0.77,8.77,0.09,1.3,0.02,0.68,0.47,0.22,1.12,4.68,0.43,0,0.42,0.08,1069.06
62.79,0.6,6.66,16.08,0.64,0.02,1.44,2.17,0.79,3.31,2.05,0.5,0.05,1.98,0.9,1285.8
60.97,0.22,8.7,18.17,0.65,0.05,0.19,4.51,0.45,0.37,4.4,0.25,0,0.41,0.66,945.95
79.15,0.9,2.13,4.8,0.39,0.03,1.75,2.56,0.06,2.82,3.99,0.13,0,0.56,0.75,1294.45
71.51,0.71,9.73,4.99,0.66,0.05,0.48,4.51,0.58,0.62,2.34,0.95,0.02,2.59,0.26,1291.1
65.78,1.11,8.74,12.79,0.01,0.01,0.56,0.47,0.28,1.61,4.84,0.67,0.02,2.96,0.15,1514.06
73.68,0.58,11.65,1.11,1.43,0,0.28,0.8,0.93,3.42,3.28,0.56,0.01,1.86,0.41,1154.45
65.86,0.16,3.43,16.35,1.32,0.03,0.84,1.98,0.69,3.7,2.55,0.97,0.05,1.24,0.82,849.49
77.23,0.66,9.21,1.1,1.15,0.05,1.56,3.93,0.16,1.79,1.17,0.32,0.03,1.09,0.56,1118.87
70.35,0.12,16.05,0.23,0,0.04,1.99,3.64,0.02,1.13,4.86,0.81,0.03,0.71,0.01,774.25
75.86,0.03,11.02,0.44,1.99,0.01,1.42,0.78,0.54,0.4,3.83,0.58,0,2.55,0.55,585.58
68.9,0.93,4.76,14.54,1.67,0.04,0.55,2.01,0.41,2.46,0.84,0.45,0.03,1.6,0.82,1421.44
64.75,0.63,4.15,13.26,1.59,0.02,1.29,0.73,0.34,4.55,4.56,0.58,0.04,2.56,0.96,1327.65
80.75,0.5,1.3,8.46,1.58,0.04,1.78,0.26,0.53,0.54,1,0.9,0.02,2.28,0.06,832.83
65.1,0.51,12.14,2.67,0.65,0,1.3,4.85,0.83,4.87,4.23,0.86,0.03,1.55,0.41,1298.23
69.6,0.08,17.06,0.08,1.95,0.04,0.66,3.49,0.82,1.23,3.85,0.8,0.01,0.13,0.2,850.02
71.41,0.25,1.17,14.52,0.76,0.04,0.5,2.27,0.64,4.39,2.62,0.37,0.04,0.93,0.08,895.03
61.64,0.05,10.55,11.89,1.86,0.01,0.56,2.2,0.36,3.68,3.21,0.76,0.04,2.77,0.43,839.57
62.5,1.18,3.88,14.29,1.07,0.04,0.95,3.92,0.93,3.66,3.88,0.07,0.01,2.92,0.69,1727.06
67.87,0.06,6.64,9.98,0.42,0.01,1.02,2.93,0.24,2.94,4.5,0.47,0.04,2.78,0.09,780.96
68.85,0.12,8.57,11.76,0.85,0.02,1.28,0.01,0.97,1.16,4.59,0.11,0.01,0.7,1,785.97
48.83,0.44,17.25,17.87,0.87,0.03,1.94,4.91,0.45,4.24,1.51,0.37,0.01,0.63,0.66,1463.51
73.43,0.62,4.16,8.06,0.75,0.05,1.71,1.94,0.91,1.71,3.34,0.97,0.02,2.04,0.3,1126.05
57.37,1.18,8.16,18.75,1.83,0.01,0.8,3.22,0.52,0.48,4.97,0.75,0.02,1.85,0.09,1695.35
54.34,0.6,16.75,17.93,0.67,0.03,1.39,1.7,0.06,2.53,3.01,0.01,0,0.62,0.35,1285.16
68.54,0.34,15.65,2.9,0.99,0.05,1.25,3.59,0.43,0.1,3.23,0.63,0.01,1.39,0.92,1033.94
69.25,0.25,8.3,9.22,1.62,0.04,1.52,1.83,0.07,1.75,3.4,0.7,0.05,1.36,0.63,825.41
60.7,0.56,9.81,19.01,0.73,0.05,1.08,1.21,0.19,0.71,2.26,0.02,0.02,2.97,0.67,1156.14
73.74,0.91,2.14,9.46,0.57,0.04,0.36,2.29,0.59,2.57,4.15,0.23,0.02,2.38,0.53,1330.27
57.18,0.91,17.5,12.41,1.71,0.03,0.46,0.07,0.65,2.47,3.91,0.69,0.05,1.53,0.43,1521
64.7,0.35,8.58,17.46,0.08,0.05,1.99,2.99,0.33,1.12,1.38,0.05,0.02,0.17,0.72,980.5
50.25,0.66,17.53,13.9,0.98,0.04,1.47,4.46,0.2,4.29,1.51,0.94,0.01,2.78,0.96,1552
65.01,0.18,17.54,1.71,0.44,0.02,1.99,2.44,0.55,3.47,4.84,0.78,0.01,0.91,0.1,928.65
64.04,0.32,15.99,6.54,1.13,0.02,0.15,1.81,0.41,4.48,1.62,0.38,0.04,2.28,0.8,1086.29
67.29,1.14,14.32,8.15,1.64,0.03,0.56,1.51,0.22,0.72,0.92,0.06,0.04,2.79,0.59,1579.96
81.55,1.08,9.11,1.34,0.28,0.02,0.09,1.55,0.06,1.18,1.33,0.99,0.01,0.72,0.69,1383.98
62.53,1.03,6.97,17.51,0.68,0.01,0.66,3.05,0.37,3.36,1.18,0.7,0.02,1.37,0.56,1590.53
72.3,1,12.99,4.68,1.95,0.03,0.9,0.79,0.53,0.82,2.15,0.41,0.04,0.58,0.82,1462
64.97,0.4,7.99,15.45,1.25,0.02,0.77,1.53,0.59,1.66,3.63,0.58,0.01,0.93,0.22,1043.99
67.8,0.61,13.58,3.78,1.89,0.02,0.6,3.43,0.81,1.89,3.73,0.88,0.04,0.1,0.83,1220.63
59.72,0.93,12.05,15.2,1.96,0.02,0.13,2.3,0.05,1.47,2.93,0.31,0.03,2.47,0.42,1525.78
71.71,0.39,5.38,6.1,1.62,0.04,0.66,2.96,0.14,2.34,4.99,0.16,0.05,2.47,0.97,996.71
84.65,0.22,3.84,0.34,1.45,0.03,0.36,3.96,0.3,0.67,2.11,0.09,0.01,1.11,0.85,723.2
67.95,0.87,10.24,6.82,1.45,0.03,1.24,3.09,0.68,1.92,4.35,0.16,0.04,1.03,0.13,1469.12
63.3,0.72,6.77,16.31,0.86,0.03,0.62,1.05,0.39,3.03,3.28,0.58,0.05,2.07,0.93,1272.56
70.17,0.64,9.34,11.5,1.49,0.05,1.76,0.59,0.34,1.28,0.88,0.54,0.03,0.68,0.71,1123.41
81.21,0.88,0.38,7.92,1.78,0.03,0.7,1.27,0.24,0.5,4.09,0.09,0.01,0.14,0.78,1190.84
74.4,0.69,7.37,5.65,0.55,0.04,1.95,1.74,0.04,0.18,3.8,0.55,0.04,2.09,0.91,1115.73
62.65,1.06,14.19,9.5,0.62,0.03,1,3.05,0.19,3.28,2.28,0.62,0.01,1.3,0.21,1654.61
73.32,0.28,0.74,13.51,0.43,0.05,1.07,1.44,0.66,1.38,4.1,0.31,0.05,1.82,0.84,825.96
69.88,0.1,6.27,14.75,1.31,0.01,0.71,1.32,0.61,1.72,1.55,0.21,0.02,0.59,0.96,705.15
58.62,0.29,11.44,13.71,0.94,0,1.84,4.9,0.43,3.07,2.25,0.32,0,1.37,0.82,1150.06
61.91,0.03,10.48,17.62,0.44,0.01,1.54,1.28,0.19,1.89,1.96,0.87,0.03,1.22,0.53,754.7
72.91,0.07,11.79,1.55,0.12,0.02,1.92,2.13,0.36,4.99,2.66,0.38,0.02,0.58,0.51,751.16
82.21,0.53,4.87,3.21,0.62,0.03,0.12,0.77,0.95,2.71,0.32,0.69,0,2.22,0.75,1004.51
73.29,0.11,13.08,2.73,0.68,0.05,1.01,4.84,0.09,2.39,0.31,0.63,0,0.53,0.26,846.28
67.48,0.9,2.95,16.93,0.26,0,0.79,4.9,0.11,0.51,3.76,0.31,0.04,0.6,0.46,1415.85
62.34,0.93,13.72,10.32,1.86,0.01,0.48,3.07,0.62,0.23,3.04,0.37,0.04,2.42,0.55,1479.46
63.01,0.01,11.45,14.98,0.5,0.02,1.93,1.49,0.22,1.05,2.79,0.95,0.03,0.91,0.64,774.53
68.44,0.2,11.42,8.6,0.04,0.03,1.98,1.75,0.97,0.48,3.66,0.11,0.01,1.71,0.59,912.38
66.7,0.93,11.08,11.87,1.82,0.02,0.45,0.81,0.4,3.56,0.21,0.13,0.01,1.76,0.24,1474.03
66.64,0.92,5.98,11.56,0.2,0.05,0.67,4.99,0.98,3.89,0.1,0.54,0,2.69,0.79,1536.06
61.5,1.17,10.95,10.44,1.04,0.02,0.94,3.18,0.93,2.98,4.29,0.86,0.03,1.04,0.64,1762.46
68.27,0.46,17.89,0.97,1.39,0.04,1.3,2.85,0.71,2.15,0.46,0.96,0.02,2,0.53,1146.43
56.16,0.08,17.15,15.85,0.3,0.05,1.47,2.36,0.61,0.53,2.8,0.07,0.03,1.66,0.87,881.76
60.42,1.07,10.32,12.13,0.34,0.04,1.86,3.87,0.94,1.51,4.31,0.49,0.01,2.01,0.68,1728.56
82.8,0.35,0.49,4,0.8,0.01,0.39,1.96,0.96,3.82,1.6,0.95,0.03,1.37,0.47,801.78
63.31,0.47,9.5,10.56,1.52,0.02,1.43,2.89,0.96,1.93,4.51,0.82,0.03,1.96,0.08,1155.06
68.49,1.14,1.92,11.26,0.66,0.02,1.22,4.54,0.46,4.94,2.96,0.16,0.01,2.15,0.05,1652.59
69.46,0.53,13.5,9.18,0.33,0.01,0.74,0.35,0.58,3.04,0.31,0.4,0.02,1,0.56,1102.1
63.12,0.42,7.5,15.95,0.32,0.03,1.01,1.53,0.73,2.76,2.39,0.67,0.04,2.92,0.63,1030.99
65.8,0.12,9.58,14.94,0.82,0.03,0.98,2.19,0.29,1.91,1.75,0.65,0.01,0.28,0.66,834.68
74.48,0.66,7.74,3.05,0.82,0.04,1.78,3.51,0.06,3.35,1.2,0.32,0.01,2.33,0.65,1264.11
63.67,0.29,8,12.67,1.27,0.04,0.57,3.85,0.44,3.35,2.28,0.95,0.01,2.03,0.58,1085.28
67.28,0.22,1.19,15.98,0.31,0.01,1.96,3.59,0.25,2.95,2.67,0.84,0.04,2.5,0.21,875.04
74.11,0.09,12.84,0.49,1.16,0.04,0.76,0.22,0.71,4.65,3.59,0.58,0.01,0.05,0.69,758.32
55.53,0.28,15.45,9.33,1.06,0.04,1.56,3.21,0.94,4.91,4.73,0.82,0.04,1.99,0.1,1176.92
47.85,0.18,16.23,16.11,0.14,0.01,1.64,4.02,0.95,4.99,4.88,0.41,0.01,2.28,0.3,1195.39
55.31,0.97,9.61,15.88,0.55,0.03,1.13,4.72,0.27,4.68,4.02,0.73,0.04,1.82,0.24,1711.51
73.36,0.87,3.84,12.3,0.9,0.01,1.06,1.41,0.1,2.33,2.95,0.05,0.02,0.77,0.03,1272.35
83.27,0.16,2.5,3.66,1.61,0.02,0.29,0.5,0.3,3.99,1.82,0.16,0.02,1.67,0.03,580.11
62.64,0.02,12.13,14.25,1.26,0.02,1.06,1.94,0.7,2.92,0.41,0.64,0.03,1.11,0.88,887.8
62.75,1.01,3.15,18.09,0.88,0.04,1.63,2.53,0.4,4.58,1.15,0.26,0.02,2.58,0.94,1624.55
60.07,0.32,17.47,11.95,0.01,0,0.29,0.94,0.77,1.11,4.85,0.64,0.03,0.65,0.89,1034.71
50.64,0.8,15.56,19.13,0.25,0,1.61,4.33,0.58,1.83,3.26,0.31,0.01,1.46,0.22,1637.52
54.21,1.01,16.95,16.13,0.71,0.04,1.85,4.74,0.68,1.06,0.2,0.15,0.05,1.39,0.85,1756.05
75.94,0.56,11.89,0.48,0.5,0.02,1.26,0.86,0.76,1.82,4.09,0.1,0.03,0.88,0.8,1120.7
87.04,1.12,0.37,0.22,1.54,0.03,0.59,2.47,0.04,0.96,2.12,0.83,0.02,1.76,0.87,1313.27
57.39,0.38,12.61,17.23,0.41,0.02,1.96,4.92,0.22,0.33,1.35,0.4,0.02,1.86,0.9,1217.53
81.02,0.12,0.75,10.08,0.12,0.02,1.79,1.21,0.71,1.51,0.22,0.56,0.04,1.23,0.62,590.07
66.23,1.08,14.21,3.88,1.47,0.03,1.49,2.47,0.13,2.85,2.46,0.52,0.04,2.68,0.45,1646.58
61.24,0.63,17.11,12.99,0.55,0.03,1.25,3.2,0.59,0.89,0.17,0.34,0.02,0.19,0.81,1254.24
66.34,0.42,16.45,3.09,0.11,0.02,0.38,4.69,0.01,2.06,4.63,0.38,0,0.91,0.5,1135.75
72.47,1.01,15.71,0.99,0.32,0.01,1.19,1.8,0.84,3.58,0.5,0.62,0.01,0.77,0.18,1485.53
65.36,0.22,11.1,11.27,0.35,0.05,0.84,0.49,0.12,2.92,4.9,0.57,0.05,1.33,0.44,890.18
70.8,0.45,15.55,0.59,0.88,0.03,1.21,1.38,0.43,2.42,3.43,0.77,0.04,1.02,1,1065.74
76.49,1.02,4.68,3.9,0.63,0.02,1.7,3.89,0.85,1.36,2.97,0.28,0.01,2.05,0.14,1499.21
64.15,0.97,2.51,15.67,2,0.04,1.5,3.31,0.42,3.65,3.62,0.63,0.04,1.35,0.12,1580.44
75.33,0.68,4.77,7.69,0.03,0.02,1.62,2.71,0.01,2.35,1.46,0.48,0.02,2.8,0.04,1150.89
73.08,1.15,3.2,10.63,0.09,0.02,0.25,4.19,0.11,2.57,2.61,0.97,0.03,0.86,0.24,1571.72
57.76,0.16,13.62,13.82,1.22,0,1.53,3.21,0.96,2.94,1.52,0.38,0.01,2.17,0.71,1059.11
67.2,0.1,16.42,4.66,0.69,0.01,0.83,3.57,0.87,0.91,3.43,0.35,0.05,0.9,0.01,835.07
81.44,0.62,2.71,0.89,1.4,0.04,0.92,3.38,0.54,3.15,2.98,0.67,0.01,0.81,0.44,1148.16
73.69,0.45,2.93,5.03,0.43,0.04,0.94,3.54,0.42,4.45,4.92,0.67,0.04,1.52,0.93,1048.71
56.78,1,17.85,12.46,1.56,0.03,0.52,1.77,0.89,0.28,2.96,0.37,0.02,2.65,0.85,1602.32
76.49,0.58,7.35,7.07,0.21,0.03,0.6,3.3,0.32,2.16,0.26,0.99,0.03,0.07,0.54,1106.36
61.58,1.05,13.91,14.02,0.28,0.03,1.53,2.86,0.89,1.38,1.21,0.87,0.03,0,0.35,1721.34
66.82,0.41,4.39,16.3,0.21,0.02,1.27,0.52,0.52,2.89,3.71,0.23,0.01,1.71,0.98,1034.68
56.45,0.27,17.75,14.29,1.65,0,0.6,0.29,0.37,4.91,0.53,0.56,0,2.14,0.2,1080.03
80.94,0.93,1.92,4.6,0.02,0.05,1.18,3.6,0.65,0.72,2.97,0.13,0.02,1.71,0.56,1260.13
67.59,0.15,0.62,15.96,1.45,0,0.25,4.46,0.77,4.98,1.27,0.49,0.01,1.87,0.12,933.08
60.07,0.75,15.83,14.81,0.92,0.05,0.91,0.56,0.99,0.11,2.75,0.31,0.03,1.68,0.24,1386.54
69.55,0.67,13.61,5.33,0.77,0.01,1.64,3.62,0.87,0.85,0.37,0.12,0.01,1.6,0.97,1337.54
66.99,0.06,16.68,3.62,1.82,0,1.9,1,0.3,2.45,1.9,0.67,0.05,1.82,0.72,794.89
68.73,0.11,11.3,9.08,1.77,0.02,1.36,1.14,0.26,1.88,1.52,0.25,0,2.51,0.06,773.31
66.62,0.61,8.84,11.49,0.57,0.03,1,1.67,0.83,3.64,1.97,0.85,0.05,1.61,0.21,1185.21
84.87,1.1,3.41,0.97,0.65,0.04,1.85,3.19,0.95,0.46,0.3,0.6,0.05,1.51,0.05,1354.18
70.22,0.41,0.78,18.1,1.03,0.03,0.13,0.27,0.59,4.44,2.64,0.88,0.04,0.23,0.2,916.29
72.13,0.79,7.98,5.81,0.84,0.02,1.82,0.52,0.28,2.69,3.49,0.63,0.05,2.39,0.56,1235.02
58.25,0.84,15.08,19.19,1.21,0.03,0.04,0.36,0.16,0.27,2,0.34,0.03,1.61,0.6,1344.03
66.63,0.57,5,19.06,0.17,0.05,0.62,2.56,0.11,0.35,2.15,0.74,0.01,1.69,0.28,1107.03
68.66,1.03,9.29,4.76,0.39,0.05,0.41,4.04,0.37,4.93,1.84,0.35,0.03,2.88,0.98,1607.99
58.93,0.85,13.58,11.27,1.51,0.04,0.97,3.1,0.54,2.81,4.45,0.36,0.01,1.37,0.21,1565.26
67.93,0.74,15.4,3.32,1.8,0.03,0.06,3.17,0.95,0.4,2.91,0.92,0,1.89,0.47,1359.14
73.09,0.42,11.3,1.05,1.51,0,0.61,2.52,0.38,1.54,4.15,0.93,0.04,1.57,0.88,1018.26
75.88,0.35,1.77,9.58,1.89,0.03,1.34,0.56,0.14,2.32,4.76,0.36,0.04,0.36,0.62,849.28
71.88,0.72,15.48,0.07,0.38,0.01,1.9,0.77,0.04,2.67,2.64,0.84,0.05,1.62,0.93,1210.46
65.56,1.11,12.01,8.28,1.36,0.02,0.23,3.59,0.82,3.64,1.15,0.96,0,1,0.26,1749.86
64.63,0.07,7.3,12.46,1.77,0.05,1.62,2.34,0.72,4.22,2.33,0.79,0.02,1.16,0.53,891.84
60.28,0.43,10.28,18.2,1.95,0.01,0.39,3.38,0.41,0.12,1.73,0.81,0.04,1.48,0.47,1166.85
77.55,0.7,3.95,10.52,0.02,0.02,0.67,3.37,0.64,1.9,0.04,0.25,0.03,0.22,0.11,1190.5
54.7,0.39,8.81,18.91,1.89,0.02,1.62,2.97,0.98,2.39,3.87,0.77,0.02,2.39,0.26,1242.91
60.87,0.16,7.65,18.87,1,0.03,1.25,0.66,0.39,3.53,4.86,0.17,0.02,0.29,0.24,895.46
65.19,0.28,4.1,15.56,1.93,0.02,1.38,1.29,0.93,3.36,4.01,0.05,0.03,1.58,0.29,909.84
66.82,0.32,10.44,14.13,0.07,0.03,0.34,0.7,0.62,1.55,2.2,0.36,0.03,1.41,0.96,971.14
69.98,0.32,9.16,11.05,0.66,0.02,0.56,0.03,0.22,3.5,3.85,0.28,0.02,0.11,0.24,856.57
72.33,0.94,10.91,4.12,0.51,0.04,0.42,1.67,0.66,2.81,2.3,0.9,0.01,2.22,0.16,1423.96
62.29,0.55,13.04,16.41,0.27,0.04,1.84,2.88,0.19,0.63,1.3,0.1,0.03,0.21,0.22,1200.07
71.21,0.53,8.53,11.31,1.41,0,0.16,0.3,0.42,0.21,3.73,0.22,0.05,1.46,0.45,1024.1
61.47,0.73,16.83,8.45,1.62,0.02,1.68,1.3,0.29,3.39,1.06,0.23,0.02,2.04,0.89,1453.19
61.26,0.81,14.9,10.87,0.14,0.01,1.11,1.64,0.22,2.33,3.33,0.38,0.04,2.22,0.73,1456.5
62.85,0.7,14.21,8.29,1.18,0,1.97,4,0.87,3.47,0.93,0.03,0.04,1.19,0.26,1466.11
64.94,0.68,7.58,13.03,0.97,0.03,1.71,0.98,0.33,2.18,4.81,0.37,0.02,1.96,0.42,1297.33
62.81,0.08,12.52,14.14,0.72,0.01,1.83,2.13,0.65,0.17,2.07,0.82,0.02,1.81,0.21,819.32
56.18,0.51,16.7,11.33,1.8,0.05,1.89,4.48,0,4.67,0.69,0.04,0,1.05,0.62,1382.89
65.54,0.58,7.96,15.14,0.56,0.01,0.51,1.52,0.6,2.36,1.68,0.37,0.02,2.92,0.23,1162.69
76.59,0.98,12.75,0.11,1.99,0.04,1.36,2.03,0.56,1.27,0.18,0.84,0.04,0.49,0.79,1398.39
62.96,0.51,7.61,15.2,1.68,0,1.13,3.81,0.79,0.74,2.63,0.86,0.02,1.28,0.8,1250.9
68.56,0.12,15.47,6.22,0,0.01,0.18,0.46,0.69,1.07,4.67,0.52,0.02,1.3,0.69,730.44
75.06,1.06,7.71,1.48,1.06,0.03,0.55,4,0.67,3.25,2.1,0.96,0.01,1.73,0.31,1541.08
86.37,0.9,0.86,0.92,1.62,0.02,0.68,3.04,0.7,1.01,0.93,0.96,0.03,1.17,0.8,1179.62
65.33,0.26,7.14,17.2,0.12,0.01,1.79,0.61,0.63,1.07,3.03,0.38,0.01,1.75,0.68,894.45
66.43,0.82,11.47,10,1.04,0.03,1.38,3.27,0.59,0.78,1.05,0.26,0.05,2.28,0.55,1379.89
67.97,1.08,16.07,2.21,1.59,0.02,0.65,3.7,0.61,3.9,0.37,0.32,0.02,0.99,0.5,1692.94
76.39,0.35,8,7.36,1.47,0.03,1.31,1.05,0.33,0.11,0.54,0.27,0,1.81,1,863.8
65.43,0.78,16.25,2.28,0.63,0,0.81,4.56,0.78,3.61,2.67,0.88,0.02,0.45,0.84,1498.51
80.56,0.34,0.97,2.52,1.22,0.03,0.52,3.64,0.77,4.6,2.92,0.78,0.04,0.77,0.31,897.64
75.16,0.36,8.53,2.16,0.25,0.02,1.46,4.17,0.55,2.37,1.92,0.19,0.01,2.38,0.47,994.38
67.78,0.95,12.67,3.88,1.02,0.02,0.85,2.71,0.98,4.06,4.52,0.03,0.01,0.25,0.26,1628.09
50.86,0.61,16.26,18.8,0.33,0.04,0.96,2.27,0.78,0.47,4.41,0.67,0.04,2.98,0.52,1329.53
78.61,0.12,3,6.47,0.21,0.04,0.59,4.88,0.7,0.87,2.38,0.47,0.02,1.61,0.03,693.1
70.37,0.95,14.68,4.61,0.1,0.04,1.96,2.23,0.26,0.78,1.44,0.33,0.02,1.97,0.27,1475.94
63.46,0.07,6.72,17.11,1,0.05,1.01,1.38,0.19,3.47,2.68,0.6,0.04,2.18,0.04,759.21
71.7,0.48,9.68,12.25,0.3,0.02,0.67,1.75,0.09,0.8,0.81,0.37,0.04,0.62,0.42,1018.38
74.58,0.38,14.17,1,0.39,0.01,1.99,2.85,0.14,1.36,0.84,0.12,0.04,1.49,0.63,989.94
73.69,0.32,5.54,13.04,0.3,0.03,1.7,0.6,0.9,0.4,1.74,0.61,0.03,0.29,0.8,776.17
60.92,1.17,3.26,17.9,1.11,0.05,0.35,3.96,0.06,4.42,3.37,0.37,0.01,2.45,0.6,1725.32
78.6,0.99,6.1,1.79,1.82,0.02,0.7,1.02,0.9,1.09,3.18,0.88,0,2.49,0.41,1296.43
68.55,0.79,6.7,13.91,0.51,0,1.9,0.08,0.82,0.85,1.96,0.82,0.01,2.6,0.5,1310.55
62.12,0.42,6.25,14.67,0.62,0.01,1.62,4.03,0.5,2.63,3.48,0.51,0.02,2.98,0.15,1110.96
56.25,0.72,15.95,13.74,1.76,0.02,0.54,4.26,0.39,3.55,0.74,0.76,0.03,0.81,0.49,1546.54
67.85,0.27,13.55,6.07,0.55,0.02,1.35,4.64,0.14,1.98,0.33,0.76,0.02,2.12,0.32,1059.94
56.73,1.01,9.63,18.87,0.16,0.03,1.53,3,0.02,4.86,1.49,0.25,0.02,1.63,0.77,1656.81
62.71,0.65,7.1,18.29,1.7,0.02,0,4.5,0.12,1.22,0.76,0.18,0.04,1.74,0.96,1254.34
56.77,0.29,8.74,19.55,1.65,0.04,0.38,3.85,0.35,2.65,3.05,0.61,0.04,1.99,0.07,1138.61
81.39,0.36,5.64,2.49,0.84,0.05,0.57,2.66,0.74,0.07,4.5,0.39,0.04,0.12,0.15,781.89
65.82,0.39,6.22,16.96,0.02,0.03,0.26,4.12,0.78,2.5,1.06,0.63,0.01,0.57,0.63,1129.63
69.63,1.2,9.85,8.4,1.82,0.01,0.2,3.17,0.1,1.87,2.12,0.55,0.05,0.66,0.38,1720.69
60.94,0.17,10.94,14.55,0.96,0.01,1.24,2.7,0.17,2.03,2.18,0.98,0.04,2.2,0.89,950.5
64.5,0.07,8.21,14.94,1.17,0.01,0.68,1.59,0.26,1.72,2.57,0.85,0.04,2.51,0.88,788.86
76.66,0.51,6.23,1.15,1.86,0,1.48,1.89,0.95,2.1,4.08,0.28,0.01,1.79,1,1101.66
61.17,0.95,14.33,8.72,0.77,0.01,1.93,4.8,0.75,1.48,1.23,0.99,0,2.53,0.36,1647.59
72.17,0.51,14.98,1.81,0.71,0.05,1.4,3.77,0.76,0.3,1.02,0.49,0.02,1.23,0.78,1165.28
64.5,0.18,9.98,13.57,0.46,0.03,1.82,2.56,0.16,3.14,2.96,0.03,0,0.47,0.14,901.98
69.78,0.32,8.17,7.43,1.78,0.03,1.75,2.64,0.09,2.32,4.11,0.19,0,0.99,0.39,940.97
71.69,0.31,12.28,7.72,1.27,0.03,1.1,1.24,0.52,0.12,2.16,0.57,0.01,0.77,0.22,858.57
55.88,0.09,6.26,19.58,0.71,0.02,1.31,3.24,0.95,4.29,3.97,0.95,0.01,1.85,0.89,1018.27
62.78,0.13,7.91,19.55,0.76,0.04,0.06,3.47,0.93,1.91,0.11,0.03,0.04,2.17,0.11,879.58
56.07,0.07,14.49,16.2,0.24,0.02,1.56,2.63,0.96,2.41,3.38,0.51,0.05,1.2,0.23,968.58
68.07,0.6,6.38,10.89,0.27,0,0.56,3.03,0.71,4.13,4.63,0.41,0.04,0.22,0.06,1217.25
78.91,0.16,8.07,4.23,0.57,0.03,0.72,2.79,0.41,0.84,0.37,0.24,0,1.86,0.8,689.16
81.69,0.98,4.01,2.38,1,0.03,1.2,3.57,0.06,2.14,1.19,0.76,0.04,0.84,0.1,1274.57
82.07,0.31,1.87,6.45,1.08,0.05,0.8,1.1,0.17,0.87,0.96,0.76,0,2.99,0.52,639.62
76.82,0.83,8.49,6.58,0.53,0.05,0.58,2.18,0.35,0.43,0.93,0.19,0.03,1.22,0.78,1246.02
69.36,0.85,3.46,11.26,1.49,0.03,1.2,3.7,0.06,3.66,1.36,0.57,0.01,2.52,0.48,1444.69
68.07,1.08,13.18,2.98,1.71,0.03,1.22,4.61,0.25,1.2,2.57,0.75,0.02,1.9,0.45,1649.93
68.7,0.74,14.8,3.61,1.39,0.04,0.89,1.62,0.01,3.99,1.64,0.36,0.02,1.5,0.7,1307.59
63.85,0.8,12.97,5.94,0.19,0.04,1.35,3.24,0.06,4.09,2.83,0.85,0.05,2.87,0.86,1478.34
74.75,0.02,15.94,1.5,1.7,0.01,1.22,0.19,0.77,0.56,2.05,0.82,0.03,0.02,0.4,637.24
67.66,1.16,11.79,4.49,0.71,0.05,0.45,2.81,0.4,3.84,4.34,0.34,0.03,1.65,0.28,1657.04
75.66,0.33,9.7,3.08,1.62,0,0.19,1.71,0.12,2.38,2,0.72,0.05,2.26,0.18,859.45
72.91,0.57,7.59,5.61,1.79,0.02,1.16,1.2,0.8,3.87,1.48,0.68,0.04,1.69,0.6,1167.77
78.8,0.69,1.47,13.41,0.94,0.02,1.72,0.12,0.25,0.61,0.18,0.28,0.05,0.81,0.66,1026.45
63.29,1.18,5.25,16.96,2,0.03,0.62,3.37,0.84,0.86,2.26,0.32,0.01,2.58,0.42,1684.44
71.3,0.41,10.86,4.39,0.46,0.03,0.82,1.47,0.05,2.6,4.08,0.85,0.01,1.8,0.86,1011.08
73.87,1.08,3.75,5.18,0.36,0.01,1.82,4.66,0.05,2.97,2.82,0.39,0.03,2.84,0.17,1538.85
77.67,0.15,0.6,7.28,0.68,0.02,1.01,3.79,0.39,1.65,4.13,0.85,0.01,0.94,0.83,738.05
78.63,0.54,3.37,3.6,0.85,0.04,1.68,4.9,0.07,1.08,3.78,0.54,0.02,0.62,0.28,1026.06
64.96,0.52,3.19,19.28,0.22,0.05,1.68,2.12,0.74,3.36,1.07,0.34,0.03,1.91,0.54,1068.06
68.55,0.6,7.82,10.83,1.78,0.03,1.45,2.99,0.64,2.89,0.13,1,0,1.19,0.11,1193.54
65.47,0.13,14.28,8.52,1.6,0.01,0.51,1.26,0.62,4.07,2.26,0.38,0.05,0.35,0.49,859.13
66.4,0.33,0.51,17.54,1.22,0.04,1.04,3,0.7,4.54,0.46,0.33,0.04,2.88,0.98,1033.68
78.35,0.77,3.48,2.38,1.89,0.02,0.39,4.67,0.1,3.65,3.13,0.09,0.02,0.45,0.6,1291.87
72.58,1.17,6.29,5.16,0.44,0.01,2,1.48,0.41,4.36,3.21,0.37,0.04,2.25,0.23,1589.2
61.63,0.78,16.6,9.93,1.47,0.05,1.38,0.51,0.24,2.98,1.38,0.96,0.02,1.37,0.7,1320
56.53,0.1,10.74,17.35,1.37,0.02,0.26,4.08,0.94,1.94,3.64,0.41,0.03,2.51,0.08,990.51
76.04,0.64,3.86,6.8,1.29,0,1.19,1.42,0.67,0.71,3.68,0.65,0.05,2.73,0.28,1070.11
87.21,0.73,0.49,2.45,1.17,0.05,1.81,0.76,0.38,0.22,2.35,0.75,0.04,1.5,0.1,940.66
62.57,0.46,16.78,4.59,0.64,0.04,1.47,4.56,0.39,2.57,2.34,0.93,0.04,2.49,0.13,1207.84
76.35,0.04,1.08,13.56,0.74,0.04,1.47,0.11,0.69,0.96,2.11,0.62,0.04,1.37,0.81,582.74
64.82,0.94,7.46,10.02,1.4,0,1.78,3.85,0.25,4.91,0.9,0.91,0.02,2.29,0.46,1578.69
67.22,0.33,1.8,17.3,0.59,0.03,1.64,4.51,0.11,4.47,0.99,0.74,0.04,0.03,0.22,1040.06
59.45,0.6,7.56,18.37,0.72,0.05,0.92,4.82,0.74,4.15,0.52,0.59,0.01,0.89,0.62,1466.92
62.54,0.1,9.01,14.28,0.11,0.04,1.15,4.17,0.22,4.17,0.47,0.4,0.01,2.63,0.7,967.19
80.85,0.04,0.17,5.82,0.29,0.03,1.33,4.71,0.95,3.29,0.03,0.36,0.03,1.5,0.6,679.86
66.46,1,14.84,5.51,1.46,0.03,0.95,1.01,0.89,3.39,0.84,0.7,0.04,2.66,0.22,1526.62
69.88,1.19,2.76,12.01,1.31,0.02,0.95,4.45,0.65,2.49,0.64,0.01,0.01,2.87,0.76,1700.88
74.65,0.94,6.86,1.92,1.14,0.01,1.32,3.29,0.71,4.96,1.93,0.47,0.04,1.74,0.04,1469.56
90.62,1.01,0.93,3.42,0.2,0,0.05,0.28,0.44,1.26,0.63,0.66,0.01,0.06,0.42,1131.51
63.11,0.54,12.04,12.33,1.87,0.03,0.95,1.07,0.76,0.7,2.46,0.42,0.03,2.75,0.95,1145.78
64.07,0.21,4.71,16.23,1.04,0.02,1.42,3.01,0.97,2.92,2.33,0.54,0.04,1.84,0.65,969.35
59.79,0.46,12.44,13.19,0.03,0.02,1.49,2.5,0.78,2.25,4.92,0.29,0,1.29,0.54,1217.5
68.12,0.43,4.36,13.44,0.75,0.03,1.56,3.81,0.38,2.84,2.25,0.87,0.04,1.03,0.09,1043.52
67.06,0.68,11.82,6.63,1.33,0.05,1.3,0.79,0.58,2.71,4.35,0.35,0.02,1.8,0.52,1217.79
76.88,0.87,0.73,11.27,0.24,0.02,1.32,0.79,0.31,3.52,3.25,0.09,0.03,0.44,0.25,1204.52
67.01,1.19,2.98,15.63,1.66,0.05,0.86,4.37,0.96,0.86,2.4,0.06,0.03,1.74,0.2,1679.8
72.65,0.96,0.67,16.12,0.05,0.03,0.16,1.26,0.72,1.4,2.56,0.92,0,2.43,0.07,1360.44
75.98,0.94,7.07,3.24,0.87,0.04,1.56,1.15,0.17,4.6,0.22,0.73,0,2.51,0.91,1345.94
74.96,0.36,1.33,9.61,0.6,0.02,1.33,1.05,0.36,3.91,3.22,0.33,0.03,2.3,0.59,902.92
73.77,0.84,1.38,11.7,1.64,0.02,0.4,2.94,0.83,0.24,2.98,0.64,0.03,1.95,0.63,1306.04
73.64,0.17,4.23,12.38,0.04,0.03,1.33,1.2,0.6,2.67,1.3,0.46,0.05,1.28,0.63,697.48
75.02,0.9,3.06,4.93,0.86,0.02,1.17,1.69,0.39,4.31,4.42,0.83,0.04,1.71,0.65,1329.02
63.4,0.67,14.14,11.02,0.22,0.04,1.52,4.1,0.19,1.36,1.48,0.51,0.01,1.16,0.18,1352.8
73.21,1.03,0.41,11.32,0.07,0,1.41,3.68,0.81,2.37,4.3,0.17,0.01,0.4,0.8,1487.18
77.05,0.28,2.8,12.46,0.15,0,0.21,0,0.7,2.81,1.05,0.23,0.04,1.51,0.7,721.08
73.23,1.16,10.18,2.62,0.81,0.02,0.43,4.67,0.88,1,1.76,0.76,0.01,1.77,0.7,1658.79
62.65,0.79,12.72,14.13,1.93,0.02,1.76,0.11,0.29,0.24,3.26,0.1,0.04,1.94,0.03,1320.84
70.42,0.8,0.55,17.16,1.46,0.02,0.66,2.4,0.87,1.26,0.5,0.86,0,2.73,0.31,1302.02
65.33,0.61,2.38,18.05,1.5,0.05,1.37,0.92,0.31,2.43,3.04,0.93,0.02,2.11,0.96,1218.3
79.48,0.36,6.01,0.54,1.94,0.04,0.19,5,0.61,4.27,0.33,0.39,0.03,0.32,0.49,981.86
73.16,0.54,3.89,6.01,1.93,0.01,0.43,2.68,0.67,3.63,3.77,0.04,0.02,2.32,0.9,1130.53
71.98,0.48,1.34,14.97,0.13,0.01,0.83,2.31,0.41,2.32,3.57,0.37,0.03,0.91,0.35,1012.41
65.22,0.74,8.83,14.46,1.12,0.04,0.89,2.46,0.67,1.11,1.93,0.62,0,1.31,0.6,1330.71
63.18,0.08,4.33,15.5,0.25,0.01,1.89,4.12,0.78,4.32,3.75,0.12,0.03,1.33,0.31,860.07
72.95,1,8.35,1.21,0.55,0.01,1.77,3.24,0.56,2.53,3.25,0.75,0.03,2.81,0.98,1514.08
52.46,1.03,16.37,18.08,1.66,0.02,0.32,1.67,0.77,1.16,2.39,0.57,0.03,2.81,0.66,1728.7
58.78,0.95,10.47,16.67,0.53,0.01,1.85,3.47,0.67,2.34,1.88,0.56,0.01,1.36,0.46,1692.44
57.28,1.15,11.74,17.67,1.11,0.03,0.14,0.67,0.58,1.98,3.99,0.54,0.04,2.92,0.15,1682.18
67.6,0.48,11.97,6.11,0.53,0.04,1.96,3.87,0.52,2.21,2.7,0.46,0.03,0.61,0.9,1202.46
82.54,1.14,5.12,1.62,1.65,0.05,1.16,0.29,0.78,0.37,2.7,0.28,0.05,1.35,0.9,1413.87
59.8,0.37,6.97,18.94,0.4,0.03,0.78,3.87,0.13,2.19,3.49,0.41,0,2.12,0.5,1150.92
73.68,0.09,0.41,9.28,1.58,0.01,1.67,3.28,0.33,2.58,4.83,0.22,0.02,1.87,0.14,751.83
85.92,0.06,0.24,6.49,0.15,0.04,1.99,0.31,0.43,0.13,0.67,0.32,0.02,2.82,0.4,377.06
67.32,0.01,16.19,1.63,1.93,0.01,1.21,5,0.14,2.12,3.9,0.03,0.03,0.24,0.24,846.62
67.23,0.2,16.33,3.61,0.08,0.03,0.69,2.03,0.12,3.74,3.01,0.36,0.01,1.78,0.78,944.94
79.05,1.19,0.24,6.12,0.12,0.02,0.81,4.6,0.08,3.89,1.98,0.81,0.03,0.12,0.95,1561.75
55.81,0.11,10.76,17.55,0.16,0.03,1.65,4.93,0.72,1.39,3.5,0.71,0.03,2.56,0.09,987.33
58.28,1.15,8.39,19.21,1.88,0.05,1.82,4.49,0.82,3.47,0.12,0.13,0.01,0.07,0.12,1809.2
67.11,1.1,11.95,6.24,1.59,0.02,0.28,4.42,0.34,3.49,1.45,0.5,0.04,0.47,0.98,1715.59
66.76,1.1,17.02,4.64,0.29,0.04,0.08,2.43,0.8,2.8,0.94,0.49,0.05,1.85,0.72,1622.72
78.57,0.41,3.39,5.11,1.07,0.01,1.08,3.54,0.73,0.82,3.75,0.67,0,0.18,0.65,925.24
65.89,0.06,2.87,19.15,1.46,0.03,1.88,3.1,0.73,1.41,2.94,0.14,0.02,0.1,0.22,778.96
64,0.1,6.98,16.86,0.76,0.04,1.31,2.55,0.24,4.61,0.27,0.69,0.03,1.32,0.24,878.75
61.02,1.01,16.94,6.16,0.77,0,1.89,1.65,0.4,4.54,2.63,0.57,0.01,1.5,0.92,1680.98
82.81,0.67,4.59,0.62,0.67,0.03,0.09,3.05,0.52,3.92,0.14,0.78,0.03,1.11,0.97,1146.65
68.23,0.39,9.49,11.05,0.18,0.03,1.27,3.85,0.09,1.49,3.25,0.14,0.03,0.18,0.33,984.84
57.55,1.02,13.94,12.9,1.74,0.04,1.04,4.9,0.69,3.01,2.04,0.9,0.01,0.03,0.2,1745.82
74.04,0.99,11.73,3.38,1.58,0.03,1.03,1.81,0.86,1.59,0.47,0.3,0.04,1.97,0.19,1419.36
63.01,0.14,11.9,13.53,0.73,0.04,1.96,1.03,0.58,0.03,3.57,0.41,0.01,2.26,0.81,867.44
67.04,0.95,9.83,11.61,1.6,0.03,1.22,2.58,0.88,1.18,1.32,0.13,0.04,1.24,0.35,1449.56
56.11,1.18,16.68,19.44,0.28,0.04,0.66,0.06,0.39,2.55,0.54,0.54,0.04,1.13,0.35,1723.32
74.2,0.07,8.01,5.29,1.79,0,0.82,2.03,0.89,1.08,3.22,0.13,0.05,1.78,0.63,705.9
72.81,0.53,6.16,4.25,1.21,0.05,0.72,4.42,0.15,4.68,1.75,0.38,0.02,2.15,0.72,1241.1
73.78,0.05,5.48,6.92,1.12,0.03,1.42,3.59,0.24,3.85,0.1,0.72,0.01,2.19,0.53,683.53
74.2,0.53,12.43,0.73,0.45,0.03,1.69,1.91,0.26,2.59,3.11,0.42,0.04,1.57,0.04,1039.28
60.57,0.84,3.96,19.53,0.64,0.03,0.04,4.42,0.79,0.98,4.67,0.32,0.03,2.46,0.74,1430.12
51.34,1.1,15.56,19.89,0.37,0.02,1.27,3.67,0.53,0.37,4.21,0.96,0.02,0.67,0.02,1799.1
71.96,1.09,1.68,11.07,1.39,0.01,1.14,3.58,0.84,2.26,3.74,0.3,0.01,0.56,0.36,1549.9
70.54,0.05,5.09,13.04,1.3,0,0.57,2.85,0.32,2.09,3.56,0.01,0.01,0.43,0.13,723.24
74.11,0.64,13.21,0.95,0.48,0.04,1.72,1.86,0.37,3.78,1.48,0.12,0.01,1.16,0.05,1188.88
68.53,0.58,13.32,10.27,0.14,0.02,1.42,0.29,0.06,1.85,0.97,0.93,0.03,0.86,0.7,1074.41
73.26,0.29,11.57,1.04,0.55,0.01,0.4,3.41,0.83,3.58,3.23,0.92,0,0.5,0.41,978.46
75.47,0.45,7.52,4.13,0.3,0.03,1.86,1.96,0.04,3.53,1.46,0.25,0.02,2.17,0.82,951.42
65.95,0.38,2.24,18.67,1.28,0,1.32,2.24,0.97,4.1,0.86,0.72,0.02,0.56,0.7,1119.7
74.1,0.66,0.55,12.93,1.27,0.01,0.7,2.93,0.14,4.26,0.14,0.1,0.01,1.58,0.62,1157.58
82.9,0.97,1.23,5.61,0.08,0,0.71,0.97,0.27,4.1,0.81,0.78,0.03,0.98,0.55,1258.85
69.35,0.54,2.31,18.14,1.14,0.04,1.65,0.4,0.21,0.73,4.15,0.86,0.03,0.31,0.14,978.87
65.69,1,8.85,12.84,0.82,0.02,0.44,3.85,0.7,1.8,1.61,0,0,1.87,0.51,1582.66
60.35,0.53,14.9,10.08,0.77,0.01,1.64,2.88,0.09,3.24,2.13,0.81,0.05,1.8,0.73,1272.91
62.64,0.91,8.94,11.87,1.8,0.01,0.2,3.45,0.82,4.25,3.21,0.83,0.04,0.26,0.76,1581.55
76.06,0.22,4.26,7.89,0.63,0.02,0.34,1.47,0.02,2.36,3.84,0.86,0.04,1.25,0.73,733.09
58.62,0.81,11.68,16.03,1.23,0.01,1.71,3.14,0.81,3.87,1.49,0.07,0.01,0.28,0.24,1561.01
49.92,0.56,16.32,17.44,1.44,0,0.68,3.41,0.13,4.01,4.57,0.35,0.04,0.44,0.69,1480.2
62.39,0.77,8.59,13.5,1.55,0.05,1.78,3.97,0.69,2.87,0.6,0.17,0.04,2.41,0.61,1489.86
77.48,0.53,0.47,6.54,0.84,0.02,1.86,0.54,0.52,1.84,4.95,0.86,0.02,3,0.51,953.32
62.48,0.28,11.45,18.75,1.57,0.01,0.59,0.35,0.29,0.46,2.5,0.71,0.04,0.18,0.34,866.72
79.11,0.35,1.88,7.25,0.6,0.03,1.77,2.27,0.75,0.73,4.47,0.15,0.01,0.32,0.31,842.94
66.81,0.95,6.85,11.52,1.25,0.04,1.47,2.85,0.67,3.73,0.67,0.2,0.03,2.55,0.41,1522.76
72.64,1.18,3.89,8.33,0.76,0.05,0.57,2.35,0.19,2.61,4.29,0.3,0.04,2.73,0.07,1502.6
63.57,0.22,10.82,14.11,0.79,0,1.82,3.65,0.27,2.48,0.14,0.34,0.03,1.55,0.21,1011.35
74.64,0.93,5.38,11.61,0.54,0.02,0.42,3.17,0.43,0.08,0.14,0.47,0.01,1.76,0.41,1356.63
52.04,0.64,14.17,15.06,1.84,0.01,1.65,4.53,0.39,1.57,4.76,0.63,0.02,2.38,0.3,1481.59
66.68,0.22,9.79,11.32,1.65,0.02,1.63,1.56,0.58,1.04,1.93,0.86,0.01,2.43,0.28,853.69
66.22,0.79,12.59,6.9,0.95,0.02,1.89,1.6,0.18,1.83,3.35,0.7,0.05,2.65,0.29,1350.54
52.13,0.55,13.45,18.33,0.67,0.02,1.8,1.79,0.48,4.52,4.01,0.24,0.02,1.06,0.91,1384.77
68.2,0.84,7.01,12.66,1.21,0.02,1.89,0.12,0.71,2.05,3.57,0.68,0,0.86,0.19,1323.55
67.47,0.21,13.11,4.79,0.95,0.01,1.16,3.6,0.33,3.02,4.12,0.09,0.04,0.97,0.12,902.75
83.02,0.99,0.77,1.97,1.04,0.03,1.46,1.3,0.84,4.77,2.5,0.76,0.03,0.21,0.33,1350.9
66.76,0.11,17.8,4.58,1.27,0.01,1.31,1.05,0.79,0.55,4.48,0.84,0.03,0.2,0.21,812.76
74.86,0.34,4,11.52,0.75,0.01,1.07,1.94,0.73,0.51,3.1,0.44,0.02,0.7,0.03,813.74
64.86,1.02,5.88,13.62,1.9,0.03,0.79,1.34,0.93,3.41,3.33,0.43,0.04,2.14,0.28,1509.33
73.94,0.02,14.54,2.46,1.02,0.02,0.68,2.39,1,2.04,0.91,0.61,0.01,0.32,0.05,775.14
70.97,0.04,7.76,8.53,0.37,0.04,0.26,4.58,0.59,0.14,4.81,0.31,0.02,0.85,0.73,699.58
70.33,0.13,13.06,4.74,0.28,0.02,1.61,1.39,0.28,4.17,0.74,0.62,0.05,2.52,0.06,787.77
66.01,0.39,2.56,18.98,1.97,0.01,1.34,4.21,0.23,0.94,0.06,0.41,0.04,2.71,0.13,1021.91
63.35,0.94,11.01,10.28,1.18,0,0.96,4.96,0.09,2.6,1.48,0.54,0.03,1.73,0.85,1569.84
78.75,0.47,9.29,0.22,1.58,0.01,1.63,1.33,0.01,0.77,4.93,0.32,0.01,0.36,0.31,930.78
78.66,0.26,9.35,2.82,0.86,0.03,0.12,1.99,0.3,1.2,3.02,0.59,0.03,0.48,0.29,744.73
66.88,0.26,9.73,9.22,0.66,0.04,0.19,4.87,0.12,3.87,1.84,0.87,0,1.12,0.34,1025.94
83.88,0.65,2.78,3.36,1.98,0.02,0.25,1.07,0.27,2.55,1.68,0.46,0.01,0.98,0.07,964.15
69.24,1.07,3.58,15.14,0.7,0.02,0.58,3.48,0.84,1.43,1.21,0.68,0.01,1.92,0.09,1549.84
69.64,0.15,11.68,8.93,0.43,0.02,0.98,0.46,0.96,3.33,0.51,0.82,0.02,1.79,0.28,880.34
61.43,0.88,13.01,11.04,0.48,0.01,0.77,0.73,0.34,3.42,4.15,0.33,0.01,2.5,0.89,1476.39
69.1,0.84,14.11,0.36,1.19,0.03,0.76,3.75,0.43,3.38,2.59,0.25,0.03,2.21,0.97,1471.43
65.21,0.46,1.16,19.76,1.25,0.05,0.21,1.71,0.13,4.18,4.4,0.5,0.01,0.38,0.59,1131.78
75.91,0.37,7.24,0.43,1.22,0.02,1.84,3.21,0.4,1.32,4.53,0.02,0.02,2.83,0.65,956.06
68.69,0.64,3.66,16.67,0.41,0.01,0.38,0.79,0.95,3.01,3.19,0.95,0.01,0.02,0.6,1090.86
69.18,0.08,8.18,5.75,0.55,0.01,0.67,1.77,0.31,4.89,4.66,0.57,0.05,2.97,0.36,810.73
64.74,0.54,17.26,12.17,0.43,0.03,0.41,1.7,0.23,1.22,0.02,0.88,0.01,0.26,0.09,1142.82
77.4,0.18,1.79,8.77,1.13,0.01,0.61,2.12,0.31,4.58,0.21,0.23,0.04,2.5,0.11,747.86
68.63,1.17,12.48,5.45,0.91,0.01,0.3,1.46,0.58,4.13,1.82,0.35,0.02,1.93,0.75,1704.75
70.65,0.47,12.9,3.29,0.51,0.02,1.78,2.87,0.97,0.52,2.3,0.42,0.03,2.44,0.84,1053.23
57.3,0.81,11.55,18.98,0.77,0.04,1.84,2.46,0.73,1.89,0.79,0.59,0.01,1.37,0.87,1455.82
78.79,0.51,7.3,1.73,0.01,0.04,0.44,2.13,0.97,4.13,0.54,0.51,0.04,2.1,0.76,1065.51
80.19,0.55,3.17,9.3,1.3,0.03,0.14,0.32,0.97,0.76,1.47,0.77,0.02,0.54,0.47,890.38
74.01,1.1,5.12,13.23,0.22,0.02,1.48,1.12,0.59,0.77,0.51,0.52,0.03,0.34,0.92,1529.85
80.7,0.28,2.16,4.05,0.34,0,1.6,2.48,0.39,4.75,1.86,0.17,0.01,0.72,0.5,847.89
59.68,0.81,13.99,14.2,0.41,0.01,1.08,0.99,0.08,2.64,1.63,0.76,0.02,2.94,0.76,1369.49
65.47,0.08,9.16,11.25,1.39,0.02,0.97,1.84,0.27,4.73,1.59,0.06,0.01,2.57,0.59,868.16
76.74,0.99,9.91,3.54,0.3,0.03,0.73,2.79,0.5,3.01,0.16,0.03,0.04,0.58,0.65,1457.21
53.81,0.66,17.67,16.71,0.83,0.03,0.23,1.93,0.73,3.11,2.42,0.18,0.04,0.82,0.82,1394.83
64.22,0.06,4.18,17.78,1.64,0.03,0.93,3.24,0.47,3.22,1.54,0.84,0.04,0.99,0.83,882.6
83.65,0.59,3.14,1.55,1.4,0.04,1.61,3.28,0.14,0.47,1.73,0.85,0.05,0.72,0.76,966.5
66.25,0.66,14.51,5.52,1.79,0.01,0.15,0.8,0.84,2.09,3.98,0.53,0.02,2.42,0.42,1260.1
73.89,0.96,1.81,12.73,1.41,0.04,0.45,3.02,0.43,1.91,0.53,0.13,0.04,2.25,0.38,1406.74
61.63,1.01,6.71,14.9,0.85,0.04,1.06,3.82,0.08,2.95,2.75,0.61,0.03,2.75,0.79,1611.72
70.18,0.27,14.87,2.44,1.24,0.04,0.2,4.25,0.8,2.52,1.54,0.41,0.05,0.61,0.58,979.66
67.66,1.18,9.01,10.33,0.07,0.05,0.35,2.69,0.4,2.08,3.22,0.66,0.01,1.5,0.79,1678.55
76.44,0.54,2.98,6.26,0.42,0.01,0.76,2.7,0.07,3.02,4.97,0.96,0.04,0.8,0.02,1014.97
58.31,0.22,15.01,15.54,1.51,0.04,0.44,3.64,0.36,3.33,0.61,0.71,0.05,0.13,0.09,1004.87
72.75,0.16,7.75,5.82,1.61,0.02,0.97,3.59,0.36,1.77,3.78,0.78,0,0.43,0.21,781.66
71.64,0.81,14.91,3.84,1.13,0.02,1.01,3.1,0.89,0.96,0.44,0.63,0.02,0.49,0.12,1333.14
61.18,0.68,5.41,19.95,0.81,0.01,1.26,1.22,0.49,2.41,2.27,0.8,0.01,2.71,0.79,1264.88
71.18,0.34,5.99,11.14,0.09,0.05,0.2,1.4,0.11,1.28,4.19,0.62,0.01,2.62,0.8,845.11
55.72,0.91,15.26,12.39,1,0.02,0.45,2.79,0.89,2.97,4.6,0.36,0.03,1.95,0.67,1603.53
63.9,0.18,17.62,0.91,0.94,0.02,0.72,3.91,0.75,4.53,1.98,0.56,0.04,2.98,0.97,1078.04
85.33,0.86,2.58,0.46,1.65,0.04,1.49,1.4,0.64,1.58,2.25,0.38,0.05,0.7,0.58,1209.3
72.69,0.68,16.63,2.03,0.44,0.04,0.74,0.83,0.5,3.26,0.22,0.29,0.04,1.56,0.04,1149
70.06,0.35,11.5,3.99,1.65,0.03,0.94,4.58,0.39,1.18,3.31,0.57,0.02,1.03,0.4,1062.24
70.23,0.79,7.93,7.96,0.73,0.01,0.17,1.34,0.32,2.74,3.87,0.4,0.05,2.48,0.98,1256.62
62.41,1.05,11.1,11.97,0.26,0.04,1.2,2.53,0.69,2.22,2.62,0.4,0.04,2.63,0.84,1620.06
74.88,1.07,3.55,8.79,1.5,0.03,0.83,3.39,0.55,1.38,3.23,0.2,0.03,0.01,0.55,1502.79
72.53,0.49,5.46,10.31,1.29,0.05,1.67,3.59,0.48,1.96,0.16,0.36,0.04,1.15,0.46,1037.9
66.46,0.08,11.05,8.96,1.21,0.03,1.6,3.76,0.77,2.5,1.77,0.93,0,0.46,0.42,859.74
75.23,0.74,0.15,14.39,1.12,0.02,0.85,2.6,0.16,0.54,1.45,0.71,0.03,1.44,0.57,1092.97
56.84,0.13,16.14,12,1.4,0.02,1.51,2.92,0.05,4.45,1.53,0.14,0,2.16,0.7,1053.55
64.66,0.84,16.48,6.98,1.12,0.03,1.96,1.56,0.96,0.74,3.82,0.63,0.04,0.09,0.08,1419.65
58.94,0.73,16.31,9.35,0.14,0.01,0.02,3.88,0.82,4.99,2.06,0.02,0.01,1.76,0.96,1529.91
75.07,0.13,2.19,14.04,1.33,0.01,1.63,0.64,0.93,1.01,0.41,0.34,0.01,1.58,0.69,763.65
65.29,0.44,0.5,19.48,1.64,0,0.9,3.18,0.19,2.89,2.67,0.21,0.01,2.28,0.32,1095.63
60.15,0.3,13.28,14.72,0.55,0.04,1.38,1.73,0.43,3.63,1.06,0.47,0.03,1.62,0.61,1011.54
66,0.5,9.58,15.6,1.31,0.02,1.95,0.54,0.21,1.71,1.14,0.63,0,0.53,0.29,1083.45
59.48,0.82,15.77,15.97,0.36,0.03,0.06,1.55,0.81,2.28,0.75,0.44,0.01,1.18,0.49,1485.34
58.9,0.68,15.17,15.21,1.32,0.02,0,3.07,0.36,0.59,2.22,0.74,0.05,1.12,0.54,1343
77.04,1.02,6.01,2.85,0.56,0.04,0.32,1.65,0.46,4.24,4.69,0.43,0.05,0.48,0.16,1398.31
58.71,0.23,8.78,15.66,1.65,0.04,1.14,4.33,0.51,3.04,3.79,0.43,0,1.05,0.62,1108.76
82.6,0.24,2.67,5.86,0.06,0.04,0.52,0.62,0.7,4.21,0.1,0.23,0.05,1.16,0.94,689.11
62.79,0.26,1.53,17.93,1.96,0.05,1.7,4.23,0.66,4.13,1.04,0.39,0.03,2.62,0.66,1038.48
61.6,1.01,8.53,14.35,1.96,0.01,1.85,2.61,0.64,4.39,2.05,0.42,0.03,0.06,0.5,1684.39
61.61,0.11,8.27,18.95,1.8,0.04,1.18,1.4,0.37,0.45,3.93,0.32,0.03,1.07,0.46,801.37
70.9,0.67,14.43,4.22,0.8,0.01,0.15,3.02,0.19,0.3,4.49,0.53,0.01,0.16,0.12,1269.46
71.1,0.77,2.6,12.67,0.81,0.02,1.6,1.66,0.15,4.37,1.06,0.29,0.04,2.05,0.8,1275.15
79.19,0.23,6.34,2.52,1.08,0.01,1.38,0,0.06,2.16,4.79,0.89,0.05,1.25,0.05,696.38
82.65,0.17,5.4,1.12,0.95,0.01,0.18,2.06,0.35,2.69,3.75,0.11,0.04,0.08,0.44,644.23
61.7,0.71,17.23,11.48,0.32,0.03,0.79,2.4,0.2,2.5,0.75,0.74,0.03,0.24,0.89,1333.53
66.8,0.06,11.38,7.47,1.82,0,0.08,4.75,0.96,0.14,3.58,0.22,0.04,2.61,0.1,872.86
88.65,0.29,0.43,0.88,0.06,0.04,0.6,2.47,0.79,2.47,2.15,0.01,0.03,0.37,0.76,740.67
73.29,0.78,11.1,5.34,0.53,0.04,0.03,0.91,0.61,4.09,1.79,0.65,0.03,0.19,0.62,1238.54
70.79,0.98,17.86,0.59,1.32,0.02,0.02,3.07,0.12,1.89,1.31,0.36,0.02,1.08,0.55,1528.12
72.21,1.03,4.03,10.16,1.3,0.03,0.73,3.21,0.03,1.85,2.66,0.02,0.03,1.96,0.76,1432.88
55.11,0.14,17.83,12.12,0.73,0.01,1.15,4.41,0.52,3.31,1.79,0.39,0.01,2.12,0.36,1080.53
69.12,1.03,13.29,6.69,1.81,0,0.1,0.64,0.12,0.44,3.31,0.6,0.03,2.07,0.76,1420.82
66.14,0.26,11.2,11.6,1.89,0.01,0.12,3.27,0.74,1.42,2.85,0.06,0.05,0.33,0.07,963.56
58.39,0.13,13.4,17.98,0.52,0.03,0.08,1.93,0.29,1.14,3.22,0.13,0.04,1.99,0.71,859.92
60.97,1.12,16.96,11.03,0.99,0.02,1.43,2.69,0.93,1.19,1.55,0.32,0.04,0.3,0.46,1711.32
75.69,0.5,9.24,1.3,1.02,0.05,1.96,2.66,0.52,1.43,4.99,0.27,0.02,0.01,0.35,1027.34
61.57,0.1,13.39,11.22,1.14,0.01,1.63,0.02,0.33,3.3,4.54,0.23,0.03,1.61,0.87,852.03
84.63,0.23,0.39,2.94,1.95,0.01,1.87,1.03,0.93,3.27,0.57,0.58,0.02,1.15,0.44,708.3
61.36,0.51,11.95,15.37,0.66,0.05,1.88,0.2,0.01,2.13,2.95,0.28,0.01,2.04,0.6,1086.77
80.85,0.82,2.03,9.37,0.34,0,0.68,0.75,0.63,3.37,0.74,0.02,0.04,0.01,0.34,1224.48
54.15,0.6,14.74,16.77,1.45,0.01,1.44,1.23,0.21,2.74,3.39,0.05,0,2.35,0.86,1325.9
64.59,1.02,13.12,11.59,0.64,0.01,0.84,1.43,0.34,2.58,0.85,0.81,0.01,1.44,0.75,1624.85
64.82,0.59,6.5,9.5,1.7,0.05,1.26,3.97,0.01,4.4,4.77,0.58,0.04,1.54,0.29,1267.75
51.45,0.7,11.86,17.12,1.46,0.01,0.93,4.9,0.55,4.69,4.07,0.67,0.02,0.91,0.64,1637.7
58.44,0.52,14.38,15.21,0.62,0.04,0.99,1.62,0.41,4.48,1.8,0.29,0.02,0.64,0.54,1283.07
69.63,0.28,10.76,2.5,1.96,0.02,1.64,3.84,0.71,4.14,0.5,0.68,0.01,2.36,0.96,1059.92
75.69,1.08,2.07,7.39,0.73,0.01,0.2,1.92,0.99,2.84,3.11,0.47,0.03,2.87,0.59,1484.32
67.41,1.19,6.97,11.88,0.21,0.01,1.75,1.5,0.31,1.94,4.83,0.08,0.04,1.02,0.85,1610.4
82.92,1.19,6.28,2.59,0.29,0.04,0.29,1.3,0.2,1.78,0.37,0.86,0.04,1.24,0.61,1454.09
67.83,0.63,9.19,12.63,1.41,0.02,0.66,1.35,0.55,1.8,2.7,0.41,0.04,0.22,0.57,1213.16
66.98,0.69,6.91,8.42,1.6,0.01,1.74,4.48,0.65,3.86,3.06,0.53,0.05,0.85,0.15,1398.61
63.36,0.23,16.36,8.22,1.7,0.01,0.63,0.3,0.26,2.45,4.73,0.39,0.03,1.28,0.05,865.54
65.41,0.61,1.19,17.67,1.51,0.02,1.28,0.56,0.7,4.11,4.11,0.28,0.01,1.56,0.97,1215.21
64.13,0.94,16.58,5.22,1.66,0.01,0.69,0.99,0.51,4.22,2.64,0.12,0.01,1.69,0.58,1580.96
64.26,0.7,1.39,15.07,1.82,0.03,1.44,4.57,0.64,3.37,3.61,0.26,0.03,2.53,0.3,1380.97
63.94,0.51,11.22,8.04,1.68,0.02,1.8,2.55,0.66,4.99,0.73,0.74,0.01,2.52,0.6,1299.63
73.12,1.13,15.59,1.5,0.27,0.03,1.04,0.84,0.13,2.82,0.24,0.87,0.04,2.36,0.02,1500.89
74,1.19,6.16,6.89,0.27,0.03,1.29,0.51,0.47,3.34,2.47,0.67,0.04,2.06,0.62,1520.78
57.95,1.03,16.21,7.78,0.35,0.04,0.43,4.64,0.02,4.61,2.95,0.77,0.02,2.98,0.23,1722.14
58.48,0.81,12.37,17.49,1.33,0.03,1.42,3.75,0.19,0.55,0.37,0.37,0.02,1.85,0.96,1515.54
66.56,0.4,13.7,10.63,0.44,0.03,1.93,0.62,0.51,0.26,1.61,0.62,0.04,2.19,0.46,966.91
58.36,0.91,8.53,17.97,1.59,0.05,0.43,3.34,0.74,3.71,2.52,0.01,0.01,0.97,0.85,1635.83
65.49,1.01,1.88,19,0.36,0.02,0.43,4.3,0.75,1.77,3.41,0.18,0.02,1.13,0.24,1563.5
81.8,0.34,4.36,0.36,0.69,0.03,0.56,3.5,0.41,1.58,4.7,0.26,0.02,1.15,0.24,855.66
68.66,0.27,5.44,17.28,1.53,0.03,0.91,2.54,0.27,0.37,1.66,0.5,0,0.26,0.26,832.06
80.06,0.15,4.06,5.23,0.14,0.02,0.14,3.52,0.39,1.63,0.63,0.23,0.01,2.96,0.84,664.19
70.83,0.03,11.1,5.12,0.21,0.04,0.26,2.22,0.63,2.77,4.89,0.79,0.04,1.07,0.01,695.4
76.91,0.18,5.34,3.41,0.95,0.04,0.68,4.53,0.54,2.33,3.94,0.1,0.04,0.73,0.28,801.38
61.15,0.72,16.23,11.57,1.3,0.04,0.52,4.14,0.42,0.88,1.75,0.25,0.01,0.85,0.18,1433.85
62.93,0.78,6.19,15.39,0.26,0.03,0.55,2.64,0.32,3.95,4.46,0.74,0.01,0.82,0.92,1470.02
58.69,0.53,16.94,7.85,1.9,0.05,1.32,0.04,0.4,4.56,4.43,0.19,0.02,2.51,0.58,1265.31
84.54,1.09,2.11,2.9,0.17,0.05,0.95,0.32,0.32,1.76,4.05,0.74,0.03,0.07,0.91,1303.22
74.74,0.27,11.32,1.24,0.16,0,1.13,3.15,0.05,1.45,4.26,0.1,0.01,1.27,0.84,848.38
69.56,0.16,12.24,4.87,1.26,0.01,0.78,4.28,0.74,0.77,3.04,0.63,0,1.4,0.26,845.56
69.29,0.57,13.99,3.17,0.25,0.01,1.9,3.74,0.02,2.01,1.29,0.64,0.02,2.89,0.22,1233.52
61.78,0.99,7.33,13.74,0.61,0.02,1.79,4.75,0.72,1.87,4.1,0.03,0.01,1.98,0.29,1662.01
71.57,1.14,7.85,8.59,1.36,0.04,0.95,1.07,0.77,1.6,0.88,0.63,0,2.91,0.63,1528.13
71.96,0.62,5.9,6.71,1.27,0.01,1.53,2.91,0.91,1.82,4.91,0.58,0.05,0.08,0.73,1203
73.86,0.98,0.96,11.58,1.6,0.03,0.13,3.47,0.06,4.09,0.22,0.14,0.01,1.9,0.98,1502.42
66.93,0.57,5.79,11.22,0.52,0.02,0.67,4.02,0.92,3.8,2.2,0.5,0.01,2.24,0.6,1255.67
65.99,1.08,3.61,15.19,1.37,0.01,1.33,4.62,0.92,3.6,0.24,0.87,0.03,0.93,0.19,1661.77
74.76,0.04,7.15,9.65,0.34,0,0.38,3.4,0.08,2.78,0.73,0.2,0.02,0.3,0.17,708.51
64.41,0.43,5.93,14.99,0.15,0.04,1.63,3.83,0.31,4.11,0.91,0.12,0,2.82,0.31,1129.51
51.64,1.09,16.27,18.47,0.99,0.04,1.9,1.62,0.42,3.6,1.5,0.75,0,1.57,0.12,1787.73
66.96,0.36,4.66,16.78,0.39,0.04,1.59,2.49,0.23,1.13,2.32,0.01,0.03,2.86,0.15,952.54
55.71,1.03,15.31,16.44,0.62,0.04,1.88,2.48,0.35,2.07,1.67,0.21,0.03,1.69,0.46,1679.07
70.23,0.12,14.34,3.5,0.23,0.03,0.8,0.3,0.36,3.86,3.08,0.36,0.01,1.9,0.89,825.89
54.49,0.63,12.92,17.92,1.55,0.05,0.86,4.52,0.62,4.35,0.2,0.66,0.04,0.52,0.66,1500.42
78.21,0.99,5.18,8.1,1.14,0.03,0.08,0.49,0.1,1.31,1.23,0.74,0.03,2.29,0.07,1199.74
59.24,1.02,12.74,17.39,0.09,0.04,1.08,4.13,0.51,2.7,0.26,0.67,0.01,0.06,0.07,1663.61
59.72,1.15,6.23,17.36,1.92,0.05,1.76,4.47,0.29,0.76,3.2,0.49,0,2.03,0.56,1751.02
69.37,0.69,7.93,9.26,1.91,0.01,0.89,3.28,0.43,1.42,1.44,0.23,0.02,2.62,0.51,1312.76
81.2,0.3,6.92,2.12,1.81,0.02,1.96,1.74,0.84,1.28,0.38,0.03,0.03,0.93,0.44,798.59
58.78,0.38,15.22,9.86,1.66,0.02,0.8,0.84,0.92,4.48,4.92,0.4,0.04,1.24,0.45,1188.49
82.55,1,3.19,4.41,0.63,0.04,0.75,1.79,1,1.92,1.24,0.62,0.04,0.21,0.62,1323.18
70.44,0.32,5.52,9.34,1.85,0.04,1.87,3.3,0.01,1.33,4.53,0.64,0.05,0.47,0.3,898.51
77.82,0.44,5.88,5.04,0.89,0.03,0.62,0.4,0.71,2.3,2.78,0.46,0.04,1.68,0.92,853.11
61.84,0.43,9.4,10.6,1.37,0.01,1.32,3.89,0.68,2.41,4.96,0.4,0.01,2.46,0.21,1199.72
81.35,0.86,3.22,0.34,0.32,0.02,0.21,0.99,0.76,3.85,4.09,0.84,0.02,2.6,0.53,1280.07
65.84,0.26,14.21,8.59,0.25,0.01,0.33,4.45,0.99,1.78,1.46,0.22,0.04,0.63,0.92,1054.92
55.26,0.8,16.15,11.08,1.38,0.03,1.66,4.18,0.59,3.16,4.61,0.93,0.03,0.02,0.1,1568.8
69.45,0.72,10.38,5.79,0.42,0.04,1.87,0.26,0.13,3.21,4.02,0.79,0.04,2.66,0.22,1177.1
57.69,0.14,11.08,16.45,1.16,0.05,1.59,3.5,0.06,0.54,3.92,0.2,0,2.73,0.89,963.89
69.85,0.07,5.13,12.47,1.53,0,0.65,1.07,1,3.35,2.03,0.08,0.03,1.93,0.82,754.27
59.31,0.35,17.67,8.79,0.59,0.02,1.04,4.68,0.74,2.89,0.81,0.15,0.03,2.19,0.75,1225.68
58.13,0.47,16.53,10.91,0.64,0.02,0.26,2.37,0.79,4.84,2.51,0.17,0.03,2.27,0.07,1259.64
64.17,1.02,14.93,9.45,1.12,0.04,1.35,0.08,0.12,0.81,3.78,0.44,0.03,2.32,0.34,1461.62
62.91,0.46,5.99,19.3,1.54,0,1.91,3.88,0.15,0.38,1.54,0.62,0.03,0.83,0.45,1184.86
79.88,0.26,0.91,10.34,0.69,0.03,1.89,0.72,0,0.38,2.31,0.71,0.03,1.48,0.35,624.25
66.49,0.74,3.02,15.43,1.15,0.01,1,4.81,0.02,1,2.24,0.64,0.01,2.79,0.64,1286.77
64.09,1.05,5.93,16.58,0.76,0.01,1.82,0.46,0.94,2.29,4.96,0.54,0.04,0.02,0.5,1578.35
71.51,0.2,7.54,8.38,0.21,0.02,1.61,1.5,0.43,4.8,0.16,0.59,0.04,2.28,0.72,876.89
70.15,0.87,1.06,10.68,1.57,0,0.02,4.07,0.71,2.06,4.7,0.77,0.05,2.79,0.48,1428.25
65.4,0.98,14.18,3.06,0.47,0.01,1.64,4.05,0.5,2.9,4.13,0.31,0,1.45,0.91,1674.82
76.46,0.95,6.6,1.3,1.27,0.04,1.33,2.13,0.12,4.55,1.38,0.22,0.04,2.94,0.66,1349.46
72.69,0.03,3.45,11.69,0.3,0.04,0.38,2.61,0.51,3.02,1.64,0.87,0.02,2.1,0.64,706.24
66.88,0.15,11.21,11.01,1.8,0.04,0.3,0.41,0.29,4.93,0.11,0.67,0.03,1.94,0.22,816.27
86.51,0.12,1.34,1.77,1.15,0.02,0.59,1.58,0.21,2.06,1.02,0.7,0.01,2.84,0.09,499.25
60.74,1.13,15,13.61,1.82,0.01,0.35,1.26,0.24,1.55,2.88,0.03,0.02,0.74,0.61,1686.14
64.25,0.52,6.63,15.7,0.14,0.05,0.84,1.57,0.97,4.68,3.21,0.02,0.04,1.01,0.39,1182.53
59.89,0.2,9.42,14.89,0.55,0.05,0.39,0.33,0.64,4.25,4.77,0.77,0.01,2.93,0.92,949.94
61.57,0.67,7.97,19.69,0.12,0.03,0.41,2.64,0.78,1.23,1.97,0.95,0.04,1.72,0.22,1235.57
62.44,0.52,13.93,16.41,0.49,0.03,0.19,0.12,0.55,1.12,0.39,0.73,0.02,2.39,0.66,1079.08
76.4,0.32,10.82,4,1.63,0.03,0.45,3.13,0.95,0.41,0.55,0.84,0.01,0.12,0.35,950.43
63.94,0.57,10.25,10.15,1.83,0.04,1.97,2.38,0.08,4.78,0.02,0.78,0,2.28,0.94,1243.83
76.15,0.28,8.85,3.42,1.35,0.02,0.65,2.31,0.54,0.71,3.54,0.88,0.01,0.54,0.76,832.56
73.25,0.23,0.74,12.38,0.48,0.01,1.96,1.46,0.9,0.89,4.09,0.5,0,2.2,0.89,823.36
58.6,0.54,13.57,14.28,0.05,0.01,0.94,4.67,0.34,3.14,0.06,0.71,0.03,2.15,0.9,1326.98
63.26,0.18,4.71,19.92,0.31,0.04,1.45,3.41,0.23,1.08,3.33,0.19,0.03,1.48,0.39,878.47
53.26,0.61,10.1,18.99,1.31,0.05,0.21,4.23,0.34,4.05,4.28,0.27,0.02,2.18,0.1,1412.01
70.13,0.91,1.99,18.29,0.55,0.03,0.23,1.35,0.4,2.44,0,0.89,0,2.32,0.47,1297.93
78.01,0.73,9.67,3.28,0.48,0,0.13,0.07,0.22,3.4,1.58,0.34,0.01,1.73,0.34,1144.32
59.1,0.81,13.35,11.69,0.55,0.03,0.5,4.51,0.77,2.47,4.83,0.55,0.02,0.29,0.54,1507.5
62.15,0.78,13.72,8.23,0.95,0.03,1.75,3.96,0.02,0.62,4.26,0.83,0.02,1.75,0.91,1479.8
65.97,1.09,14.1,4.19,1.46,0.01,1.79,0.75,0.66,3.05,3.88,0.55,0,2.12,0.38,1685.2
57.22,0.64,13.86,15.04,1.31,0.05,0.92,3.53,0.8,1.88,2.29,0.97,0,1.01,0.49,1419.49
63.94,0.01,16.18,5.72,0.52,0.04,0.56,3.29,0.82,3.96,3.91,0.09,0,0.92,0.04,784.79
68.33,0.67,5.38,9.72,0.67,0.01,1.3,3.37,0.83,4.37,3.52,0.69,0,0.33,0.81,1350.69
78.21,0.29,6.4,2.91,0.39,0.04,0.52,2.25,0.15,3.39,3.64,0.36,0.04,0.72,0.69,810.88
77.4,0.32,2.21,3.39,0.67,0.02,1.81,0.98,0.97,4.05,4.41,0.93,0.04,2.37,0.44,856
61.74,0.62,16.78,7.57,0.08,0.04,1.15,4.07,0.08,3.11,1.24,0.9,0.01,2.53,0.09,1361.19
69.22,0.17,7.87,4.09,1.71,0,0.71,3.16,0.91,4.34,4.48,0.06,0.04,2.34,0.9,906.96
58.52,0.38,16.41,8.05,1.27,0.02,0.86,2.73,0.36,3.96,3.17,0.69,0.01,2.91,0.66,1224.68
73.94,0.22,1.14,10.55,1.11,0.01,0.7,4.73,0.29,0.78,4.96,0.3,0.03,0.69,0.55,810.39
62.7,0.47,17.31,8.66,1.17,0.05,1.98,0.51,0.83,1.91,2.97,0.38,0.02,0.48,0.57,1110.39
56.71,0.65,17.52,14.29,0.96,0.05,1.15,0.68,0.55,0.9,3.84,0.97,0.02,1.3,0.42,1314.1
60.99,0.35,14.3,12.35,0.13,0.04,0.37,4.9,0.38,3.08,0.39,0.34,0.04,1.43,0.9,1186.48
65.87,1.18,8.17,11.3,1.67,0.01,1.72,2.96,0.73,0.4,3.83,0.31,0.04,1.53,0.27,1677.16
51.8,1.14,13.77,19.71,0.73,0.03,1.22,3.44,0.04,1.46,4.55,0.42,0.05,0.64,1,1842.47
59.12,0.48,16.33,10.91,1.36,0,1.26,4.4,0.18,3.69,0.13,0.93,0.05,1.06,0.11,1315.7
79.05,0.79,0.54,9.65,0.54,0.02,0.04,0.26,0.02,3.1,2.8,0.23,0.03,2.65,0.28,1111.98
70.87,0.05,6.75,10.16,1.46,0.01,1.97,3.42,0.37,0.49,0.91,0.49,0.02,2.3,0.73,771.55
75.07,0.25,10.71,0.41,0.8,0.04,0.8,4.18,0.98,3.04,0.73,0.38,0,1.81,0.82,999.69
61.7,0.96,15.32,5.33,1.74,0.03,0.58,4.94,0.95,2.87,4.22,0.26,0.02,0.55,0.52,1714.53
72.63,0.6,3.83,13.46,0.24,0,0.77,2.05,0.32,1.29,1.69,0.16,0.02,2.71,0.22,1049.63
68.14,0.43,5.78,18.74,0.86,0.03,1.2,0.71,0.94,1.73,0.22,0.3,0.02,0.28,0.62,1026.75
77.06,0.42,11.32,0.13,1.96,0.01,1.32,3.58,0.17,0.56,0.76,0.25,0.01,2.02,0.42,974.95
74.18,1.03,3.07,7.2,0.14,0.01,1.33,3.46,0.68,2.76,4.76,0.51,0.02,0.74,0.1,1488.36
67.24,0.66,5.67,10.48,0.41,0.04,2,1.61,0.84,4.36,4.98,0.34,0.04,0.69,0.62,1299.04
66.01,0.26,15.28,8.42,0.43,0.03,1.73,4.84,0.75,0.03,0.67,0.08,0.01,1.15,0.34,1047.01
59.16,0.15,15.88,12.31,1.59,0.02,0.82,1.59,0.44,3.05,2.46,0.84,0.05,1.41,0.24,979.3
84.32,0.1,1.22,3.06,0.29,0.02,0.31,4.27,0.58,1.84,0.35,0.59,0.01,2.23,0.8,677.75
68.63,0.66,2.69,15.74,0.62,0.01,0.94,4.61,0.3,4.53,0.27,0.08,0.03,0.57,0.32,1288.18
57.67,0.34,13.25,14.04,1.91,0.04,1.39,3.47,0.88,1.48,1.5,0.74,0.01,2.74,0.53,1144.99
67.52,0.37,13.97,6.25,1.93,0.05,1.33,0.57,0.26,2.58,4.26,0.18,0.01,0.22,0.51,1020.62
49.25,0.99,14.53,15.7,0.26,0.02,1.97,4.94,0.6,3.55,4.76,0.45,0.01,2.01,0.96,1826.48
62.55,0.84,14.46,8.45,0.19,0.01,1.97,2.47,0.01,4.78,2.49,0.84,0.03,0.31,0.62,1493.06
66,0.48,6.71,17.98,1.01,0.02,1.64,0.24,0.09,0.11,3.44,0.53,0.04,1.5,0.22,989.02
67.83,0.97,5.3,18.71,0.5,0.01,0.99,0.25,0.04,2.48,1.08,0.01,0.01,1.43,0.39,1398.84
66.76,0.86,12.16,7.88,0.28,0.02,1.78,2.34,0.2,0.47,4.72,0.74,0.02,0.89,0.9,1359.63
59.98,0.22,9.63,14.27,0.79,0,0.46,4.51,0.52,4.08,2.78,0.94,0.05,1.45,0.32,1117.37
66.02,0.6,14.8,3.67,0.67,0.03,0.49,2.2,0.96,3.13,4.75,0.72,0.04,1.78,0.14,1276.79
63.64,0.63,4.55,19.97,0.53,0.01,1.25,2.55,0.02,0.65,4.06,0.48,0.01,1.4,0.25,1176.79
66.26,1.16,14.31,5.09,0.82,0.04,0.71,2.84,0.53,2.01,3.2,0.47,0,2.44,0.11,1671.28
60.43,0.56,10.44,14.11,0.82,0.04,0.26,3.27,0.83,4.45,2.9,0.31,0.01,1.04,0.54,1373.64
67.61,0.3,9.43,8.12,0.39,0.03,1.99,1.83,0.55,1.64,4.38,0.86,0.01,2.7,0.15,936.72
72.69,0.12,11.75,7.72,1.06,0.03,0.11,1.46,0.46,1.33,0.24,0.09,0.04,2.73,0.15,729.97
59.3,1.15,5.39,17.1,1.01,0.05,0.27,4.87,0.44,4.76,2.29,0.53,0.04,2.17,0.62,1759.73
48.02,0.51,14.26,18.96,0.02,0.03,1.73,3.27,0.8,4.48,3.75,0.72,0.05,2.59,0.82,1420.5
66.91,0.67,12.77,6.06,0.19,0.02,1.54,4.39,0.91,1.89,1.86,0.41,0.02,2,0.36,1344.57
72.86,0.03,7.9,4.48,0.06,0.02,0.41,2.26,0.28,3.02,4.95,0.55,0.03,2.76,0.37,650.87
70.08,0.49,11.61,0.09,1.71,0,1.8,4.75,0.99,4.05,0.71,0.71,0.01,2.69,0.32,1233.94
69.18,0.4,16.52,0.26,0.39,0.02,1.4,3.24,0.67,4.4,0.61,0.52,0.04,1.91,0.45,1120.18
73.36,0.15,7.67,3.57,1.56,0.04,0.78,2.56,0.95,2.68,4.98,0.14,0.04,1.49,0.02,765.22
62.14,1.17,17.37,7.67,1.91,0.01,1.36,0.96,0.25,3.9,1.89,0.01,0.02,0.68,0.68,1775.63
76.43,0.33,7.07,5.96,1.29,0.01,0.96,1.67,0.88,0.37,4.15,0.17,0,0.61,0.1,846.56
70.91,0.63,17.79,0.69,0.92,0.02,0.68,1.66,0.9,0.09,3.87,0.25,0.02,1.26,0.3,1211.88
63.98,0.17,13.37,5.78,1.77,0.02,0.34,4.93,0.18,2.84,2.85,0.37,0.05,2.53,0.83,984.03
74.35,1.17,8.23,1.94,1.53,0.02,0.38,2.42,0.93,0.86,4.24,0.42,0.01,2.55,0.97,1572.47
68.83,0.47,14.65,0.21,0.45,0.04,0.81,1.65,0.87,4.59,4.74,0.27,0.05,2.21,0.15,1090.79
68.77,0.74,0.47,14.17,1.47,0.04,0.35,3.14,0.18,4.73,3.38,0.1,0.01,1.99,0.48,1283.19
70.05,0.79,3.19,10.87,1.92,0.03,0.1,4.94,0.16,3.59,2.66,0.29,0.01,0.53,0.86,1440.8
75.74,1.05,8.37,2.07,1.77,0.02,0.88,2.04,0.37,2.63,3.02,0.47,0.04,0.95,0.58,1499.5
66.37,0.13,3.4,16.02,0.37,0.03,1.94,2.61,0.19,1.6,4.12,0.35,0.04,2.33,0.5,760.24
67.69,0.94,5.7,10.32,1.37,0.01,0.55,3.26,0.66,2.47,3.98,0.48,0.04,2.21,0.31,1534.19
70.27,1.07,3.22,10.29,0.24,0.01,1.37,0.39,0.66,4.5,4.85,0.22,0.04,2.78,0.09,1458.26
68.53,0.5,16.55,4.06,1.87,0.03,0.2,2.25,0.33,1.41,2.71,0.48,0.02,0.26,0.8,1182.23
81.37,0.99,5.71,0.09,1.82,0.04,0.21,3.51,0.02,0.14,2.63,0.1,0.05,2.68,0.65,1315.18
71.65,0.09,5.85,7.43,0.96,0.01,1.16,2.18,0.95,4.68,2.83,0.64,0.01,0.67,0.9,809.33
61.28,0.69,16.83,6.9,0.37,0.05,0.92,2.09,0.27,4.46,4.23,0.4,0,1.34,0.18,1390.99
80.4,0.18,7.08,1.98,1.91,0,0.8,0.81,0.69,0.39,2.73,0.77,0.05,2.1,0.1,659.25
56.85,0.27,8.05,19.53,1.64,0.04,1.72,3.1,0.74,1.79,4.99,0.28,0.03,0.85,0.11,1045.11
70.49,0.69,6.36,11.66,1.12,0.03,0.25,2.2,0.81,1.58,2.22,0.49,0.04,1.97,0.1,1196.47
60.85,0.91,8.39,15.15,0.96,0.04,1.76,4.45,0.45,4.3,0.51,0.1,0.03,1.96,0.15,1600.78
67.17,0.57,1.7,12.04,1.71,0.04,0.76,4.97,0.66,4.08,3.35,0.99,0.04,1.56,0.37,1281.76
77.43,0.76,6.17,8.57,1.12,0.04,1.53,0.59,0.25,0.13,0.04,0.22,0.04,2.71,0.39,1143.25
55.4,0.68,12.71,19.06,1.83,0,0.5,0.25,0.62,3.55,1.54,0.85,0.02,3,0,1357.65
67.38,0.04,14.08,1.06,1.5,0,0.51,4.21,0.95,2.07,4.85,0.63,0.02,2.41,0.3,845.68
64.08,0.33,11.82,7.81,0.27,0,1.58,3.38,0.41,4.48,2.05,0.71,0.05,2.52,0.51,1074.25
75.3,0.78,4.64,8.69,0.42,0,1.18,4.32,0.03,0.98,2.3,0.67,0.01,0.17,0.52,1319.53
80.86,0.98,0.63,6.99,1.33,0.01,0.47,2.68,0.95,1.44,2.44,0.4,0.04,0.22,0.57,1324.82
64.78,0.5,6.33,12.07,1.48,0.04,0.83,3.58,0.92,4.6,3.52,0.64,0.03,0.55,0.12,1268.63
76.34,0.59,2.87,11.54,1.29,0.03,0.07,0.29,0.11,0.77,4.95,0.34,0.01,0.16,0.64,937.9
68.51,1.1,14.41,4.61,0.97,0.02,0.7,4.09,0.11,2.08,2.14,0.47,0.04,0.65,0.1,1636.06
84.83,0.75,3.13,1.5,0.85,0.01,0.72,1.3,0.09,2.8,0.14,0.97,0.02,2.09,0.81,1115.11
60.48,1,4.34,19.85,0.04,0.01,1.56,0.97,0.7,4.28,4.8,0.47,0.05,1.23,0.22,1526.24
65.11,0.62,11.7,9.16,1.13,0.02,1.05,4.76,0.5,1.27,3.79,0.34,0.04,0.17,0.33,1268.9
69.78,1.05,9.3,5.91,1.44,0.03,1.6,3.22,0.17,3.35,1.96,0.46,0.05,1.08,0.61,1617.65
73.31,0.44,1.71,9.07,1.19,0.02,0.78,4.1,0.03,1.48,4.06,0.92,0.02,2.67,0.2,1000.08
78.51,1.08,4.01,1.19,0.18,0.01,1.52,2.55,0.46,2.92,4.45,0.09,0.03,2.78,0.21,1436.38
74.55,1.01,12.56,0.29,0.46,0.03,1,2.64,0.23,3.38,1.33,0.39,0.02,2.02,0.09,1444.87
74.21,0.14,3.74,12.14,1.46,0.03,0.95,0.26,0.96,0.84,3.34,0.91,0.03,0.65,0.32,648.52
63.27,0.05,11.03,12.26,1.45,0,1.64,3.69,0.14,1.74,3.19,0.5,0.01,0.26,0.78,865.8
65.89,1,11.02,12.09,0.96,0.03,1.2,4.84,0.22,1.07,0.29,0.66,0.03,0.33,0.36,1564.49
60.95,0.22,5.97,19.03,1.37,0,0.51,0.05,0.71,2.35,4.97,0.73,0.03,2.41,0.7,920.58
72.95,0.67,8.12,3.58,0.45,0.01,0.02,4.58,0.69,3.45,2.86,0.69,0.05,1.16,0.71,1236.36
56.27,0.44,15.38,17.16,1.8,0,0.6,0.67,0.45,2.48,1.28,0.72,0.01,2.56,0.18,1219.2
62.78,0.73,1.4,16.93,1.2,0.04,1.74,2.73,0.91,4.24,4.79,0.85,0.04,1.41,0.21,1321.59
69.71,1.09,13.01,5.63,0.68,0.03,0.96,0.41,0.14,3.73,1.64,0.51,0.04,2.25,0.17,1517.94
81.49,0.89,2.68,7.44,1.74,0.05,0.91,0.4,0.26,1.16,1.19,0.49,0.03,0.37,0.89,1157.44
58.26,0.75,10.75,19.75,1.26,0.05,0.57,1.2,0.52,2.54,1.13,0.7,0,2.07,0.46,1378.44
61.58,1.17,6.02,19.65,0.13,0.03,0.91,4.11,0.79,4,0.47,0.82,0.01,0.08,0.22,1836.06
65.94,0.58,13.36,4.37,0.23,0.03,1.97,3,0.69,2.81,3.91,0.98,0.03,1.25,0.86,1310.24
61.63,0.64,7.37,13.1,0.54,0.02,1.98,3.18,0.87,4.04,3.26,0.84,0.01,1.91,0.59,1389.44
77.99,0.75,3.04,5.54,0.57,0.03,1.95,4.77,0.23,1.52,0.18,0.4,0.04,2.75,0.24,1184.93
57.64,0.43,14.49,12.94,1.57,0.03,0.52,1.14,0.01,3.9,4.24,0.77,0,2.29,0.05,1129.87
73.25,0.14,7.93,9.52,1.63,0.03,0.31,1.13,0.29,0.62,1.44,0.73,0.01,2.51,0.47,664.64
76.55,0.85,9.3,0.15,1.84,0,1.88,0.14,0.77,2.67,2.53,0.07,0.01,2.33,0.89,1270.8
82.27,0.64,6.36,1.2,1.36,0.01,0.11,3.33,0.49,0.06,0.55,0.7,0,2.6,0.31,1061.99
71.56,0.63,5.52,8.12,0.04,0.03,0.73,3.57,0.63,3.26,3.96,0.63,0.02,1.17,0.12,1189.95
70.4,0.94,13.7,4.93,1.73,0.03,0.96,0.09,0.38,3.2,0.45,0.46,0.05,2.15,0.55,1388.52
57.46,1.15,16.71,13.65,0.2,0.01,0.37,2.6,0.21,3.48,2.73,0.02,0.04,0.57,0.82,1793.85
78.84,0.43,6.1,0.24,1.98,0.03,0.85,0.48,0.7,1.41,4.94,0.95,0.04,2.91,0.11,833.72
71.93,0.1,17.5,1.2,1.71,0.04,0.75,0.09,0.01,1.02,2.47,0.46,0.03,2.32,0.38,651.43
66.12,0.2,14.4,6.65,0.57,0.04,1.87,4.57,0.14,2.52,0.46,0.96,0.01,0.59,0.89,995.68
72.17,0.98,10.3,2.65,0.34,0.04,1.05,3.53,0.37,2.66,4.89,0.33,0.03,0.52,0.12,1433.71
56.56,0.94,15.19,13.37,0.32,0.01,1.82,1.44,0.82,1.43,4.7,0.91,0,2.31,0.17,1575.11
66.41,0.7,5.86,11.51,0.34,0,1.14,2.59,0.69,3.25,4.49,0.46,0,1.89,0.68,1284.56
68.86,0.63,12.41,6.47,0.3,0.03,0.49,2.28,0.49,2.39,2.99,0.03,0.05,2.15,0.43,1160.76
70.34,0.28,6.84,11.86,1.34,0.03,1.73,1.09,0.64,0.51,2.74,0.58,0.01,1.18,0.83,907.6
59.74,0.19,7.82,18.65,1.01,0.04,1.65,1.02,0.22,3.79,3.77,0.06,0.02,1.2,0.83,965.85
59.89,1.2,14.05,13.33,0.78,0,1.15,1.81,0.35,3.44,2.32,0.75,0.02,0.45,0.46,1779.8
71.78,1.14,14.43,4.11,0.78,0.05,0.25,1.27,0.26,2.85,2.05,0.08,0.03,0.3,0.61,1485.33
69.25,0.09,11.51,8.63,0.82,0.03,1.21,0.08,0.13,1.18,3.39,0.58,0.04,2.22,0.85,777.77
64.26,0.46,6.21,16.62,0.48,0.02,0.39,4.57,0.41,1.06,3.46,0.24,0.05,1.1,0.66,1165.11
55.68,1.08,14.18,16.97,0.2,0.05,1.25,4.35,0.68,1.01,3.05,0.09,0.03,1.23,0.15,1714.38
48.97,1.18,16.22,17.87,1.58,0.03,1.31,0.53,0.9,4.41,3.74,0.93,0.03,1.34,0.97,1972.66
63.88,0.45,11.45,14.4,1.25,0.03,0.6,3.22,0.91,0.03,0.67,0.12,0.05,1.99,0.95,1129.61
69.35,0.7,8.31,15.85,0.32,0.02,0.93,1.49,0.37,0.39,0.99,0.34,0.04,0.55,0.35,1177.02
56.52,0.74,15.58,16.38,0.57,0.01,0.31,4.84,0.67,0.21,0.68,0.49,0.01,2.41,0.57,1476.65
75.91,0.74,8.33,5.12,1.18,0.04,0.74,2.52,0.84,0.74,2.73,0.35,0.04,0.06,0.67,1241.72
65.4,1.07,9.35,10.6,1.41,0.02,0.07,1.15,0.24,1.68,4.72,0.8,0.05,3,0.43,1564.37
61.03,0.28,10.08,17.62,0.93,0.03,0.27,2.1,0.39,1.76,4.44,0.06,0.05,0.02,0.95,1055.05
61.29,0.23,11.78,17.64,0.28,0.01,0.61,0.81,0.11,3.39,1.07,0.67,0.04,1.96,0.12,927.25
72.91,0.69,7.09,6.87,0.64,0.05,1.49,0.67,0.48,1.59,4.89,0.98,0.02,1.06,0.6,1095.77
70.75,0.8,6.01,13.07,0.77,0.04,1.34,2.54,0.7,2.3,0.58,0.18,0.01,0.19,0.71,1334.93
70.03,0.45,1.68,16.4,1.37,0.02,0.49,0.76,0.46,4.43,0.94,0.57,0.05,1.91,0.44,1025.6
55.82,0.71,15.69,10.29,1.66,0.05,1,3.03,0.61,3.91,4.11,0.03,0.04,2.35,0.7,1518.05
73.76,0.86,0.75,8.84,1.64,0.05,0.46,2.9,0.8,3.76,3.09,0.02,0.04,2.32,0.72,1350.3
61.38,1.19,13.87,11.57,1.87,0.05,1.63,2.82,0.53,1.64,1.25,0.51,0.03,0.73,0.92,1828.66
68.41,0.67,9.48,8.71,0.12,0.04,0.63,3.21,0.61,2.92,2.63,0.18,0.01,1.57,0.79,1246.29
68.06,0.11,11.93,8.47,0.25,0.03,0.42,2.55,0.31,4.66,1.14,0.42,0.05,0.96,0.64,837.76
70.79,0.39,1.99,12.55,1.83,0.02,1.25,3.04,0.42,3.07,1.3,0.38,0.02,2.59,0.35,970.88
59.48,0.31,11.67,15.25,0.92,0.02,1.82,0.68,0.72,3.45,3.45,0.94,0.04,0.9,0.35,1067.87
65.51,0.48,0.55,18.27,0.15,0.03,1.46,4.22,0.55,3.63,1.51,0.75,0.02,2.71,0.16,1138.91
68.07,0.93,13.48,4.21,0.29,0.02,0.97,2.7,0.43,3.32,2.14,0.95,0.01,1.88,0.61,1449.47
76.46,0.35,7.41,7.31,0.34,0.02,0.77,0.89,0.45,2.11,0.66,0.13,0.03,2.12,0.94,858.1
67.47,0.75,7.26,15.96,1.37,0.05,0.28,0.29,0.27,0.1,4.66,0.3,0.03,0.95,0.25,1153.07
70.03,0.19,5.77,12.31,1.94,0.03,1.07,0.18,0.84,0.22,4.53,0.54,0.01,1.36,0.99,755.44
75.17,0.15,10.75,1.78,1.53,0.05,1.86,0.54,0.56,0.49,2.86,0.81,0.03,2.62,0.8,677.07
71.93,0.34,11.34,0.15,0.79,0.01,1.87,2.03,0.65,3.66,3.87,0.74,0.01,2.06,0.55,1010.61
75.25,0.36,7.88,3.73,0.28,0.01,1.11,4.6,0.33,1.62,2.82,0.36,0.05,1.13,0.49,957.62
57.49,0.64,14.08,11.28,0.48,0.01,1.88,4.01,0.02,4.11,2.95,0.52,0,2.34,0.2,1408.03
73.9,0.2,8.66,5.67,1.99,0.03,1.13,1.1,0.41,0.62,3.81,0.33,0.04,1.12,0.99,746
77.3,0.21,0.03,11.9,1.91,0.03,0.17,2.7,0.91,0.03,0.83,0.81,0.04,2.12,0.99,752.83
58.65,0.83,12.65,15.87,1.84,0.02,0.09,1.81,0.67,1.07,4.05,0.22,0,1.52,0.73,1455.62
65.55,0.43,13.48,8.77,0.34,0,1.42,1.93,0.91,2.7,1.74,0.35,0.01,1.78,0.58,1121.08
81.36,0.36,1.75,5.91,0.86,0.05,1.31,3.91,0.33,0.72,1.28,0.26,0.03,1.02,0.86,862.22
69.09,1.19,6.18,14.1,1.31,0.01,1.84,1,0.74,1.74,1.84,0.46,0.04,0.42,0.05,1575.24
51.33,0.83,13.69,17.09,1.49,0.05,1.5,4.68,0.19,2.5,4.97,0.68,0.04,0.09,0.87,1632.71
78.1,0.84,3.07,0.51,0.52,0.05,1.34,4.6,0.45,4.68,2.31,0.2,0.01,2.98,0.33,1371.19
54.67,0.65,11.38,18.45,1.03,0.04,0.65,4.89,0.08,3.62,3.3,0.19,0.02,0.94,0.09,1426.61
55.9,0.71,17.89,11.19,1.09,0,0.28,2.57,0.99,4.38,1.7,0.54,0.03,2.06,0.69,1554.47
83.58,0.59,1.15,4.58,1.16,0,0.85,1.65,0.82,0.55,3.41,0.41,0.03,0.62,0.61,968.64
66.31,0.81,1.26,16.49,1.72,0,1.21,2.97,0.01,1.71,4.84,0.56,0.05,2.03,0.03,1326.2
72.72,0.67,2.29,12.28,1.62,0.04,0.49,1.29,0.97,4.44,1.59,0.82,0.01,0.59,0.18,1186.56
59.9,0.11,15.38,11.58,0.52,0.04,1.61,0.5,0.64,3.61,3.58,0.72,0.01,0.95,0.84,905.89
63.45,0.04,15.48,7.54,0.66,0.02,0.83,1.89,0.57,0.39,4.86,0.94,0.05,2.64,0.66,788.09
84.39,0.27,0.89,1.99,0.65,0.03,1.99,2.18,0.52,3.48,0.9,0.93,0.03,0.83,0.94,765.33
65.46,0.7,13.47,3.09,1.73,0.05,1.13,3.41,0.86,1.87,4.96,0.68,0.02,2.03,0.52,1436.11
57.01,0.14,14.33,11.29,1.59,0.01,1.08,3.83,0.99,4.42,4.32,0.25,0.04,0.51,0.2,1099.61
69.75,1.06,7.53,10.93,0.33,0.01,0.27,2.05,0.59,1.42,4.23,0.98,0.01,0.05,0.79,1473.81
76.97,0.24,6.36,7.88,1.83,0.03,0.08,0.07,0.2,1.59,2.42,0.84,0.02,1.13,0.33,692.15
58.57,0.16,8.83,18.64,0.2,0.02,0.04,3.85,0.64,3.5,2.36,0.91,0.02,1.54,0.7,987.79
78.37,0.63,3.41,6.34,0.18,0.02,1.22,0.59,0.63,4.46,1.69,0.22,0.04,2.08,0.11,1105
62.65,0.69,11.13,11.34,1.6,0.02,1.42,4.96,0.39,3.96,1.23,0.28,0.05,0.08,0.22,1415.22
68.79,0.58,7.23,12.58,0.39,0,0.74,2.62,0.56,3.01,2.74,0.25,0.04,0.26,0.2,1152.29
68.81,0.6,5.89,10.14,0.69,0.05,0.71,3.14,0.89,3.19,2.83,0.57,0.02,2.42,0.05,1220.76
58.95,1.06,10.55,16.98,0.02,0.04,0.24,3.61,0.42,3.41,3.14,0.16,0.03,0.83,0.56,1680.23
74.14,0.62,11.12,5.91,1.91,0.03,0.37,0.54,0.54,1.88,0.96,0.03,0.03,1.8,0.14,1102.76
49.11,0.73,17.14,19.57,1.78,0.04,0.42,0.78,0.44,3.1,4.25,0.23,0.02,1.94,0.45,1443.77
73.88,1.18,8.55,10.65,0.44,0.03,0.51,1.01,0.28,0.01,2.85,0.39,0.04,0.12,0.04,1455.93
84.18,1.06,2.28,0.04,0.36,0.04,1.61,1.7,0.67,2.54,4.52,0.06,0.04,0.51,0.39,1361.76
63.29,0.82,9.86,13.96,1.28,0.04,0.48,2.14,0.15,2.15,3.51,0.69,0.04,0.93,0.66,1360
64.67,0.45,17,6.87,1.21,0.04,1.81,2.19,0.36,2.15,1.62,0.65,0.05,0.38,0.56,1168.37
75.85,1.08,9.26,0.5,0.21,0.03,0.25,0.75,0.77,3.75,4.21,0.11,0.01,2.5,0.72,1487.66
50.75,0.97,17.82,17.29,1.04,0.02,1.14,3.19,0.34,3.85,0.46,0.78,0,1.49,0.86,1783.94
55.35,0.2,16.11,16.65,1.87,0.04,1.47,0.92,0.3,2.48,2.94,0.78,0.01,0.38,0.48,981.71
65.71,0.2,12.49,11.51,1.48,0,1.93,0,0.33,3.4,0.23,0.08,0,1.74,0.9,979.79
85.11,0.42,0.34,0.43,1.78,0.01,2,0.82,0.67,4.74,1.81,0.73,0.02,0.91,0.2,910.58
72.27,0.99,4.63,5.66,2,0.02,0.85,4.95,0.37,1.83,4.14,0.31,0.01,1.27,0.7,1529.18
76.21,0.42,4.41,13.09,0.58,0.03,1.01,1.09,0.27,0.85,0.28,0.62,0.03,0.5,0.62,852.93
72.75,1.18,1.34,9.81,1.47,0,1.56,4.9,0.09,4.11,1.89,0.14,0.02,0.21,0.52,1599.61
76.14,0.24,6.5,3.64,1.47,0.01,1.23,1.4,0.66,2.7,2.12,0.67,0.02,2.46,0.73,807.53
54.78,0.65,15.79,16.58,1.06,0,1.13,1.78,0.54,3.24,3.22,0.67,0.03,0.33,0.19,1370.66
87.16,0.92,2.25,3.83,1.12,0.03,0.53,2.04,0.03,0.19,0.47,0.58,0.04,0.78,0.03,1172.39
66.26,0.85,15.4,2.76,0.77,0.01,0.21,3.24,0.97,3.39,4.92,0.43,0.04,0.62,0.12,1466.89
70.42,0.39,12.08,6.67,1.15,0.01,1.57,1.56,0.53,0.12,3.96,0.62,0.01,0.65,0.26,1009.47
74.16,0.7,9.87,5.48,1.39,0.04,0.09,2.09,0.59,2.93,0.1,0.21,0,1.71,0.65,1213.71
65.16,0.4,14.76,3.89,1.1,0.04,1.66,3.33,0.3,4.12,3.71,0.7,0,0.13,0.7,1144.76
53.78,1.13,13.93,16.63,1.09,0.02,1.36,3.56,0.68,4.73,1.84,0.04,0.05,0.48,0.7,1881.96
61.35,1,5.98,15.89,0.14,0.03,1.35,2.46,0.69,4.62,3.67,0.96,0.02,1.58,0.26,1620.16
76.74,1.18,0.99,7.17,0.6,0.02,1.84,1.84,0.92,2.12,4.27,0.52,0.02,1.35,0.42,1511.6
71.66,0.23,6.05,12.49,0.77,0.04,1.97,1.89,0.46,0.82,1.96,0.73,0.01,0.55,0.38,781.75
57.34,0.98,11.23,19.15,1.81,0.01,0.09,2,0.52,2.58,0.67,0.12,0,2.55,0.95,1645.76
51.66,0.12,15.8,19.17,0.52,0.02,0.73,2.51,0.68,2.52,4.76,0.1,0.04,1,0.38,1008.49
53.33,0.85,16.73,14.32,1.55,0.04,0.64,3.78,0.78,2.67,2.68,0.76,0.04,1.01,0.8,1633.68
75.87,0.86,3.36,1.86,1.15,0.05,0.07,4.13,0.51,4.3,4.22,0.88,0.04,2.53,0.18,1372.17
69.73,0.37,4.36,14.85,0.31,0.01,1.76,3.53,0.88,0.7,1.99,0.28,0,0.85,0.38,1015.31
68.74,0.47,0.84,14.08,1.46,0.04,0.97,4.84,0.91,2.76,2.22,0,0.04,1.69,0.94,1135.04
49.44,0.72,17.87,17.08,1.91,0.02,0.3,3.98,0.79,1.06,3.82,0.58,0.01,1.51,0.93,1638.27
54.28,0.04,13.11,18.94,1,0.02,1.29,4.58,0.18,2.02,0.78,0.5,0.03,2.83,0.41,962.05
66.7,0.68,15.93,6.43,1.35,0.04,0.66,0.82,0.5,1.78,1.33,0.97,0.03,2.57,0.2,1220.96
56,0.59,10.68,15.8,1.7,0,1.81,4.69,0.59,0.93,4.09,0.55,0.04,2.44,0.09,1404.16
59.79,0.73,8.7,18.92,0.59,0.01,1.79,0.74,0.69,1.5,2.84,0.62,0.02,2.92,0.13,1282.49
81.61,0.76,7.33,1.94,1.89,0.02,0.69,2.23,0.22,0.5,0.74,0.17,0.01,1.26,0.62,1092.96
67.33,0.76,0,18.42,1.65,0.05,0.72,3.32,0.17,4.09,0.81,0.33,0.02,1.78,0.56,1324.79
60.72,1.11,15.7,11.82,1.14,0.01,0.4,1.26,0.49,3.66,2.3,0.13,0.02,0.49,0.75,1693.07
66.43,0.21,8.69,13.87,0.46,0,1.13,0.27,0.59,3.77,1.65,0.49,0.05,1.41,1,902.73
70.84,0.79,15.7,1.85,0.56,0.01,1.87,2.13,0.91,1.47,0.63,0.3,0.03,2.54,0.39,1326.85
66.38,1.1,4.4,13.87,1.47,0.01,0.05,1.83,0.05,4.5,4.77,0.74,0.04,0.72,0.07,1579.76
66.73,0.82,14.03,8.19,0.29,0.04,0.91,4.13,0.44,1.09,0.86,0.74,0.03,1.21,0.49,1455.1
78.13,0.66,4.31,7.56,0.58,0.02,1,0.87,0.39,1.93,1.43,1,0,1.93,0.17,1090.44
84.49,0.31,2.52,6.32,0.68,0.02,0.75,2.06,0.71,1.23,0.09,0.49,0.02,0.18,0.13,722.25
65.92,0.62,4.23,17.55,0.35,0,0.9,4.93,0.63,1.77,0.08,0.48,0.01,1.94,0.58,1283.48
60.32,0.91,10.54,16.84,0.52,0.03,0.24,1.46,0.66,4.13,1.6,0.8,0.03,1.05,0.88,1531.07
68.37,0.62,11.67,9.91,0.91,0.04,0.59,0.18,0.88,4.13,1.83,0.19,0.03,0.24,0.42,1198.4
66.31,0.04,11.33,13.46,0.97,0.01,0.2,1.57,0.47,3.21,0.01,0.71,0.04,1.33,0.34,743.14
53.61,1.01,14.12,19.67,0.74,0.05,0.17,2.06,0.47,2.2,3.13,0.17,0.04,1.66,0.9,1671.97
78.93,0.9,4.09,4.1,1.41,0.03,0.47,2.42,0.46,3.46,0.01,0.59,0.03,2.24,0.89,1252.25
80.32,0.53,6.17,2.05,0.67,0,1.61,4.04,0.42,1.3,0.59,0.85,0.04,0.8,0.62,1017.51
75.31,0.04,10.39,3,0.02,0.01,0.63,3.35,0.2,4.44,1.44,0.33,0.01,0.76,0.07,703.08
56.76,0.36,15.47,13.77,1.75,0.01,0.91,1.15,0.72,4.85,4.08,0.04,0.02,0.09,0.04,1183.52
71.79,0.37,7.21,8.1,1.54,0.01,0.32,3.13,0.57,0.77,4.26,0.33,0.02,1.26,0.32,962.24
74.97,0.67,7,5.19,1.81,0.02,1.4,1.74,0.44,1.18,3.76,0.74,0,0.18,0.92,1180.82
67.67,0.6,14.62,2.77,1.31,0.02,1.49,0.15,0.59,2.78,4.2,0.68,0.04,2.66,0.41,1199.94
61.33,0.17,11.35,17.47,0.15,0.03,0.23,0.13,0.68,3.41,3,0.86,0,0.32,0.86,851.77
55.61,0.89,16.1,13.79,1.58,0.01,0.58,4.32,0.61,1.17,2.62,0.69,0.01,1.96,0.04,1622.92
73.51,0.37,12.13,2.99,0.44,0.04,1.35,2.49,0.21,1.71,2.87,0.16,0.02,1.23,0.48,984
73.17,0.79,2.1,5.93,0.63,0.03,1.16,4.62,0.79,4.28,4.46,0.8,0.02,0.65,0.57,1372.82
59.5,0.83,6.96,16.97,1.92,0.03,0.91,4.21,0.02,0.65,4.23,0.73,0.02,2.67,0.35,1498.33
67.51,0.23,5.13,18.32,0.37,0.01,0.96,0.46,0.89,0.5,3.08,0.34,0.04,1.77,0.39,846.46
75.24,1.18,1.19,11.56,1.98,0.03,1.48,0.16,0.02,0.18,4.96,0.98,0.02,0.87,0.15,1381.69
54.5,0.9,15.59,14.93,1.29,0.04,1.48,2.38,0.34,1.41,3.4,0.96,0.03,2.74,0.01,1509.87
61.05,0.96,15.36,12.62,1.87,0.03,0.48,1.08,0.56,4.53,0.36,0.6,0.04,0.35,0.12,1533.49
75.04,0.25,3.58,2.61,1.22,0.03,1.41,2.66,0.95,4.4,4.79,0.39,0.04,2.29,0.34,856.82
69.07,0.14,12.29,2.73,0.59,0.03,1.36,4.63,0.59,3.36,1.55,0.69,0.02,2.57,0.39,847.47
64.14,0.98,17.17,6.55,0.95,0.04,1.79,2.47,0.11,1.84,2.75,0.42,0.01,0.11,0.69,1531.51
51.87,1.19,16.55,13.67,1.68,0.01,1.24,0.3,0.71,4.85,4.3,0.53,0.04,2.83,0.22,1841.86
79.87,1.05,1.77,3.56,1.44,0.01,0.32,2.78,0.83,1.34,4.21,0.81,0.03,1.94,0.04,1422.13
81.22,0.45,4.74,3,0.78,0.02,1.46,2.99,0.91,0.73,0.3,0.53,0,2.36,0.51,876.64
84.03,0.46,7.76,0.32,0.17,0.03,0.3,3.89,0.27,0.49,1.18,0.36,0,0.43,0.32,895.6
57.95,0.38,14.41,16.87,0.39,0.01,1.27,4.02,0.96,0.03,2.07,0.73,0.04,0.19,0.68,1171.15
71.26,0.59,2.85,14.74,1.48,0.04,0.76,0.07,0.26,2.34,3.47,0.38,0.03,1.57,0.16,1023.93
61.46,0.75,7.91,16.16,1.38,0.01,0.98,3.51,0.09,3.96,1.11,0.5,0.05,1.71,0.42,1420.55
63.06,0.44,16.62,6.65,1.07,0.03,1.05,2.39,0.34,4.54,2.25,0.53,0.03,0.2,0.78,1289.94
65.32,0.62,11.83,15.44,1.75,0.02,1.62,1.29,0.66,0.51,0.1,0.1,0.02,0.09,0.63,1262.22
76.01,0.06,3.9,8.16,0.77,0.01,1.99,1.42,0.72,1.1,4.39,0.39,0.05,1.03,0.01,590.69
78.46,0.63,9.45,2.4,0.47,0.04,0.07,2.45,0.53,3.44,0.19,0.59,0,0.8,0.5,1143.52
53.67,0.46,11.22,19.95,1.97,0.02,1.01,4.52,0.09,2.26,1.89,0.29,0.05,2.2,0.39,1256.06
58.46,1,8.81,17.46,0.53,0.01,0.49,2.69,0.29,0.74,4.97,0.9,0.03,2.67,0.94,1585.02
71.29,1.06,10.22,2.54,0.73,0.02,1.87,3.3,0.88,3.79,1.55,0.72,0.01,1.22,0.81,1695
68.65,0.74,14.86,5.09,1.5,0.01,1.09,2.17,0.56,0.68,1.81,0.67,0.03,1.65,0.51,1266.63
77.74,0.67,1.72,6.06,0.46,0.01,1.28,1.92,0.17,4.44,4.37,0.86,0.02,0.17,0.11,1082.33
61.05,0.34,3.96,17.48,1.97,0.04,1.46,2.94,0.77,4.74,3.01,0.15,0.01,1.75,0.33,1133.65
70.39,0.82,0.1,9.98,0.86,0.04,0.77,4.88,0.67,3.3,4.6,1,0.01,2.43,0.16,1404.96
70.6,0.55,1.8,12.47,0.94,0.03,1.36,3.1,0.29,4.18,2.76,0.49,0.05,0.85,0.53,1117.2
63.52,0.43,14.43,4.74,0.99,0.03,1.34,3.64,0.87,1.96,3.53,0.73,0.02,2.9,0.87,1212.02
61.8,0.35,12.15,14.36,0.86,0.04,1.38,3.29,0.22,2.04,2.17,0.73,0.03,0.26,0.31,1125.19
72.29,0.89,8.83,2.34,0.59,0.01,1.56,0.9,0.46,3.35,4.82,1,0.05,2.15,0.75,1358.62
50.65,0.91,15.53,19.04,0.89,0.02,0.92,3.3,0.78,4.35,2.28,0.36,0.05,0.7,0.22,1689.69
81.55,0.49,5.26,3.37,1.16,0.02,0.92,0.98,0.77,1.57,1.71,0.25,0.02,1.39,0.53,935.86
54.83,1.16,16.28,12.19,0.08,0.03,0.18,3.55,0.39,4.19,4.71,0.42,0.02,1.77,0.2,1837.11
72.71,0.21,13.73,4.38,0.29,0.03,1.34,2.85,0.66,0.58,2.38,0.36,0.05,0.15,0.3,851.97
52.81,1.13,17.7,16.5,0.15,0.03,0.8,4.03,0.06,0.99,2.45,0.16,0.03,2.46,0.7,1832.02
74.85,0.17,4.69,9.79,0.12,0,0.79,4.72,0.91,2.33,0.71,0.18,0.02,0.63,0.08,841.84
71.33,0.81,10.47,5.83,1.56,0.04,0.98,0.48,0.92,3.34,1.24,0.61,0.02,1.91,0.47,1376.68
81.26,0.74,1.44,1.31,0.61,0.02,0.55,3.26,0.2,3.52,3.87,0.12,0.03,2.88,0.19,1145.84
63.86,1.09,10.91,11.82,0.1,0.04,0.96,3.61,0.81,2.62,1.32,0.14,0.01,2.6,0.12,1620.62
59.16,1.04,8.6,19.93,1.47,0.04,0.2,1.27,0.14,2.32,3.59,0.17,0.01,1.84,0.23,1535.79
70.56,0.58,0.92,13.61,1.08,0.03,0.55,1.39,0.8,3.59,2.9,0.63,0,2.57,0.77,1160.09
57.8,0.21,12.36,19.26,0.62,0,1.47,0.03,0.87,0.28,3.26,0.38,0.01,2.69,0.75,947.56
64.67,0.42,5.11,14.72,1.67,0.04,1.28,1.14,0.85,3.75,2.59,0.51,0.03,2.48,0.74,1089.5
69.77,0.75,15.38,4.65,0.89,0.03,1.83,0.08,0.21,1.17,1.63,0.28,0.03,2.66,0.64,1268.2
57.91,0.3,15.55,12.64,0.44,0.02,1.58,3.69,0.58,0.72,4.02,0.31,0.04,1.94,0.26,1077.99
70.4,0.3,2.84,12.34,1.2,0.03,1.28,4.07,0.91,1.15,2.94,0.08,0.01,1.96,0.49,955.56
75.96,0.91,7.66,2.55,1.74,0,0.38,1.38,1,2.08,2.51,0.77,0.03,2.52,0.49,1307.8
66.05,1.12,12.32,12.43,1.52,0.03,0.32,1.6,0.56,0.09,2.19,0.76,0.01,0.19,0.84,1556.38
69.67,0.74,3.18,16.13,1.32,0.02,0.75,0.78,0.84,2.55,2.79,0.88,0,0.2,0.16,1245.21
81.38,0.76,3.79,2.99,0.29,0.05,1.39,2.93,0.32,2.17,0.45,1,0.04,1.86,0.59,1144.31
76.99,0.61,4.63,4.53,1.1,0,0.15,2.8,0.92,4.57,0.05,0.11,0.03,2.55,0.95,1205.97
82.08,0.25,1.31,0.95,1.22,0,1.48,3.56,0.08,4.53,2.61,0.9,0.05,0.59,0.38,832.03
62.2,0.17,13.95,10.08,1.86,0.01,1.38,4.95,0.67,0.34,2.94,0.18,0,1,0.27,997.81
88.51,0.88,0.29,0.3,0.06,0.01,0.75,3.04,0.99,1.77,0.28,0.19,0.04,2.1,0.79,1237.39
84.65,0.16,2.43,2.24,1.71,0.01,1.29,2.58,0.54,0.98,3.18,0.04,0.05,0.08,0.05,657.34
78.14,0.32,8.49,0.36,0.16,0.03,0.39,3.47,0.79,4.25,0.67,0.46,0.05,2.32,0.12,893.28
62.91,0.61,16.6,8.8,1.67,0.02,0.21,0.74,0.05,0.98,4.47,0.65,0.04,1.86,0.39,1104.01
60.67,1.2,6.91,17.08,1.72,0.01,0.19,4.88,0.43,0.01,2.5,0.62,0.04,2.83,0.92,1838.33
72.8,1.13,0.58,14.24,0.45,0.01,1.6,2.09,0.92,0.21,4.01,0.14,0.01,1.43,0.4,1527.33
79.34,0.79,5.23,3.46,0.84,0.02,1.2,1.33,0.77,0.49,2.8,0.62,0.01,2.48,0.62,1171.51
59.52,0.78,8.96,18.19,1.39,0.02,0.48,0.36,0.17,4.96,2.03,0.9,0.01,1.28,0.96,1432.05
52.18,1.1,17.09,16.92,1.71,0.03,0.44,3.65,0.98,2.63,1.3,0.57,0.03,0.62,0.72,1846.26
70.39,0.71,11.02,6.12,0.31,0.03,1.17,1.69,0.3,1.74,2.45,0.97,0.04,2.56,0.51,1163.5
63.87,0.87,7.59,14.85,0.82,0.01,0.35,4.06,0.26,1.32,4.65,0.66,0.01,0.43,0.27,1467.25
62.55,0.72,13.55,5.49,1.74,0.01,0.42,4.85,0.13,4.44,3.52,0.07,0.02,1.56,0.93,1457.87
76.65,0.14,11.51,4.22,0.16,0.05,0.54,0.71,0.7,4.11,0.32,0.11,0,0.14,0.66,684.98
63.04,0.71,11.93,10.11,1.64,0.03,1.84,2.43,0.79,2.04,2.18,0.85,0.01,1.69,0.73,1407.85
68.27,0.54,4.69,18.19,0.74,0.04,0.06,1.16,0.35,3.36,1.6,0.04,0.01,0.78,0.18,1126.95
64.88,0.25,13.84,8.24,0.81,0.05,0.89,4.64,0.3,2,1.98,0.55,0.03,0.74,0.79,1018.86
66.94,0.71,14.37,5.01,0.08,0.04,1.95,0.38,0.94,1.8,4.71,0.65,0.04,2.36,0.03,1235.5
75.82,0.09,9.46,2.59,0.92,0.05,0.59,2.44,0.38,3.15,0.97,0.26,0.04,2.43,0.79,710.32
79.62,0.88,6.97,2.01,0.79,0.01,0.78,1.49,0.6,1.81,3.53,0.51,0.05,0.27,0.69,1309.64
64.01,0.81,17.11,7.43,0.61,0.01,0.53,2.51,0.84,1.42,0.79,0.27,0.01,2.78,0.87,1434.8
78.43,1.09,0.03,12.01,1.83,0.03,0.01,1.09,0.92,0.09,1.97,0.79,0.04,1.43,0.23,1331.01
75.22,0.72,4.75,5.11,1.62,0.01,0.01,1.68,0.49,3.53,3.91,0.66,0.03,2,0.27,1244.29
73.19,0.09,5.32,8.13,1.07,0.02,1.44,2.37,0.9,1.9,2.63,0,0.02,2.6,0.33,693.38
75.09,0.31,9.78,1.57,1.06,0.02,0.77,3.96,0.66,2.23,2.89,0.77,0.04,0.56,0.3,915.47
69.31,0.02,3.13,16.16,1.09,0.02,1.22,3.7,0.35,2.33,0.32,0.6,0.02,1.3,0.42,725.21
70.97,0.76,10.3,8.44,0.03,0.03,1.76,3.85,0.98,0.7,1.11,0.54,0.01,0.1,0.4,1303.21
81.83,1.14,4.29,2.59,0.25,0.04,1.43,0.65,0.22,3.74,1.37,0.98,0.03,0.58,0.86,1399.94
78.23,0.39,5.2,6.55,1.54,0.01,0.76,0.15,0.83,1.7,1.24,0.58,0.04,2.44,0.35,845.37
63.77,0.13,15.23,10.95,1.2,0.05,1.12,0.03,0.87,1.42,2.51,0.2,0.01,2.06,0.43,866.2
65.98,0.76,14.82,6.82,1.14,0.04,1.43,2.7,0.38,2.04,2.17,0.35,0.03,0.38,0.97,1364.56
58.21,0.06,12.8,14.69,1.93,0.01,0.17,4.58,0.26,3.61,0.3,0.76,0.01,2.09,0.53,1016.65
82.55,1.15,0.66,5.84,0.14,0.04,1.19,2.67,0.13,2.45,1.99,0.32,0.04,0.18,0.65,1393.58
84.97,0.72,2.55,2.34,1.28,0.04,0.13,0.53,0.57,1.09,3.06,0.21,0.01,1.64,0.86,1057.17
67.58,0.83,14.74,5.33,1.77,0.02,1.7,2.36,0.27,1.3,2.84,0.08,0.05,0.81,0.34,1409.95
69.59,0.97,0.74,18.57,0.66,0.05,0.21,3.72,0.58,1.79,0.4,0.6,0,1.5,0.6,1509.74
54.57,0.88,17.84,5.2,0.64,0.02,1.46,4.66,0.97,4.73,4.4,0.99,0.02,2.84,0.76,1770.71
63.88,0.76,4.04,14.84,0.28,0.04,1.59,4.86,0.15,4.53,1.71,0.42,0.02,1.88,0.99,1430.31
61.54,0.72,16.68,5.1,0.8,0.03,0.65,4.88,0.73,2.39,3.76,0.47,0,1.63,0.63,1467.2
71.57,0.19,10.99,4.63,1.5,0.03,0.44,2.47,0,4.31,0.06,0.01,0.03,2.92,0.86,877.98
75.42,0.31,3.54,12.52,1.65,0.02,0.86,0.58,0.15,2.84,0.51,0.2,0.01,1.33,0.05,831.06
58.84,0.04,11.36,16.72,0.62,0.01,0.09,3.22,0.55,1.15,4.16,0.74,0.01,2.26,0.24,849.25
73.12,0.81,2.13,13.84,0.48,0.03,0.34,3.63,0.06,0.83,0.92,0.04,0.04,2.94,0.78,1261.11
63.9,1.17,11.89,7.48,0.29,0.01,0.73,3.57,0.03,4.26,4.71,0.89,0.05,0.05,0.98,1735.1
64.86,0.45,15.65,3.74,0.89,0,0.08,4.72,0.81,2.65,2.63,0.75,0.02,2.29,0.49,1244.24
61.1,0.57,7.53,18.11,1.81,0.05,1.1,1.72,0.24,0.17,3.63,0.23,0.03,2.75,0.95,1179.43
63.2,0.02,5.71,16.75,1.07,0.04,1.71,2.21,0.36,2.28,3.26,0.37,0.04,2.71,0.28,742.24
74.84,1.06,1.87,5.03,0.64,0.02,0.34,4.34,0.42,4.82,2.92,0.14,0.03,2.98,0.57,1563.45
65.72,0.01,16.8,4.7,1.38,0.03,0.65,1.41,0.93,4.56,2.57,0.26,0.01,0.47,0.52,842.52
54.15,0.55,13.43,17.83,1.17,0.04,0.73,2.48,0.73,3.64,2.12,0.54,0.05,1.9,0.64,1349.9
74.96,0.94,2.07,10.46,1.92,0.02,0.59,3.01,0.22,2.78,0.78,0.58,0.03,1.26,0.38,1362.79
72.6,0.6,4.46,15.66,1.42,0.01,0.19,0,0.6,1.06,0.06,0.36,0.05,2.07,0.86,1013.58
85.32,0.18,1.32,0.23,1.91,0.02,0.92,1.97,0.73,1.55,2.68,1,0.02,1.65,0.5,638.06
65.77,0.21,13.57,8.31,1.83,0.03,1.13,0.35,0.73,3.43,3.2,0.27,0.05,0.96,0.15,924.32
61.63,1.18,13.43,8.3,1.87,0,0.18,3.41,0.18,4.59,4.2,0.31,0.04,0.13,0.55,1786.4
65.73,0.26,9.26,11.94,0.07,0.02,1.66,2.22,0.17,4.77,1.33,0.8,0.01,1.27,0.49,966.66
67.76,0.61,9.3,4.5,1.03,0.02,0.42,4.94,0.87,4.44,3.43,0.16,0.03,2.46,0.04,1244.09
58.45,0.26,6.81,19.67,1.45,0.01,1.21,1.23,0.61,4.48,2.78,0.73,0.02,1.57,0.7,1048.83
54.9,0.98,11.87,19.55,1.64,0.04,1.69,1.41,0.43,2.82,2.31,0.85,0,0.63,0.88,1690.98
66.73,0.68,17.18,4.56,1.74,0.01,0.49,2.49,0.07,1.92,1.78,0.16,0.04,1.16,0.98,1289.8
69.48,1.08,3.51,10.1,1.2,0.04,1.77,3.12,0.04,2.41,4.42,0.71,0.04,2.02,0.04,1559.05
71.15,0.46,2.45,10.21,0.68,0.02,1.29,4.43,0.56,3.44,3.3,0.55,0.02,1.13,0.32,1120.11
57.8,1.1,14.88,11.59,1.82,0.04,1.86,1.11,0.72,3.05,3.67,0.26,0.03,1.23,0.83,1717.18
60.78,0.23,12.92,11.01,1.11,0.04,1.71,1.19,0.56,4.14,4.36,0.29,0.01,0.7,0.95,1050.25
80.77,0.56,7.53,0.26,0.1,0.03,1.18,2.88,0.11,1.76,4.06,0.17,0.04,0.36,0.17,1003.37
65.57,0.4,11.85,11.77,0.3,0.01,1.86,0.92,0.7,4.82,0.6,0.4,0.01,0.66,0.12,1092.78
62.56,0.78,13.43,13.54,1.85,0.01,0.64,1.72,0.23,0.71,2.43,0.83,0.05,0.39,0.82,1364.56
60.59,0.14,17.82,13.11,1.96,0.02,0.79,1.24,0.98,1.27,0.12,0.51,0.02,0.78,0.63,979.49
79.81,0.44,7.24,0.46,1.18,0.01,0.43,3.59,0.31,0.82,2.89,0.21,0.01,1.86,0.74,962.29
69.39,0.55,14.18,3.86,0.3,0.03,0.82,3.55,0.26,1.62,4.48,0.42,0.03,0.32,0.18,1203.1
58.74,0.05,7.64,19.78,1.75,0.03,1.72,2.97,0.37,0.87,3.27,0.19,0.02,2.48,0.13,825.35
68.22,0.67,4.53,10.06,0.6,0.03,0.56,4.9,0.49,3.72,3.5,0.49,0.01,1.53,0.68,1318.19
84.5,0.56,1.47,0.36,0.66,0.01,1.81,0.88,0.39,3.56,4.08,0.48,0.01,0.81,0.42,910.62
72.21,0.17,16.44,0.6,0.88,0.05,1.32,1.78,0.15,4.82,0.07,0.68,0.04,0.08,0.73,819.77
69.73,1.2,11.51,8.29,1.75,0.03,1.5,2.94,0.04,1.07,0.39,0.11,0,1.26,0.18,1662.3
72.99,0.69,8.8,5.12,0.95,0.03,1.56,0.41,0.71,3.71,2.79,0.21,0.03,1.51,0.48,1218.57
80.35,0.56,1.99,3.66,0.19,0.01,0.53,1.23,0.21,3.68,4.09,0.33,0.02,2.53,0.62,1013.39
58.31,0.42,10.56,19.85,0.6,0.05,0.64,2.7,0.46,3.92,0.31,0.63,0.04,1.42,0.11,1128.21
55.01,0.3,12.23,17.91,0.84,0.03,0.46,2.06,0.34,3.28,4.92,0.81,0.01,1.73,0.07,1066.86
64.3,0.41,12.22,9.99,1.87,0.01,0.73,1.65,0.24,4.97,1.94,0.94,0.02,0.61,0.12,1106.79
68.94,1.03,0.58,19.29,0.84,0.01,1.23,0.66,0.07,4.14,2.12,0.52,0.01,0.18,0.37,1506.42
71.72,0.61,14.09,2.31,0.13,0.01,1.54,3.8,0.14,0.15,3.43,0.86,0.04,0.61,0.58,1173.09
70.08,0.91,4.6,10.55,0.63,0.01,1.94,4.56,0.45,0.68,3.64,0.26,0.01,1.14,0.53,1456.94
53.23,0.03,16.05,18.41,1.47,0.02,0.51,3.72,0.93,0.79,2.33,0.32,0.02,1.22,0.95,959.83
57.93,0.32,8.87,19.03,0.95,0.04,0.12,4.77,0.19,4.9,0.88,0.44,0.02,1.3,0.25,1131.68
58.46,0.99,9.77,19.59,0.85,0.01,0.69,3.68,0.66,3.89,0.37,0.58,0.05,0.32,0.09,1675.67
65.92,0.86,5.67,13.17,1.09,0.05,1.78,3.39,0.26,1.31,4.41,0.59,0.04,1.35,0.1,1354.54
68.25,0.94,12.61,1.77,1.24,0.04,1.39,2.56,0.31,4.44,2.11,0.86,0.04,2.45,0.99,1515.02
82.77,0.9,0.61,4.11,0.07,0.01,0.12,2.51,0.03,2.36,4.49,0.75,0.05,0.68,0.53,1203.21
82.47,0.67,0.65,4.67,1.41,0.04,1.14,1.35,0.41,0.48,4.77,0.87,0,0.5,0.58,949.71
59.18,0.29,16.82,15.11,0.55,0,1.6,2.12,0.64,1.43,0.71,0.68,0.02,0.71,0.14,1107.1
73.61,0.35,13.23,3.66,0.68,0.04,1.32,1.35,0.12,0.21,4.19,0.08,0.01,0.71,0.45,891.15
72.45,0.95,4.45,10.87,0.18,0.02,0.36,1.06,0.37,3.81,3.72,0.41,0.01,0.84,0.51,1340.85
66.24,0.84,6.05,12.51,0.49,0.01,0.15,2.1,0.62,3.94,4.05,0.99,0,1.48,0.52,1452.22
83.59,0.97,4.79,1.39,0.63,0.05,1.8,1.98,0.88,0.16,1.57,0.73,0.01,0.6,0.86,1275.27
68.08,0.38,15.84,5.11,0.71,0.01,1.55,1.19,0.07,2.18,1.96,0.18,0.01,2.69,0.07,970.25
63.01,0.13,4.41,19.06,0.17,0.04,1.78,1.89,0.29,3.39,3.51,0.78,0.04,0.81,0.69,837.84
85.04,0.74,2.91,1.53,0.39,0.02,1.78,2.66,0.75,0.87,0.53,0.24,0.02,1.64,0.88,1086.42
77.56,0.52,9.34,0.09,0.07,0,1.4,2.43,0.19,2.96,2.72,0.09,0.03,2.3,0.29,997.57
69.27,0.91,16.41,8.84,0.49,0.02,0.5,0.01,0.65,0.21,1.05,0.72,0.03,0.22,0.66,1375.12
72.59,1.12,1.34,8.31,1.46,0.03,0.45,0.82,0.78,4.78,3.84,0.96,0.03,2.79,0.69,1521.85
71.56,0.04,9.32,6.37,0.09,0.05,1.33,4.51,1,1.96,1.27,0.18,0.03,1.82,0.47,798.25
76.12,0.47,3.03,8.84,0.17,0.04,0.09,1.9,0.1,3.87,1.56,0.11,0.03,2.75,0.91,991.59
76.83,0.05,2.37,9.99,0.46,0.04,1.86,0.02,0.23,2.2,2.82,0.92,0.04,1.91,0.26,496.13
61.76,0.94,3.65,19.3,0.01,0.03,0.18,2.04,0.63,3.45,3.93,0.59,0.01,2.67,0.81,1523.29
69.38,1.17,11.47,5.64,1.21,0.02,1.35,2.72,0.93,3.09,1.07,0.73,0.02,0.82,0.39,1692.51
55.8,0.02,17.44,10.65,1.55,0.01,1.49,2.84,0.42,4.85,2.47,0.66,0,0.9,0.89,1020.26
72.08,1.08,8.75,11.33,0.76,0.03,0.64,1.93,0.97,0.56,0.53,0.04,0.02,1.19,0.09,1538.85
63.75,0.66,10.5,15.02,1.95,0.03,0.22,0.44,0.78,3.25,0.81,0.25,0.04,1.7,0.59,1291.8
55.76,0.93,15.93,14.73,1.15,0.03,0.97,1.13,0.88,2.66,2.97,0.99,0.05,1.76,0.03,1531.38
60.36,0.48,16.87,5.77,2,0,1.14,2.58,0.26,4.74,3.1,0.23,0.02,2.16,0.3,1263.77
63.47,0.13,5.41,19.98,0.19,0.01,0.54,3.1,0.75,3.76,0.04,0.65,0.03,1.55,0.38,888.89
75.51,0.96,6.19,4.6,0.62,0.02,0.43,3.04,0.88,2.98,2.23,0.8,0.04,1.1,0.6,1406.01
63.2,0.45,1.9,19.75,0.17,0.01,0.96,4.33,0.36,3.84,3.38,0.64,0.04,0.04,0.93,1203.34
54.26,1,16.88,15.87,1.76,0.01,0.64,1.58,0.11,3.65,0.68,0.05,0.04,2.71,0.76,1702.04
56.19,1.07,8.94,19.77,0.21,0.04,1.28,2.9,0.73,4.2,4.31,0.18,0.01,0.05,0.13,1764.16
64.34,0.32,12.98,9.52,1.52,0.02,1.11,0.56,0.78,3.79,1.54,0.33,0.01,2.44,0.75,1007.28
83.97,0.21,0.9,0.91,0.37,0.01,1.11,1.79,0.44,2.97,3.3,0.65,0.01,2.43,0.92,724.56
66.8,0.39,0.31,17.98,1.85,0,0.01,4.08,0.3,4.57,1.08,0.86,0,0.78,0.97,1110.67
79.53,1.03,2.12,1.95,0.65,0.03,1.42,4.41,0.54,1.97,1.79,0.85,0.04,2.72,0.96,1438.38
63.12,0.37,9.53,12.64,0.33,0,1.74,2.68,0.57,2.77,3.77,0.15,0.03,1.41,0.9,1132.27
51.99,0.43,17.4,17.5,1.17,0.02,0.75,3.86,0.58,2.01,3.18,0.73,0,0.27,0.09,1308.24
61.16,0.29,7.69,16.07,0.7,0,0.97,4.98,0.35,4.81,0.51,0.17,0.04,1.5,0.77,1135.41
59.26,0.82,10.94,17.23,0.86,0,1.15,4.79,0.01,1.2,1.58,0.77,0.02,0.72,0.65,1535.22
77.02,0.07,3.07,8.16,0.71,0.02,0.22,1.8,0.8,2.07,2.93,0.16,0,2.64,0.33,667.25
61.26,0.85,13.61,13.64,0.21,0.05,1.82,1.18,0.8,2.05,3.42,0.17,0.03,0.38,0.54,1441.01
62.38,0.3,8.14,13.36,1.75,0.01,1.79,1.95,0.84,2.56,4.31,0.66,0.03,0.94,0.97,1054.29
52.15,0.21,14.03,19.8,0.56,0.05,0.25,4.76,0.75,1.73,1.52,0.64,0.03,2.76,0.77,1162.17
59.58,0.65,16.7,11.85,1.7,0.04,1.84,0.34,0.58,2.34,2.45,0.46,0.04,0.96,0.46,1290.11
80.11,0.8,2.1,3.76,1.06,0,0.25,4.32,0.85,1.74,1.74,0.94,0,1.74,0.6,1254.06
60.59,0.95,17.13,7.12,0.88,0.03,1.93,4.45,0.67,4.28,0.43,0.38,0,0.53,0.63,1727.19
72.25,0.8,1.87,13.3,0.91,0.03,0.65,2.91,0.42,2.79,0.74,0.4,0.02,2.21,0.71,1326.74
68.15,1.09,11.38,6.29,1.57,0.02,0.39,3.74,0.13,0.89,3.79,0.77,0.04,0.88,0.87,1625.17
72.87,0.85,10.43,2.19,1.42,0.03,0.62,3.68,0.55,2.8,1.84,0.12,0.01,2.31,0.27,1418.1
59.44,0.01,17.95,4.21,1.31,0.05,1.2,4,0.98,4.3,2.79,0.36,0.02,2.53,0.85,994.78
80.69,0.58,5.6,0.07,1.53,0.01,0.66,4.22,0.05,4.64,0.01,0.94,0.02,0.31,0.67,1167.29
66.07,1.08,7.89,13.83,1.96,0.01,1.64,1.48,0.43,1.41,2.23,0.01,0.02,1.34,0.63,1611.89
64.45,0.36,17.05,7.84,0.43,0.03,1.5,0.06,0.28,4.12,2.54,0.41,0.05,0.27,0.62,1087.12
79.2,0.42,1.27,4.27,1.26,0,1.18,4.78,0.8,1.73,0.69,0.47,0.02,2.92,0.99,982.14
64.34,1.09,14.28,10.23,0.73,0.02,1.8,0.92,0.81,0.09,4.6,0.5,0.01,0.01,0.56,1586.26
71.82,0.3,11.36,5.62,0.18,0.03,1.13,2.26,0.46,2.95,2.63,0.13,0.01,0.43,0.69,873.01
63.22,0.96,5.86,11.36,0.15,0.04,1.39,4.01,0.88,3.79,4.22,0.35,0.02,2.83,0.91,1646.37
62.96,0.66,6.6,17.32,0.65,0.01,1.28,0.21,0.38,4.04,1.48,0.93,0.05,2.45,0.99,1337.26
68.11,1.01,8.87,8.13,1.23,0.03,1.5,3.34,0.75,3.37,2.4,0.13,0.04,0.09,0.99,1635.17
55.35,1,12.08,19.33,1.22,0,1.12,1.39,0.37,2.3,3.87,0.5,0.02,0.91,0.54,1610.32
77.98,0.91,6.17,1.03,0.69,0.03,1.63,4.81,0.75,2.14,1.5,0.13,0.03,1.53,0.68,1389.83
81.23,0.29,5.83,5.84,1.6,0.01,1.22,0.26,0.55,0.32,0.88,0.11,0.02,1.03,0.83,740.02
67.3,0.73,12.37,5.9,1.21,0.04,0.7,2.63,0.15,0.12,4.91,0.3,0.01,2.92,0.73,1271.08
60.77,0.71,12.59,14.2,1.53,0,0.83,1.48,0.07,2.06,3.08,0.18,0.02,1.92,0.58,1353.33
57.66,1.16,10.75,13.97,1.72,0.04,1.44,2.5,0.27,4.39,3.88,0.84,0.01,0.94,0.42,1807.73
63.15,1.01,16.07,5.7,1.37,0,0.82,2.43,0.77,4.46,1.69,0.53,0.03,0.99,0.99,1682.39
70.9,0.61,4.16,10.29,1.37,0,1.74,2.97,0.99,0.13,4.16,0.79,0.01,1.01,0.88,1221.65
60.64,0.63,7.22,18.11,0.19,0.02,1.3,3.04,0.26,2.82,3.54,0.58,0.03,0.77,0.83,1313.02
75.64,0.04,6.85,3.61,1.11,0.01,1.47,4.41,0.21,0.8,4.38,0.36,0.02,0.66,0.43,695.84
68.55,0.29,11.99,9.98,1.58,0.02,1.01,1.3,0.93,2.61,0.87,0.27,0,0.08,0.53,988.58
62.54,0.21,14.29,6.32,0.45,0.05,1.61,3.15,0.7,4.96,2.97,0.1,0,2,0.66,1059.51
59.67,0.9,1.96,18.9,1.1,0.03,0.07,4.8,0.56,2.82,4.72,0.93,0.01,2.79,0.74,1617.77
61.24,0.84,3.78,16.73,1.69,0.03,1.84,4.06,0.22,3.99,4.77,0.14,0.05,0.07,0.52,1462.3
56.01,0.93,14.23,14.69,1.06,0.03,1.4,2.47,0.6,4.23,1.56,0.52,0,2.06,0.2,1605.12
71.98,0.04,8.7,8.5,0.85,0.01,1.89,0.02,0.89,3.68,0.86,0.47,0.05,1.93,0.13,674.61
60.59,0.55,8.43,16.05,1.83,0,0.63,1.49,1,2.8,4.4,0.43,0.04,0.86,0.91,1315.78
71.87,0.31,12.48,8.1,0.06,0.02,1.1,0.76,0.18,2.32,1.71,0.44,0.02,0.42,0.18,860.63
73.3,1.02,2.93,13.32,0.84,0.05,0.13,4.15,0.49,0.03,1.32,0.41,0.02,1.09,0.92,1419.58
73.75,0.92,14.29,1.68,1.41,0.02,0.27,1.32,0.05,1.8,1.28,0.38,0.03,2.2,0.61,1297.68
56.67,0.82,15.58,17.48,1.72,0.01,0.5,2.51,0.36,0.66,1.44,0.98,0.02,1.26,0.01,1456.93
56.57,0.13,17.43,15.55,1.45,0.05,0.81,3.59,0.21,3.49,0.07,0.13,0.02,0.04,0.46,1077.1
76.17,0.63,11.19,2.01,0.36,0.03,1.32,0.13,0.54,3.92,0.35,0.41,0.02,2.74,0.19,1119.1
78.11,0.4,9.56,0.66,1.97,0.04,1.27,0.3,0.07,2.72,1.43,0.62,0.03,2.52,0.28,855.78
63.52,0.7,13.99,9.82,1.66,0.01,1.47,4.71,0.33,1.83,0.42,0.64,0.03,0.12,0.75,1370.67
68.13,1.05,7.18,13.11,1.23,0.02,0.17,0.11,0.43,2.41,4.11,0.41,0.01,1.39,0.24,1527.79
78.27,0.12,2.03,6.38,0.03,0.01,1.58,1.17,0.11,4.75,3.11,0.06,0,1.84,0.54,687.47
80.76,0.53,4.5,2.67,0.81,0.05,0.1,4.95,0.21,2.04,0.23,0.58,0.02,2,0.54,1053.19
66.89,0.48,13.28,0.5,1.08,0.01,0.87,3.96,0.14,4.68,4.44,0.41,0,2.37,0.88,1247.64
69.64,0.96,8.01,11.28,0.64,0.01,1.49,0.01,0.58,4.32,1.11,0.33,0.03,0.74,0.85,1482.4
78.26,0.45,10.47,4.52,0.08,0.01,0.09,2.34,0.59,0.22,0.45,0.49,0.04,1.88,0.1,936.61
54.42,0.6,16.96,10.17,1.92,0.01,0.69,3.91,0.78,3.66,4.3,0.7,0.03,1.38,0.47,1424.3
72.68,0.49,11.16,8.13,0.29,0.01,1.85,0.12,0.11,2.23,1.31,0.41,0.01,0.39,0.8,1007.4
59.87,0.8,10.97,14.27,0.95,0.01,1.33,1.86,0.22,2.04,3.82,0.48,0.01,2.5,0.88,1449.48
71.64,0.53,6.74,12.25,0.12,0.03,1.56,1.99,0.17,0.14,3.19,0.27,0.02,1.16,0.17,904.5
77.32,0.75,4.53,4.29,1.63,0.04,1.54,0.62,0.22,2.88,4.29,0.89,0.04,0.13,0.82,1183.59
73.3,1.08,1.02,8.33,1.07,0.01,1.03,4.43,0.87,4.7,2.42,0.41,0.03,1.25,0.04,1570.18
71.2,0.07,0.37,18.63,0.5,0.02,1.9,2.34,0.08,2.76,0.44,0.1,0.04,0.87,0.68,725.1
75.35,0.62,4,10.36,0.14,0.02,1.05,1.14,0.66,0.26,2.42,0.71,0.02,2.62,0.63,1041.18
55.76,0.9,16.24,11.02,1.72,0.03,1.2,2.23,0.15,2.77,4.89,0.79,0.04,1.93,0.35,1594.84
85.85,0.21,4.04,0.13,1.35,0.04,0.54,0.46,0.34,1.46,2.25,0.26,0.02,2.72,0.33,610.03
64.47,0.41,14.72,11.9,0.02,0,1.51,2.23,0.41,0.73,0.79,0.8,0.04,1.68,0.3,1094.66
59.52,1.12,11.23,15.93,0.01,0.02,1.74,1.69,0.73,3.29,0.76,0.77,0.01,2.18,0.99,1793.41
81.14,0.88,0.15,2.05,1.19,0,1.82,2.45,0.26,1.97,4.25,0.93,0.01,2.33,0.58,1266.66
71.34,0.71,14.03,4.46,1.06,0.02,0.19,0.53,0.14,3.07,0.53,0.57,0.03,2.71,0.63,1191.74
73.86,0.74,5.57,3.18,1.45,0.05,0.37,4.6,0.14,3.68,4.8,0.15,0.02,1.01,0.39,1340.62
50.81,0.91,11.9,19.37,0.37,0.03,0.9,4.59,0.01,4.95,2.4,0.63,0.02,2.56,0.56,1748.79
67,0.44,1.37,16.15,0.58,0.04,1.22,1.77,0.59,3.23,3.53,0.82,0.01,2.83,0.41,1076.9
87.66,1.03,3.97,0.58,1.15,0.02,1.97,0.52,0.05,0.23,1.08,0.58,0.03,1.05,0.09,1179.32
55.58,0.9,14.04,15.54,1.94,0.04,1,2.07,0.92,3.06,1.47,0.56,0.05,2.55,0.28,1574.99
58.8,1.14,17.67,4.62,1.79,0.04,0.08,3.35,0.31,3.37,4.57,0.5,0.02,2.76,0.97,1807.65
56.75,0.92,13.99,14.52,0.08,0.01,1.87,0.41,0.08,4.18,3.21,0.35,0.01,2.65,0.99,1553.97
69.89,0.07,9.97,5.23,1.66,0.02,1.43,2.7,0.54,4.29,2.35,0.85,0.02,0.52,0.46,729.56
63.47,0.97,10.16,17.77,1.03,0.01,0.26,4.34,0.06,0.59,0.32,0.42,0.03,0.06,0.52,1540.48
51.35,0.48,13.93,16.6,1.37,0.02,0.43,4.24,0.34,1.78,4.58,0.98,0.04,2.99,0.87,1300.86
63.66,1.14,15.78,4.81,0.98,0,1.91,2.86,0.25,1.46,4.9,0.62,0.02,1.5,0.1,1725.78
69.79,0.1,10.67,10.24,0.72,0.03,0.15,4.72,0.29,0.36,0.85,0.1,0.01,1.25,0.74,803.97
67.84,1.12,5.32,15.89,0.32,0.01,0.91,1.17,0.9,0.25,2.99,0.6,0,2.2,0.47,1483.9
72.73,0.87,14.88,6.46,0.97,0.01,0.4,0,0.96,2.2,0.07,0.01,0.01,0.04,0.37,1367.73
66.89,0.5,15.06,0.59,1.56,0,1.68,4.41,0.79,4.1,2.81,0.26,0.03,1.32,0.01,1282.66
75.48,0.58,11.72,0.28,1.24,0.03,0.32,2.16,0.96,4.42,2.05,0.35,0.01,0.11,0.3,1158.18
63.69,0.18,10.72,12.93,0.85,0.03,1.49,3.92,0.5,3.96,0.13,0.68,0.01,0.81,0.09,1017.97
59.99,0.24,17.86,8.31,1.86,0.01,0.41,2.79,0.35,3.22,2.11,0.81,0.02,1.72,0.32,1097.65
65.4,0.48,4.97,12.28,1.89,0.01,1.6,2.71,0.53,4.81,3.03,0.83,0.03,0.75,0.69,1247.47
66.66,1.11,15.14,3.97,0.63,0.03,1.14,0.97,0.23,3.79,3.65,0.84,0.05,0.92,0.86,1627.45
63.81,0.33,4.85,14.09,1.86,0.04,1.45,1.94,0.72,4.01,3.77,0.68,0,1.98,0.48,1059.45
61.82,1.15,10.93,12.16,1.99,0,0.55,3.28,0.32,1.73,4.46,0.58,0.01,0.93,0.08,1688.3
77.93,1.03,10.39,1.19,0.6,0.03,0.67,2.57,0.91,1.75,1.68,0.82,0.02,0.23,0.18,1446.43
65.25,1.14,16.8,4.5,1.11,0.01,1.35,0.93,0.05,4.12,1.63,0.11,0.04,2.29,0.68,1675.15
80.46,0.16,1.1,6.37,0.17,0.03,0.03,2.22,0.18,1.84,3.38,0.35,0.02,2.97,0.72,671.28
69.19,0.62,10.43,12.4,0.05,0,1.3,1.82,0.06,1.49,0.65,0.92,0.01,0.43,0.63,1243.79
69.71,0.53,8.41,15.58,0.44,0.02,1.92,0.95,0.29,0.96,0.1,0.27,0,0.46,0.36,1074.56
52.63,0.03,13.55,15.91,0.82,0.05,1.36,3.72,0.19,4.19,4.73,0.24,0.03,2.24,0.31,939.27
74.38,0.22,1.11,11.2,1.25,0.05,1.08,1.3,0.06,4.42,2.39,0.74,0,1.46,0.33,773.54
65.45,0.05,13.96,10.26,0.67,0.04,0.89,0.02,0.94,1.28,4.15,0.82,0.01,1.42,0.04,754.25
73.85,0.29,2.11,10.14,1.07,0.03,1.52,3.48,0.85,1.11,2.85,0.36,0.05,1.32,0.96,875.11
61.22,0.93,12.93,9.83,0.89,0.03,0.59,4.52,0.79,4.01,2.17,0.07,0.03,1.12,0.87,1647.89
60.16,0.73,12.46,11.36,1.03,0.01,0.47,3.84,0.02,3.89,2.63,0.94,0.05,1.99,0.41,1441.78
83.1,0.58,3.68,1.98,1.16,0.04,0.52,2.1,0.55,4.54,0.69,0.24,0.05,0.12,0.66,992.73
66.42,0.57,15.39,3.3,0.46,0.03,0.82,2.87,0.92,4.59,1.15,0.3,0.01,2.78,0.4,1338.57
65.91,0.55,14.45,10.26,0.24,0.02,1.26,3.6,0.65,0.6,1.52,0.73,0.04,0.14,0.04,1201.5
58.85,0.19,9.87,19.49,1.26,0.02,1.66,1.06,0.41,2.64,2.52,0.92,0.01,0.17,0.92,1032.19
67.02,0.27,6.82,10.62,1.95,0.03,0.9,2.92,0.97,4.09,0.84,0.8,0.04,2.07,0.66,1079.4
76.3,0.89,2.21,5.15,0.39,0.04,1.36,2.25,0.83,3.58,4.57,0.08,0.03,2.12,0.21,1296.02
63.93,0.4,7.54,15.89,0.99,0.02,0.86,1.14,0.92,1.59,2.84,0.15,0.02,2.71,1,1031.46
65.47,0.38,5.89,12.89,0.99,0.04,1.4,1.26,0.78,4.24,2.99,0.93,0.04,1.79,0.91,1049.12
67.89,0.72,9.38,7.13,1.77,0.01,0.95,2.69,0.55,3.26,2.53,0.26,0.04,1.97,0.86,1383.34
65.34,0.86,6.9,16.24,0.01,0.03,1.23,2.67,0.63,0.84,3.42,0.34,0.02,1,0.47,1350.81
64.69,0.75,15.09,9.67,0.65,0.02,1.38,1.73,0.41,2.81,1.47,0.21,0.01,1.06,0.05,1319.91
72.98,0.46,4.85,12.61,1.7,0.03,1.09,3.35,0.03,0.61,0.47,0.1,0.01,1.6,0.11,996.49
50.21,1.12,15.38,19.43,0.09,0.04,1.61,4.51,0.53,3.94,0.26,0.08,0.01,2.74,0.06,1892.95
64.28,1.2,15.82,6.2,0.77,0.02,1.47,1.71,0.15,3.74,2.29,0.08,0.04,1.76,0.49,1718.47
65.21,0.81,9.1,12.97,1.73,0.03,1.32,3.07,0.53,0.86,1.68,0.69,0.02,1.22,0.76,1338.83
76.42,0.42,3.11,6.69,0.78,0.02,1.34,2.27,0.8,3.2,0.95,0.28,0,2.84,0.89,985.83
56.83,0.11,10.33,19.21,1.49,0.02,0.48,1.4,0.74,3.9,2.64,0.12,0.05,2.53,0.14,924.9
77.03,0.35,5.1,1.74,1.91,0.04,0.23,4.38,0.68,1.63,4.36,0.6,0.04,1.41,0.5,914.41
71.54,0.36,6.98,11.36,1.89,0.03,0.29,0.03,0.85,1.82,1.57,0.8,0.05,2.24,0.17,918.09
61.74,1.09,17.97,10.23,1.65,0,0.57,1.86,0.98,0.02,1.54,0.93,0.02,0.68,0.73,1666.31
64.4,0.9,8.5,18.94,0.41,0.05,1.51,1.84,0.81,0.67,0.65,0.93,0,0.01,0.39,1421.82
68.34,0.52,9.7,4.52,0.6,0.01,0.89,3.06,0.93,3.7,3.62,0.31,0.04,2.84,0.93,1236.85
64.76,0.06,10.88,12.86,0.59,0.05,0.58,1.08,0.48,1.62,4.62,0.44,0.02,1.88,0.08,742.11
54.44,0.57,17.2,11.59,1.39,0.05,1.33,2.16,0.02,3.64,4.82,0.47,0.02,1.56,0.73,1383.88
55.49,0.01,15.97,17.73,1.08,0.01,1.34,0.69,0.51,0.47,2.95,0.32,0.04,2.4,1,807.23
68.65,0.22,10.75,11.84,0.09,0.02,1.06,1.34,0.87,0.81,1.27,0.16,0.01,2.64,0.28,842.78
63.42,0.87,7.7,12.72,1.86,0.04,0.14,4.23,0.45,1.75,3.36,0.95,0,2.3,0.2,1508.5
73.02,0.66,1.21,10.16,1.58,0.03,0.33,2.23,0.92,3.29,3.65,0.79,0,1.74,0.38,1185.91
72.35,0.18,3.65,15.62,0.32,0.02,0.57,0.24,0.46,3.83,0.11,0.11,0.04,1.78,0.72,773.15
75.81,0.58,10.99,1.84,0.41,0.04,0.45,0.46,0.6,2.74,3.04,0.62,0.03,1.48,0.92,1047.84
69.35,0.65,11.11,5.34,1.74,0,1.11,1.92,0.6,1.8,3.59,0.02,0.02,2.49,0.25,1228.76
80.79,1.17,1.15,1.4,1.19,0.01,0.82,4.15,0.2,3.6,2.52,0.9,0.05,1.45,0.58,1525.96
77.65,0.9,5.74,4.53,1.93,0.02,0,4.19,0.6,0.84,0.15,0.29,0.05,2.8,0.31,1331.75
68.65,0.79,6.02,10.32,0.59,0,0.28,1.45,0.98,4.83,4.14,0.23,0.02,1.32,0.39,1404.93
77.45,0.06,9.62,1.46,1.6,0.03,0.71,3.24,0.23,1.33,1.57,0.8,0.01,1.69,0.2,639.92
64.29,0.78,9.48,14.43,0.44,0,1.36,0.57,0.25,1.53,3.73,0.63,0.01,1.79,0.71,1293.23
71.05,0.47,4.43,13.58,1.22,0,1.33,2.44,0.75,0.95,1.29,0.54,0.02,1.16,0.75,1111.73
61.9,0.19,13.12,9.23,0.07,0.01,0.05,2.28,0.33,4.94,4.34,0.83,0.03,2.42,0.27,985.18
76.37,0.68,7.07,3.43,0.15,0.03,0.2,3.59,0.92,0.81,2.35,0.74,0.01,2.76,0.89,1168.98
63.04,0.75,5.28,18.73,1.59,0.03,0.57,3.51,0.29,0.19,2.54,0.49,0.04,2.6,0.35,1309.86
73.12,0.54,8.47,6.48,1.49,0.03,1.83,3.25,0.21,0.82,1.86,0.35,0.02,0.55,0.98,1133.54
67.7,0.03,7.33,6.18,0.76,0.02,1.2,2.92,0.63,4.22,4.43,0.74,0,2.88,0.95,792.87
70.5,0.86,9.31,5.01,1.51,0.04,1.33,3.15,0.19,1.79,3.62,0.02,0.03,2.3,0.33,1356.84
54.46,0.85,14.71,17.25,1.06,0.02,1.7,2.82,0.58,2.17,1.86,0.48,0.02,1.03,0.99,1577.57
71.97,0.41,4.61,7.08,1.18,0.05,1.58,4.21,0.86,4.6,1.18,0.46,0.02,1.15,0.65,1162.55
72.06,0.46,5.6,7.06,1.61,0.03,1.95,4.16,0.49,1.21,3.37,0.73,0.02,0.69,0.56,1041.93
56.07,0.31,16.92,12.58,0.58,0.01,1.43,3.54,0.6,3.07,3.02,0.36,0.05,1.44,0.02,1136.11
82.07,0.44,10.95,0.45,1.74,0.03,0.59,1.56,0.47,1.24,0.02,0.03,0.02,0.37,0.02,876.68
77.05,1.03,4.93,10.06,0.36,0,1.49,0.62,0.03,2.94,0.07,0.44,0.01,0.96,0,1358.41
59.76,0.69,11.99,15.95,1.22,0.04,0.9,1.86,0.82,4.33,0.69,0.54,0.03,0.25,0.93,1435.77
73.62,0.63,11.62,3.56,0.53,0.01,0.53,2.46,0.83,2.67,1.22,0.04,0.03,1.26,0.98,1240.7
74.73,0.02,14,3.89,1.17,0.02,1.14,0.67,0.46,0.18,0.2,0.66,0.05,2.33,0.47,614.86
79.87,0.08,0.81,3.16,1.95,0.02,1.69,3.53,0.61,4.74,1.15,0.45,0.04,1.66,0.25,739.13
69.92,0.03,16.46,0.37,1.26,0.03,1.16,2.37,0.85,3.3,3.91,0.12,0,0.09,0.15,778.8
56.11,0.8,8.89,15.05,0.38,0.02,1.78,4.68,0.92,4.09,3.44,0.91,0.04,2.86,0.02,1579.97
68.54,0.14,3.87,17.04,1.01,0.05,0.24,2.06,0.33,2.58,3.17,0.66,0,0.27,0.04,790.93
71.96,1.04,5.64,7.34,0.9,0.04,0.03,0.59,0.69,4.82,3.21,0.26,0.03,2.92,0.53,1431.22
61.69,1.16,12.94,13.74,0.46,0.03,0.71,1.2,0.9,1.92,1.41,0.93,0.01,2.24,0.65,1651.1
60.09,1.11,14.98,14.11,0.63,0.02,1.89,0.12,0.79,1.26,0.93,0.23,0,2.98,0.87,1712.41
49.63,0.67,14.61,16.9,0.47,0.02,1.27,4.89,0.68,4.49,4.23,0.58,0.04,1.13,0.38,1583.51
72.34,0.94,2.42,6.12,1.22,0.02,1.88,4.79,0.5,2.7,3.62,0.46,0.01,2.24,0.74,1518.75
67.82,0.74,4.25,13.04,0.47,0.01,1.7,4.65,0.26,4.64,1.19,0.12,0,0.73,0.39,1387.03
75.84,1.11,4.36,7.31,1.47,0.02,1.37,2.16,0.2,3.67,0.14,0.29,0.02,1.37,0.68,1604.36
62.04,0.72,6.72,18.68,1.91,0.03,0.14,2.46,0.18,2.42,0.94,0.7,0,2.86,0.2,1294.79
62.43,0.8,16.51,4.96,1.87,0.02,1.92,4.86,0.19,4.16,0.97,0.23,0,0.47,0.63,1627.12
71.2,0.41,17.44,1,0.13,0.04,1.78,3.98,0.49,1.35,0.07,0.51,0.02,1.03,0.58,1069.01
66.71,0.88,12.62,5.27,1.17,0.01,0.24,3.93,0.69,3.84,0.76,0.91,0.01,2.61,0.35,1526.75
58.81,0.23,8.83,18.99,0.66,0.03,1.78,3.15,0.36,4.95,0.94,0.52,0.04,0,0.7,1050.07
77.54,0.33,3.06,5.48,1.93,0.04,0.43,0.59,0.36,2.96,4.34,0.97,0.04,1.8,0.14,790.58
62.19,0.65,15.23,6.45,0.08,0.02,1.94,3.98,0.03,4.37,2.36,0.36,0.02,1.79,0.53,1374.4
77.27,0.79,10.33,2.88,0.51,0.04,1.33,2.24,0.18,0.04,1.56,0.05,0.02,2.47,0.29,1191.24
76.44,0.16,11.6,3.03,1.31,0.01,0.79,2.83,0.05,0.77,1.6,0.46,0.04,0.56,0.35,762.81
72.99,0.58,5.32,12.51,0.51,0.04,1.01,0.43,0.63,2.85,1.69,0.01,0.01,1.22,0.2,1102.87
63.26,1.03,11.65,13.78,1.22,0.05,0.52,1.33,0.13,2.43,0.48,0.27,0.02,2.87,0.96,1571.33
64.47,0.9,7.01,17.3,1.75,0.05,1.28,1.01,0.09,4.57,0.28,0.3,0.02,0.07,0.91,1460.36
74.81,0.8,4.34,10.06,0.52,0.05,0.12,1.37,0.89,2.4,3,0.65,0,0.05,0.94,1287.45
64.65,0.33,6.85,13.64,0.47,0.04,0.92,4.28,0.28,1.02,4.16,0.33,0.02,2.38,0.64,974.11
71.38,0.92,3.25,18.57,0.3,0.04,0.85,0.93,0.4,1.11,0.68,0.24,0.04,0.32,0.97,1299.53
60.82,0.02,11.85,17.13,1.87,0.01,1.4,0.54,0.35,3.66,1.73,0.31,0.01,0.2,0.12,840.47
58.51,0.69,13.15,13.05,0.91,0.02,1.88,4.86,0.65,0.99,2.24,0.5,0.04,2,0.51,1464.3
71.45,0.82,0.43,15.53,0.42,0.03,0.23,0.57,0.04,4.55,3.02,0.36,0.04,1.88,0.62,1232.64
73.16,0.32,1.96,13.25,0.5,0.02,0.71,0.72,0.96,4.67,0.42,0.83,0.02,2.32,0.15,881.99
54,0.17,16.03,17.96,0.93,0.04,1.33,0.93,0.33,0.68,3.87,0.99,0.03,1.97,0.75,924.69
61.72,0.5,10.7,17.01,0.51,0.02,1.5,0.44,0.51,0.72,2.7,0.77,0.01,2.55,0.33,1060.91
62,0.24,8.38,17.52,0.14,0.02,1.31,1.79,0.07,1.66,4.1,0.97,0,1.71,0.11,895.03
63.83,1.15,17.73,3.23,1.12,0.03,0.9,4.62,0.75,3.82,1.35,0.43,0.02,0.9,0.09,1799.17
79.2,0.16,3.25,4.07,0.48,0.01,0.91,2.55,0.31,4.54,2.77,0.79,0.05,0.49,0.43,678.53
72.97,0.02,14.69,2.23,1.99,0.04,1.16,0.77,0.52,1.31,1.26,0.83,0.02,1.35,0.84,649.17
64.11,0.11,10.7,11.56,0.85,0.04,1.89,2.33,0.46,2.51,3.62,0.67,0.01,0.19,0.95,908.97
71.05,1,5.4,12.71,0.22,0.05,0.12,2.19,0.54,3.95,0.61,0.44,0.01,0.94,0.78,1435.44
53.59,0.02,13.48,16.21,1.8,0.03,0.67,2.14,0.97,4.41,2.32,0.94,0.04,2.7,0.68,942.51
60.33,0.95,11.97,17.86,0.8,0.02,0.06,2.31,0.72,1.51,2.31,0.22,0.04,0.18,0.71,1501.13
64.43,0.46,0.75,17.07,0.98,0.03,1.46,3.28,0.73,3.81,2.95,0.37,0.01,2.71,0.97,1150.53
72.05,0.27,12.07,3.46,1.56,0.05,1.93,0.05,0.96,3.7,0.42,0.42,0.04,2.87,0.16,874.79
53.56,0.16,8.5,19.36,1.94,0.01,0.64,4.54,0.73,4.86,4.47,0.22,0.04,0.15,0.82,1165.78
81.88,1.15,0.91,3.21,0.97,0.04,1.63,4.82,0.62,1.28,0.13,0.22,0.03,2.78,0.32,1501.55
69.55,1.05,7.11,6.17,1.02,0.02,1.83,2.34,0.28,4.21,4.99,0.65,0.01,0.72,0.06,1553.27
71.94,0.84,15.31,3.43,0.88,0.01,0.51,1.52,0.59,0.08,2.04,0.19,0.05,1.75,0.87,1292.49
63.52,0.24,14.58,8.3,0.36,0.04,1.52,4.98,0.78,0.73,1.61,0.45,0.01,2.36,0.53,1048.92
79.39,0.63,1.29,2.99,1.7,0.05,0.83,4.05,0.63,4.8,1.19,0.54,0.02,1.63,0.27,1184.11
76.2,0.6,11.25,1.62,1.49,0.04,1.76,2.13,0.06,2.31,0.69,0.65,0,1.12,0.08,1102.15
51.56,0.29,16.4,18.46,1.71,0.03,0.15,0.44,0.9,4.38,2.17,0.33,0.03,2.42,0.73,1169.84
78.39,0.74,4.17,5.25,1.45,0.04,0.23,0.94,0.68,1.94,2.82,0.61,0.04,2.42,0.28,1084.1
65.07,1.01,15.22,5.99,0.32,0,1.15,0.46,0.68,3.39,3.07,0.88,0.02,2.71,0.04,1542.35
64.35,0.14,7.42,11.88,0.06,0.03,0.61,4.44,0.53,2.94,4.73,0.76,0.02,1.43,0.65,960.22
78.92,0.32,2.35,4.38,1.36,0.03,1.38,1.61,0.9,2.26,2.57,0.95,0.05,1.98,0.94,817.18
75.54,0.65,5.53,6.3,1.12,0.03,0.88,4.42,0.43,1.37,0.04,0.97,0.04,1.85,0.83,1218.86
50.3,0.13,17.38,19.7,1.58,0.02,0.99,2.18,0.29,2.64,0.27,0.99,0.02,2.78,0.72,985.59
61.26,0.36,4,19.91,1.54,0.01,0.13,3.48,0.3,1.11,3.67,0.68,0.02,2.83,0.68,1037.79
49.78,0.37,17.49,19.26,1.52,0.03,1.56,2.77,0,2.51,2.99,0.27,0.01,0.82,0.62,1250.84
65.09,0.18,12.97,8.45,0.71,0.04,1.01,1.89,0.88,1.84,4.3,0.5,0.01,1.84,0.29,921.87
57.86,1.01,15.51,5.4,1.32,0.01,1.25,4.44,0.04,4.93,4.14,0.76,0.03,2.31,0.99,1745.5
65.26,0.93,6.33,12.28,0.67,0.05,1.8,2.84,0.78,4.55,1.22,0.58,0.02,2.31,0.38,1505.07
88.5,0.14,1.93,2.38,0.07,0.03,1.34,0.63,0.61,2.99,0.74,0.4,0.04,0.05,0.15,583.3
64.68,1.2,13.2,9.28,1.26,0.04,1.68,1.62,0.49,3.19,0.36,0.95,0.02,1.11,0.91,1706.12
74.51,0.92,1.23,7.68,0.47,0.04,0.45,2.29,0.82,4.58,3.61,0.43,0.03,2.07,0.87,1445.02
50.45,1.07,16.76,16.21,0.29,0.04,1.63,4.39,0.92,2.55,3.28,0.01,0.03,1.42,0.96,1877.31
65,0.08,7.24,13.92,0.06,0.01,1.78,0.65,0.05,2.9,4.73,0.83,0.05,2.26,0.44,729.72
72.05,1.14,7.68,7,0.9,0.04,1.84,1.79,0.46,4.49,0.24,0.78,0.02,1.13,0.45,1640.75
58.82,1.11,8.85,16.65,1.46,0.02,1.17,3.33,0.02,1.98,4.96,0.64,0.02,0.75,0.21,1684.98
87.36,0.49,3.48,2.7,0.73,0.03,0.29,0.22,0.03,1.34,0.95,0.54,0.02,0.97,0.83,755.11
51.37,0.36,17.52,19.54,0.51,0.01,0.99,2.41,0.41,2.65,1.16,0.11,0.03,2.8,0.14,1206.82
74.77,0.85,7.88,5.88,1.71,0.02,1.17,2.22,0.08,2.97,2.09,0.09,0.03,0.03,0.21,1326.86
72.05,0.21,7.51,11.51,0.9,0.03,0.81,0.74,0.09,3.72,1.19,0.85,0.04,0.15,0.2,785.52
64.6,0.36,10.7,16.2,0.12,0.01,0.75,0.92,0.55,2.39,1.58,0.52,0.02,1.03,0.27,925.76
86.46,0.24,0.23,3.02,0.09,0.02,0.45,2.1,0.33,2.69,3.62,0.48,0,0.05,0.21,711.44
77.79,0.52,0.81,6.55,1.77,0,1.9,4.28,0.83,4.32,0.4,0.15,0.01,0.33,0.33,1126.44
70.93,0.3,12.17,1.94,0.72,0.01,1.69,2.57,0.65,0.65,4.64,0.32,0.04,2.86,0.51,951.18
76.38,0.61,2.11,7.81,1.7,0.01,1.84,3.34,0.42,2.73,0.75,0.22,0.01,1.15,0.92,1187.6
57.9,0.2,13.25,11.21,0.88,0.05,1.78,3.3,0.92,2.82,4.13,0.41,0,2.98,0.17,985.03
84.07,0.31,2.94,6.75,0.58,0.03,1.99,0.26,0.78,0.64,0.1,0.64,0.04,0.53,0.34,670.54
58.63,1.07,9.95,18.66,1.85,0.02,1.16,1.15,0.99,1.39,3.92,0.31,0.02,0.31,0.56,1615.4
79.52,0.3,2.67,4.53,0.5,0.03,0.77,0.38,0.54,3.94,2.87,0.97,0,2.46,0.51,851.03
75.66,0.4,5.84,12.64,0.09,0.03,1.45,1.78,0.22,1.07,0.41,0.09,0.01,0.06,0.27,955.41
51.59,0.37,17.91,19.83,0.37,0.01,0.98,0.74,0.5,2,1.62,0.82,0.04,2.96,0.22,1151.9
49.55,0.71,16.13,18.85,1.45,0.02,0.98,3.08,0.83,3.29,1.83,0.42,0,2.77,0.09,1595.94
63.98,0.7,15.69,8.42,1.6,0.04,0.12,2.06,0.69,2.11,2.73,0.59,0.01,1.24,0.03,1328.93
72.3,0.69,2.63,15.11,0.75,0.05,0.78,0.75,0.76,2.84,1.93,0.36,0.01,1.02,0.03,1108.43
60.5,0.61,16.14,15.91,0.06,0.04,0.9,0.95,0.75,1.61,1.27,0.16,0.02,0.28,0.79,1185.7
65.13,0.01,14.72,9.86,0.88,0.04,0.13,1.83,0.58,2.3,0.91,0.3,0.02,2.98,0.33,714.1
63.17,0.25,14.81,8.42,0.89,0.03,1.19,2.95,0.03,4.09,0.97,0.29,0.01,2.3,0.58,1062.56
69.77,0.13,5.43,10.15,0.61,0.01,1.74,3.74,0.35,3.83,3.14,0,0.02,0.87,0.22,898.57
59.13,0.31,16.96,9.73,1.7,0.01,0.35,4.44,0.5,4.48,0.32,0.92,0.02,0.47,0.68,1195.94
74.3,0.48,3.97,9.88,1.56,0.03,0.87,0.59,0.96,1.35,1.39,0.65,0.04,2.95,0.97,962.15
78.27,1.1,7.84,3.33,1.17,0,0.39,0.01,0.18,2.37,1.97,0.37,0.04,2.02,0.94,1365.07
62.96,0.16,12.1,16.83,0.37,0.04,1.05,0.72,0.64,2.6,0.14,0.4,0.04,1.67,0.28,831.21
76.77,1.12,4.28,5.05,0.71,0.04,1.02,3.41,0.98,3.92,0.86,0.79,0.04,0.7,0.33,1524.91
55.41,0.26,12.66,17.61,0.15,0.02,1.21,3.38,1,3.41,3.1,0.99,0,0.22,0.56,1174.86
78.5,0.44,1.74,6.13,1.35,0.04,0.19,2.7,0.3,3.34,2.75,0.93,0,1.41,0.19,965.34
67.12,1.09,7.17,16.24,0.56,0,1.71,0.6,0.02,1.77,1.9,0.08,0.04,1.22,0.49,1512.47
59.56,0.32,9.21,15.33,1.81,0.05,0.85,4.95,0.29,0.03,3.84,0.18,0,2.77,0.79,1112.36
54.98,1.01,16.3,10.87,1.41,0.04,1.38,3.23,0.55,2.4,4.98,0.34,0,2.3,0.21,1712.41
69.61,0.64,1.72,12.39,1.89,0.04,0.43,4.86,0.31,2.18,2.49,0.99,0,2.09,0.36,1288.54
50.72,0.3,13.71,16.57,0.86,0.03,1.94,4.23,0.44,3.32,3.92,0.02,0.03,2.95,0.95,1264.34
58.11,1,1.91,19.88,1.22,0.01,1.35,4.28,0.11,4.58,4.6,0.01,0.05,2.84,0.04,1621.2
66.9,0.43,13.66,7.16,1.91,0.05,0.63,2.54,0.56,2.9,1.87,0.17,0,0.32,0.9,1096.99
75.06,0.34,1.38,12.47,0.15,0,1.24,2.96,0.04,2.3,2.18,0.55,0.04,0.85,0.43,873.58
61.44,0.63,9.52,17.37,1.68,0.02,0.33,1.89,0.29,4.75,1.33,0.18,0.04,0.26,0.26,1337.76
71.01,0.53,10.71,6.55,0.99,0.01,1.15,2.04,0.85,2.08,2.22,0.59,0.01,0.47,0.79,1183.68
50.74,0.13,14.79,19.76,0.75,0.03,0.89,4.47,0.01,3.27,3.26,0.38,0.01,0.72,0.8,1063.35
68.37,0.09,10.15,6.14,0.53,0.03,1.8,3.09,0.79,3,3.49,0.43,0.05,1.51,0.55,781.06
71.97,0.29,1.33,14.36,0.58,0.02,1.84,2.83,0.1,4,1.28,0.55,0.03,0.71,0.12,897.21
81.97,0.26,1.75,5.51,1.99,0.02,1.73,2.75,0.67,0.78,1.37,0.51,0.04,0.13,0.51,761.38
72.57,0.76,13.41,2.77,0.33,0.02,2,1.78,0.43,2.16,0.4,0.77,0.01,2.11,0.48,1258.01
66.79,0.74,0.97,17.8,0.49,0.03,1.6,2.7,0.34,4.89,1.39,0.95,0.01,1.17,0.14,1337.76
65.56,0.48,14.97,10.1,1.31,0.03,1.28,1.15,0.37,0.25,2.94,0.46,0.04,0.62,0.44,1041.95
58.2,0.23,11.05,16.96,1.53,0.05,1.94,3.86,0.29,1.1,2.24,0.99,0.02,0.6,0.94,1090.94
56.22,0.95,15.18,16.43,1.67,0.03,0.81,3.34,0.84,1.75,1.48,0.34,0.03,0.16,0.78,1645.78
75.09,0.18,2.39,3.95,1.15,0.01,0.74,4.66,0.85,4.26,2.89,0.87,0.04,2.86,0.06,865.78
58.89,0.52,9.23,16.59,1.86,0.04,1.52,1.6,0.47,4.43,3.93,0.68,0,0.12,0.13,1270.86
56.66,0.7,9.65,18.85,1.39,0.01,0.32,4.25,0.46,3.27,2.83,0.11,0,1.13,0.36,1512.04
54.39,1.16,15.45,9.93,1,0.03,0.23,5,0.52,4.55,4.84,0.58,0.01,1.72,0.6,1978.06
74.01,0.95,0.87,9.33,1.85,0.05,0.38,4.35,0.15,4.21,1.39,0.96,0.03,1.2,0.28,1454.61
55.31,1.08,13.59,16.7,1.56,0.05,1.52,1.05,0.79,1.61,4.98,0.38,0.01,0.72,0.66,1665.79
69.74,0.14,17.16,5.89,0.59,0,0.49,2.09,0.37,1.37,0.2,0.3,0.04,1.32,0.29,827.05
56.26,0.37,11.35,19.79,0.08,0.01,0.36,2.24,0.04,2.39,4.64,0.01,0.02,2.28,0.15,1042.79
78.15,0.1,11.35,0.2,1.6,0,1.05,3.7,0.24,0.52,0.88,0.85,0.04,0.59,0.72,761.14
73.26,0.54,16.16,1.83,0.35,0.04,1.64,1.53,0.6,1.91,0.05,0.03,0,1.78,0.28,1087.17
70.41,0.18,16.94,2.43,1.35,0.04,0.33,1.07,0.57,2.54,2.61,0.55,0.05,0.16,0.76,825.53
63.37,0.12,8.02,16.08,0.2,0.01,0.75,0.52,0.76,3.93,4.18,0.58,0.03,0.79,0.66,806.02
47.08,0.54,17.47,19.36,1.81,0.02,0.74,4.26,0.73,3.52,1.4,0.83,0.03,1.34,0.87,1567.51
72.97,0.56,10.67,0.81,0.92,0.03,0.99,4.24,0.31,4.42,2.02,0.69,0,0.6,0.76,1200.35
67.89,0.02,17.43,3.81,1.8,0.03,1.13,0.42,0.37,0.78,2.63,0.55,0.04,2.63,0.47,673.99
73.39,1.02,2.63,12.55,0.03,0.01,1.18,2.28,0.49,3.3,1.17,0.28,0.03,1.61,0.01,1395.83
69.11,0.81,11.16,1.57,1.5,0.03,0.41,2.8,0.6,4.6,3.71,0.3,0.01,2.56,0.85,1476.78
67.46,0.22,12.03,5.58,0.52,0.02,1.04,4.02,0.5,1.49,4.42,0.06,0.04,2.35,0.25,962.99
61.66,0.25,15.74,11.18,0.09,0.04,0.7,1.71,0.64,3.31,1.77,0.14,0.03,1.88,0.86,1076.39
60.24,0.07,16.1,6.54,1.26,0.05,1.62,3.19,0.7,4.6,4.06,0.61,0.03,0.44,0.47,966.25
64.45,0.37,7.78,13.24,0.3,0,0.79,1.61,0.42,4.66,3.54,0.33,0.01,1.86,0.66,1032.47
69.44,0.04,4.78,9.14,1.58,0.04,0.83,3.98,0.99,3.58,3.64,0.91,0.02,0.03,0.99,840.53
59.23,0.59,14.14,16.25,0.8,0.03,1.08,1.1,0.12,2.72,0.6,0.35,0.01,2.12,0.87,1220.4
83.21,1.2,0.38,6.09,0.56,0.02,0.46,1.32,0.26,2.53,1.96,0.64,0.03,0.55,0.81,1486.3
80.25,0.57,2.76,3.34,1.59,0.04,1.01,1.53,0.46,3.18,4.4,0.56,0.01,0.13,0.18,980.2
64.34,0.58,12.58,6.16,1.34,0.03,0.88,4.49,0.69,1.8,4.02,0.74,0.04,1.92,0.38,1304
68.77,0.42,11.77,2.62,1.64,0.02,1.26,2.5,0.52,3.69,3.13,0.25,0,2.52,0.88,1121.7
64.7,0.35,16.87,4.1,0.33,0.01,1.46,4.44,0.39,0.68,2.93,0.21,0,2.66,0.87,1092.75
72.62,1.17,8.53,5.88,1.54,0.01,0.49,1.28,0.95,3.65,0.67,0.09,0.04,2.41,0.67,1625.63
69.2,0.73,16.78,3.39,1.03,0.01,0.89,1,0.84,1.27,2.09,0.41,0.04,2.27,0.06,1219.82
70.46,0.09,9.92,8.55,0.55,0.04,0.26,4.87,0.02,0.59,1.56,0.51,0.01,2.21,0.36,773.18
87.42,0.97,2.18,5.38,0.65,0.05,1.02,0.04,0.38,0.04,1.19,0.45,0.02,0.1,0.12,1131.64
62.32,0.67,12.52,8.09,1.46,0.01,0.24,4.2,0.34,2.16,4.74,0.42,0,2.81,0.01,1326.39
67.86,0.57,9.85,8.17,1.55,0.05,0.17,4,0.13,0.4,4.78,0.49,0.01,1.71,0.26,1192.72
59.76,0.56,11.24,17.39,0.01,0.01,0.19,0.49,0.95,4.68,3.75,0.64,0.04,0.18,0.12,1266.47
72.51,0.57,9.06,4.59,1.3,0.04,0.66,3.1,0.33,3.96,2.37,0.34,0.02,0.27,0.87,1172.8
72.17,1.15,8.59,4.43,1.33,0.02,0.5,0.19,0.89,3.98,4.15,0.44,0.04,1.74,0.37,1572.97
54.11,0.9,11.7,17.07,0.99,0.01,1.54,4.6,0.34,3.91,1.37,0.94,0.03,1.71,0.78,1704.43
55.7,0.98,16.06,18.02,0.11,0.01,1.65,4.73,0.31,0.04,1.61,0.38,0.04,0.14,0.21,1638.9
83.13,0.8,1.33,5.73,0.85,0.04,1.13,0.23,0.8,0.27,4.67,0.21,0.02,0.22,0.56,1110.18
76.52,0.6,7.38,0.71,1.76,0.04,1.27,2.86,0.69,0.72,4.66,0.28,0.03,1.82,0.64,1096.49
73.13,0.9,10.77,1.52,0.83,0.04,0.63,2.41,0.49,3.09,4.42,0.17,0.03,1.27,0.3,1409.03
83.69,1.1,0.15,2.44,1.47,0.01,1.45,4.16,0.25,0.96,0.73,0.2,0.01,2.61,0.77,1448.71
73.5,0.19,1.12,15.2,0.93,0.03,0.85,0.34,0.74,4.1,0.21,0.38,0.03,1.82,0.58,744.98
59.13,0.83,17.4,7.81,1.11,0.03,1.18,1.93,0.62,3.25,2.92,0.21,0.03,2.65,0.87,1562.87
73.3,0.19,8.27,2.22,1.63,0.01,1.53,4.07,0.89,3.77,2.82,0.6,0.02,0.53,0.13,961.18
65.47,0.23,16.81,3.29,1.45,0.01,1.95,1.83,0.41,2.02,4.08,0.22,0.04,1.97,0.22,957.56
59.65,0.16,11.09,13.84,1.32,0.02,1.75,3.85,0.51,3.02,2.83,0.95,0.04,0.71,0.26,998.29
64.03,1.18,4.26,19.07,1.3,0,0.67,2.38,0.83,1.64,1.55,0.92,0,1.65,0.5,1663.78
62.44,0.58,10.96,13.83,1.09,0.02,0.26,1.24,0.42,4.62,1.01,0.41,0.04,2.12,0.97,1255.41
78.44,0.24,0.3,6.45,0.3,0.03,1.8,3.44,0.14,0.58,4.56,0.49,0.05,2.21,0.99,741.42
74.51,0.91,8.48,4.66,0.48,0.02,0.22,0.89,0.5,4.77,2.89,0.41,0.01,0.59,0.66,1413.11
69.71,1.02,7.18,11.01,1.41,0,0.7,3.65,0.68,0.27,1.19,0.68,0.01,2.44,0.03,1489.05
47.97,1.11,14.33,17.68,0.88,0.04,1.71,2,0.99,4.26,4.87,0.87,0.04,2.83,0.42,1839.03
72.36,0.94,3.83,14.66,1.57,0.04,1.7,2.07,0.54,0.05,0.73,0.64,0.03,0.59,0.24,1384.85
68.54,0.74,1.25,15.2,0.53,0.03,0.25,4.99,0.08,3.71,2.71,0.09,0,1.09,0.8,1324.13
61.78,0.06,12.68,13.11,0.53,0,1.83,1.5,0.11,3.41,1.08,0.48,0,2.98,0.45,863.64
77.03,0.4,7.78,1.56,1.91,0,1.54,2.69,0.06,0.01,4.68,0.74,0.03,1.32,0.24,894
65.11,0.82,10.95,14.53,0.73,0.05,0.13,0.4,0.92,3.24,1.63,0.76,0.02,0.06,0.65,1359.36
78.57,0.28,8.57,1,1.77,0.03,0.59,3.44,0.8,3.07,1.01,0.11,0.04,0.7,0.02,871.44
62.12,0.78,2.75,19.82,1.74,0.03,1.67,2.35,0.79,3.23,0.14,0.95,0.04,2.86,0.73,1367.67
76.59,0.22,2.61,4.41,1.1,0.03,0.63,2.74,0.34,3.48,4.94,0.69,0,1.43,0.77,809.88
70.22,0.66,17.12,1.1,0.58,0.01,1.54,2.62,0.14,1.43,2.61,1,0.02,0.47,0.5,1258.85
54.66,0.57,12.41,18.29,0.4,0.04,1.9,1.87,0.11,4.11,3.51,0.21,0.02,1.73,0.17,1249.09
54.74,0.86,12.42,17.74,1.13,0.03,1.24,1.37,0.76,3.31,4.2,0.77,0.03,0.48,0.92,1584.32
62.6,0.49,2.63,17.7,1.59,0.04,0.18,4.4,0.6,2.35,4.57,0.67,0.01,1.56,0.64,1200.37
64.99,1.08,5.04,15.88,1.6,0.01,0.03,2.91,0.79,2.77,4.07,0.62,0.03,0.08,0.09,1645.61
63.14,0.66,10.62,12.29,0.21,0.03,0.96,3.01,0.56,3.82,1.59,0.37,0.02,2.29,0.43,1356.3
62.32,0.22,17.69,9.87,0.22,0.03,1.48,2.5,0.65,0.86,1.84,0.16,0.02,1.69,0.44,972.24
77.15,0.39,2.58,5.05,0.4,0.04,1.64,3.6,0.64,1.54,3.55,0.61,0,2.72,0.08,995.01
58.5,0.61,9.24,16.74,1.83,0.05,1.14,3.4,0.09,2.44,4.49,0.46,0,0.6,0.43,1306.69
74.52,0.41,5.74,1.82,1.77,0.03,1.25,3.03,0.4,4.12,4.65,0.01,0,2.02,0.24,980.82
65.56,1.09,12.01,7.37,0.83,0.03,0.28,4.42,0,4.89,0.84,0.74,0,1.29,0.63,1712.94
66.92,0.37,8.97,10.09,1.57,0.01,0.17,2.01,0.89,4.28,2.8,0.89,0.04,0.83,0.17,1042.47
66.56,0.37,4.09,12.45,1.17,0.03,0.38,3.96,0.43,2.36,4.98,0.28,0.02,2.03,0.88,1072.64
72.82,1.1,7.61,5.73,1.36,0.01,0.77,4.48,0.59,0.47,1.65,0.63,0.02,1.98,0.76,1571.83
58.26,0.58,17.77,18.29,0.12,0.01,0.6,0.92,0.31,2.12,0.26,0.13,0,0.14,0.48,1283.95
72.08,0.13,16.67,1.73,1.24,0.01,1.65,0.31,0.95,0.24,1.21,0.46,0.04,2.85,0.43,745.35
57.74,0.91,13.09,11.42,1.38,0,0.88,3.93,0.47,4.37,4.17,0.86,0.01,0.73,0.03,1616.56
74.63,0.06,4.7,1.96,0.79,0.05,1.4,3.53,0.45,4.06,4.54,0.96,0,2.64,0.23,705.84
66.25,0.48,6.22,13.5,1.2,0.01,1.57,2.2,0,2.07,2.58,0.07,0.01,2.98,0.87,1120.64
63.48,0.46,9.79,9.41,0.1,0.02,0.25,2.44,0.91,4.98,4.72,0.99,0,2.19,0.27,1162.67
62.74,1.04,14.65,8.47,0.95,0.01,0.58,4.91,0.89,0.96,1.38,0.11,0.05,2.72,0.55,1719.65
58.36,0.25,16.82,10.53,0.18,0.02,1.2,1.76,0.7,4.41,3.86,0.64,0.03,0.76,0.45,1108.86
50.65,0.36,16.81,18.15,0.31,0.04,1.41,4.88,0.46,3.61,2.59,0.07,0,0.37,0.3,1336.52
59.69,0.86,17.49,6.21,1.88,0.03,0.99,3.34,0.7,0.86,3.76,0.73,0.05,2.74,0.68,1516.36
47.91,0.86,17.03,19.34,1.65,0.04,0.22,4.15,0.25,2.82,2.03,0.35,0.02,2.57,0.77,1764.59
69.7,1.18,7.16,11.02,1.07,0.05,0.7,4.93,0.3,0.54,0.96,0.43,0.03,1.55,0.38,1650.84
57.89,0.68,15.1,16.78,1.45,0.05,1.18,0.04,0.29,1.64,2.74,0.9,0.04,0.7,0.52,1287.17
63.31,1.19,17.59,6.61,0,0.03,1.73,1.62,0.93,1.66,3.05,0.72,0.02,1.06,0.47,1713.81
70.1,1,1.82,12.63,1.35,0.03,1.87,3.01,0.63,3,3.61,0.14,0.04,0.13,0.64,1476.33
79.89,0.06,2.5,5.43,1.76,0.04,0.13,1.45,0.89,1.18,4.98,0.26,0.04,1.25,0.14,578.74
69.13,0.31,12.15,6.74,1.21,0.01,0.9,2.56,0.41,0.99,2.31,0.69,0.05,2.37,0.16,923.74
82.24,0.17,4.51,3.99,0.43,0.01,0.6,0.63,0.28,3.44,1.18,0.17,0,1.5,0.84,666.18
63.01,0.08,9.76,13.01,1.18,0.04,1.73,0.29,0.36,3.35,4.76,0.8,0.01,0.84,0.76,886.07
71.47,0.73,1.86,17.12,1.73,0.02,1.25,3.3,0.19,0.56,0.1,0.91,0.02,0.26,0.47,1181.65
76.03,0.1,1.53,9.78,1.02,0.03,1.31,3.34,0.43,3.22,1.52,0.44,0.02,0.99,0.24,723.9
60.04,0.65,6.05,19.52,1.11,0.04,1.14,0.95,0.97,4.43,2.36,0.24,0.01,2.42,0.07,1281.46
69.01,0.77,11.52,3.65,1.41,0.04,0.7,2.42,0.83,2.62,3.09,0.41,0.01,2.99,0.53,1399.5
64.87,0.75,4.19,17.54,0.14,0.03,0.96,1.59,0.83,3.28,3.8,0.41,0.05,1.03,0.53,1283.81
82.98,1.12,1.5,2.18,1.99,0.05,1.54,2.42,0.51,1.29,2.16,0.43,0,1.36,0.48,1427.28
67.65,1.04,6.62,8.19,1.14,0.01,0.79,3.43,0.41,4.53,3.08,0.15,0.02,2.29,0.64,1681.59
71.26,1.06,13.5,1.23,0.23,0.03,0.48,2.94,0.79,2.88,2.08,0.65,0.01,2.17,0.7,1535.49
74.4,0.96,9.19,1.18,1.84,0.04,1.17,2.18,0.96,3.88,2.67,0.65,0.01,0.59,0.27,1474.59
71.7,0.36,13.32,2.8,1.56,0.03,0.77,1.5,0.51,1.59,2.15,0.74,0.03,2.24,0.71,945.2
65.43,1.19,8.56,14.36,1.36,0.03,1.99,1.09,0.42,0.64,0.91,0.71,0,2.67,0.63,1656.94
79.31,0.53,5.96,2.53,1.84,0.04,0.67,0.35,0.33,0.92,3.93,0.72,0.02,2.66,0.18,962.44
71.44,0.09,6.71,11.43,0.73,0.02,1.22,1.84,0.11,0.7,2.64,0.17,0.04,2.5,0.35,653.8
78.91,1,9.6,3.18,1.23,0.03,0.17,1.57,0.01,1.58,1.68,0.63,0.01,0.09,0.32,1324.09
68.49,0.5,8.44,15.04,0.96,0,0.41,0.94,0.51,0.15,1.42,0.61,0.02,2.12,0.39,1064.82
52.46,1.18,17.38,16,1.91,0.01,1.5,1.61,0.73,1.87,1.45,0.96,0.01,2.28,0.67,1852.56
55.09,0.18,16.58,19.36,1.46,0.04,0.17,1.92,0.33,2.82,0.92,0.56,0.03,0.4,0.13,939.12
68.4,0.05,13.7,6.62,0.45,0.04,0.29,2.14,0.74,2.87,2.77,0.16,0.01,1.75,0.02,756.4
68.02,0.51,4.65,17.53,1.29,0.02,1.17,1.9,0.47,1.79,2.05,0.31,0,0.11,0.17,1108.36
55.42,0.31,16.03,12.22,1.92,0.02,0.8,3.6,0.58,2.64,2.88,0.58,0.04,2,0.96,1200.65
87.67,0.05,0.2,2.46,0.15,0.02,0.11,3.12,0.19,2.57,0.52,0.83,0.04,1.16,0.91,546.36
61.32,0.23,14.65,10.92,0.66,0,0.34,4.31,0.61,1.19,2.48,0.11,0,2.72,0.46,1061.81
72.76,0.48,6.05,5.46,1.13,0.03,0.03,3.27,0.79,3.08,4.35,0.28,0.01,2.09,0.19,1081.47
71.2,0.12,1.74,15.37,0.06,0.01,0.26,3.77,0.5,1.03,3.75,0.75,0.03,0.83,0.59,725.17
70.93,0.76,11.72,4.13,0.43,0.05,1.51,4.67,0.83,2.01,0.61,0.63,0.02,1.28,0.43,1345.31
80.07,1.12,1.24,3.86,1.22,0.04,1.84,2.79,0.03,1.81,4.59,0.5,0.04,0.81,0.03,1447.39
55.84,1.19,15.24,11.08,1.22,0.04,0.04,4.76,0.53,4.76,3.82,0.15,0.01,1.06,0.26,1931.48
65.84,0.53,10.87,8.73,0.11,0.05,0.85,4.26,0.07,4.05,0.87,0.68,0.03,2.73,0.32,1170.5
77.44,0.59,2.63,5.94,0.77,0.01,0.9,1.92,0.77,4.59,0.5,0.82,0.05,2.06,1,1096.41
59.7,0.41,14.95,13.47,0.65,0.04,1.02,0.94,0.17,3.57,3.56,0.53,0.03,0.54,0.43,1083.99
69.74,0.56,13.97,3.12,1.76,0.03,1.5,0.23,0.09,3.1,4.19,0.87,0.03,0.6,0.2,1098.88
68.16,1.06,2.04,13.72,1.07,0.02,0.88,4.73,0.86,4.32,2.03,0.11,0.05,0.44,0.52,1651.62
55.63,0.37,16.14,19.37,0.82,0,1.33,1.88,0.99,0.45,0.6,0.7,0.04,1.41,0.28,1094.76
72.62,0.38,6.08,4.51,1.7,0,0.81,3.74,0,4.39,3.53,0.07,0.04,1.46,0.65,996.54
57.65,0.32,13.79,18.59,0.14,0,1.65,1.93,0.28,0.94,1.73,0.97,0.05,0.99,0.96,1047.74
65.33,0.37,15.38,4.24,1.65,0.02,0.39,4.67,0.21,4.96,0.54,0.01,0.04,1.76,0.42,1182.97
66.24,0.48,8.71,12.61,1.28,0.05,1.31,1.7,0.33,2.39,1.3,0.38,0.04,2.58,0.63,1059.07
68.08,0.7,7.69,12.72,1.61,0.04,0.07,3.66,0.72,0.49,0.75,0.79,0.03,2.46,0.18,1301.79
56.81,1.03,12.89,19.81,0.16,0.01,0.17,2.69,0.27,3.42,0.66,0.1,0.02,1.13,0.83,1613.98
69.7,1.01,2.11,16.25,1.13,0.03,0.19,3.7,0.06,1.39,0.48,0.53,0.03,2.67,0.73,1477.59
66.95,0.55,10.19,11.44,1.4,0,1.49,0.72,0.03,2.59,2.91,0.03,0.03,1.6,0.05,1061.86
67.48,0.86,3.79,15.89,0.62,0.02,1.78,4.03,0.78,0.8,0.24,0.61,0.02,2.73,0.35,1430.81
59.87,0.96,4.83,18.84,1.08,0.04,1.05,3.86,0.05,4,2.62,0.45,0.01,2.22,0.13,1507.22
86.25,0.24,2.28,0.13,1.32,0.01,0.3,1.6,0.5,2.52,1.84,0.49,0.02,2.47,0.03,650.49
70.43,0.87,7.29,5.89,1.23,0.04,0.9,2.33,0.06,4.62,4.23,0.4,0.04,0.94,0.73,1417.68
73.99,0.62,8.29,1.13,1.93,0.04,1.59,1.52,0.29,2.87,4.23,0.93,0.01,1.82,0.72,1137.15
53.55,0.23,12.58,17.28,1.76,0.03,0.69,3.31,0.86,3.13,2.06,0.92,0.04,2.65,0.9,1099.66
62.08,0.48,15.47,11.41,0.08,0.03,0.94,1.38,0.97,0.28,4.73,0.16,0.02,1.25,0.73,1166.14
58.91,0.14,8.57,18.91,0.54,0.01,0.97,4.65,0.49,2.02,3.25,0.94,0,0.46,0.13,999.14
76.3,0.11,5.44,4.59,1.1,0.02,0.81,4.71,0.16,1.94,1.29,0.55,0.04,2.45,0.52,765.86
69.17,0.2,4.42,13.43,1.95,0.02,0.46,4.35,0.2,3.49,0.17,0.02,0.02,1.97,0.14,927
72.37,0.92,2.32,10.67,0.62,0.04,1.61,0.33,0.19,4.46,2.08,0.48,0.01,2.98,0.92,1348.19
76.78,0.53,6.83,0.58,1.58,0.02,1.06,1.28,0.78,3.97,2.76,0.9,0.01,2.36,0.56,1106.37
79.5,0.28,2.38,6.02,1.71,0.04,1.29,0.45,0.95,1.53,3.03,0.8,0.01,1.96,0.03,751.78
76.06,0.19,7.98,4.97,0.84,0,1.51,0.4,0.84,3.31,2.08,0.87,0.01,0.79,0.14,758.7
61.54,0.46,17.76,3.22,1.66,0.03,0.03,4.72,0.97,4.62,2.51,0.22,0.02,1.84,0.38,1361.72
68.67,0.26,7.29,19.15,0.5,0.02,0.07,1.66,0.37,0.5,0.01,0.58,0.02,0.05,0.86,877.2
68,0.71,3.08,17.3,0.51,0.01,1.79,0.9,0.88,4.01,1.55,0.03,0,0.33,0.89,1283.96
81.74,0.67,3.74,4.7,0.32,0.04,0,2.19,0.09,2.76,1.73,0.03,0.02,1.71,0.25,1037.59
62.32,0.92,6.68,14.99,1.16,0.04,1.09,0.93,0.82,3.92,4.86,0.09,0.03,1.48,0.67,1503.24
76.18,0.83,6.25,5.98,0.67,0,0.57,0.86,0.46,2.3,3.83,0.5,0.02,0.69,0.85,1264.11
64.94,0.12,17.68,9.52,0.37,0.02,0.03,0.83,0.34,2.77,0.65,0.68,0.04,1.72,0.3,837.43
79.6,0.58,1.84,4.14,1.63,0.02,1.93,5,0.8,1.29,1.16,0.25,0.05,1.01,0.71,1162.68
61.54,1.15,14.75,11.95,0.34,0.01,0.98,4.76,0.9,0.83,1.44,0.59,0.02,0.36,0.37,1844.92
68.82,0.27,13.36,1.05,0.44,0,0.77,4.25,0.98,3.34,3.72,0.26,0.03,2.21,0.5,1082.9
68.47,0.12,13.34,4.39,0.2,0.02,0.15,3.15,0.64,1.28,4.82,0.82,0.01,2.25,0.35,843.59
62.23,0.19,11.91,17.25,0.65,0,0.05,0.55,0,1.63,1.5,0.11,0.03,2.98,0.9,880.25
54.74,0.31,13.86,18.74,1.81,0.04,1.57,1.46,0.08,2.44,0.27,1,0.02,2.88,0.77,1068.8
60.98,0.29,12.11,16.6,1.96,0.01,0.31,0.21,0.26,4.11,0.99,0.55,0.02,0.98,0.62,1016.45
62.75,0.61,6.03,13.78,0.56,0.03,1.91,3.64,0.42,3.74,4.05,0.33,0.04,1.3,0.82,1322.99
78.43,0.69,6.36,8.39,0.7,0.01,0.14,1.61,0.46,1.81,0.07,0.58,0.01,0.63,0.12,1104.19
75.42,0.63,1.71,5.13,0.9,0.01,0.89,1.71,0.86,3.97,4.96,0.53,0.03,2.84,0.4,1076.86
70.95,0.66,1.45,15.68,1.97,0,1.6,1.21,0.2,3.47,0.22,0.46,0,1.66,0.46,1219.87
68.84,1.1,12.96,2.52,0.71,0.05,1.45,2.97,0.56,1.99,2.93,0.77,0.01,2.91,0.24,1588.58
76.87,0.66,6.87,5,1.97,0.02,0.83,2.32,0.12,1.97,1.68,0.47,0.04,0.58,0.61,1134.4
73.72,0.05,5.7,9.45,0.15,0.03,0.62,4.96,0.63,1.22,0.51,0.04,0,2.04,0.85,752.51
68.29,0.43,11.6,3.65,1.91,0.04,1.91,1.39,0.59,3.66,3.55,0.02,0.05,2.78,0.12,1034.47
66.52,0.66,5.66,17.58,1.4,0.01,0.07,1.46,0.04,0.71,3.18,0.75,0.02,1.8,0.16,1181.57
80.01,0.44,6.28,3.88,1.19,0.04,0.94,0.58,0.84,0.36,2.36,0.26,0.05,2.21,0.57,823.22
76.14,0.8,9.59,2.95,1.42,0.02,1.27,0.23,0.14,2.95,2.3,0.23,0.01,1.89,0.06,1236.86
67.13,0.38,14.77,1.14,1.73,0.04,0.89,4.62,0.7,4.66,2.36,0.45,0.03,0.2,0.91,1126.81
50.31,0.8,11.12,18.53,1.99,0.01,1.5,2.9,0.46,4.89,4.25,0.7,0.02,2,0.53,1632.92
62.39,0.26,9.01,14.4,0.07,0.04,0.04,2.59,0.57,3.81,3.81,0.42,0,2.08,0.51,957.51
78.22,0.41,4.23,2.4,0.59,0.02,0.96,2.91,0.36,4.6,2.48,0.42,0,1.8,0.6,1009.85
73.15,0.92,15.61,1.19,0.64,0.02,1.31,2.24,0.78,1.92,1.11,0.29,0.01,0.59,0.22,1439.17
62.85,0.03,12.89,7.99,0.05,0.02,1.81,2.56,0.99,2.7,4.81,0.2,0.01,2.1,0.99,882.93
81.03,0.11,6.56,1.73,0.62,0.01,0.78,4.19,0.15,1.53,1.31,0.3,0.02,0.73,0.94,750.27
78.26,0.51,2.05,9.35,0.37,0.01,0.57,0.62,0.72,3.96,1.97,0.69,0.02,0.49,0.4,957.07
52.24,0.79,13.37,17.2,0.21,0,0.15,4.62,0.77,4.18,2.59,0.53,0.01,2.53,0.83,1654
67.27,0.48,5.93,14.77,0.05,0.04,0.89,2.21,0.67,3.23,1.33,0.94,0.05,1.58,0.56,1057.38
75.5,1.13,4.41,2.16,1.86,0.01,1.5,1.02,0.96,3.96,4.59,0.95,0,1.3,0.65,1661.31
66.66,0.96,4.35,18.29,0.44,0.04,1.03,2.58,0.37,0.52,1.74,0.43,0.02,2.22,0.35,1441.22
66.44,0.91,0.41,16.24,1.98,0.05,1.67,3.15,0.28,3.27,3.48,0.28,0.01,1.19,0.64,1460.09
62.4,0.36,10,17.98,0.59,0.05,0.95,0.5,0.06,1.69,1.29,0.84,0.04,2.65,0.59,904.08
67,0.7,11.12,7.86,1.87,0.03,1.67,3.1,0.32,3.68,1.15,0.6,0.02,0.45,0.41,1343.19
68.46,0.38,2.02,16.48,1,0.02,1.01,3.77,0.02,2.73,2.4,0.89,0.03,0.41,0.39,994.54
88.92,1.06,1.22,0.61,0,0.03,0.91,0.51,0.86,1.01,1.63,0.18,0.05,2.27,0.72,1235.1
67.54,0.06,9.41,11.51,0.77,0.02,1.7,0.12,0.63,1.97,3.33,0.2,0.01,1.76,0.98,751.12
62.31,0.51,13.71,10.56,1.02,0.03,0.25,3.39,0.49,4.1,0.69,0.3,0.05,1.66,0.93,1244.02
63.7,0.83,16.68,6.36,0.18,0.04,1.61,3.09,0.58,4.57,0.88,0.62,0,0.42,0.44,1543.18
80.47,1.17,0.81,7.63,0.32,0,0.53,1.22,0.42,0.7,2.44,0.92,0.04,2.53,0.8,1434.24
61.03,0.47,12.76,15.09,0.41,0.04,0.92,0.08,0.64,3.38,2.76,0.21,0.02,1.2,0.97,1165.05
76.19,0.23,5.96,7.59,0.99,0,1.19,1.79,0.56,0.04,1.61,0.77,0.03,2.37,0.7,783.57
82.18,1.03,0.13,5.23,1.1,0.05,1.36,2.28,0.13,2.47,2.21,0.78,0.02,0.96,0.09,1307.81
64.89,0.42,10,14.24,0.08,0.02,1.72,2.28,0.52,2.43,1.95,0.11,0.01,0.54,0.79,1093.67
58.55,0.34,17.07,16.2,1.37,0.04,0.1,2.84,0.94,0.2,1.46,0.05,0.03,0.35,0.48,1088.9
81.16,0.91,1.08,2.99,0.56,0.04,1.7,1.1,0.1,4.24,3.25,0.16,0.03,2.62,0.07,1240.36
66.16,0.11,4.92,13.05,0.36,0.04,1.5,2.81,0.12,4.94,2.45,0.45,0.05,2.59,0.46,802.48
66.54,1.11,15.19,6.2,1.51,0.04,0.46,3.07,0.26,3.95,0.77,0.67,0.02,0.11,0.12,1670.46
70.93,0.79,4.32,12.62,0.83,0.03,0.99,1.54,0.15,1.71,3.17,0.74,0.01,1.99,0.18,1229.47
58.3,0.35,11.91,19.12,0.3,0.03,1.85,0.88,0.37,0.62,3.21,0.67,0.03,1.63,0.75,986.16
63.44,0.05,17.24,4.44,0.24,0.05,1.66,3.82,0.1,4.04,3.05,0.73,0.05,0.58,0.5,873.47
75.54,0.08,2.01,12.04,0.57,0.01,0.68,1,0.02,0.76,4.42,0.01,0.04,2.26,0.56,621.05
63.46,0.26,15.81,9.5,0.35,0.02,0.39,1.88,0.5,1.8,3.29,0.94,0.02,1.07,0.74,904
59.08,0.98,16.04,11.81,0.37,0.02,1.01,2.16,0.26,2.36,2.23,0.21,0.05,2.66,0.76,1629.15
69.22,0.49,6.67,14.33,1.22,0.03,0.25,3.09,0.9,0.43,1.7,0.51,0.03,0.27,0.87,1107.23
76.73,1.18,2.08,10.53,0.15,0.01,0.35,0.32,0.89,0.63,3.15,0.63,0.01,3,0.35,1453.47
48.46,1.09,17.07,18.98,1.51,0.01,0.24,2.85,0.36,4.16,3.72,0.28,0,0.71,0.57,1891.06
71.3,0.81,3.05,11.93,1.21,0.02,1.91,0.54,0.41,4.41,1.93,0.42,0.03,2,0.02,1254.37
71.61,0.55,6,12.55,1.11,0.03,1.31,1.27,0.25,1.85,1.21,0.68,0.03,0.65,0.88,1037.23
68.95,0.26,9.72,6.77,1.7,0.02,1.83,0.51,0.67,4.43,1.46,0.14,0.02,2.88,0.63,941.9
72.97,0.78,12.09,0.8,0.89,0,0.63,4.11,0.66,4.98,0.86,0.4,0.04,0.65,0.15,1345.63
61.46,1.18,8.21,17.22,1.78,0.01,1.43,1.39,0.09,4.37,1.46,0.35,0.02,0.6,0.43,1698.33
57.9,0.52,7.36,18.33,0.68,0,0.36,3.61,0.59,4.76,3.47,0.19,0.01,1.56,0.67,1344.72
61.39,1.04,13.1,13.28,1.58,0.01,0.41,0.19,0.14,4.57,1.11,0.66,0.03,1.94,0.55,1568.52
59.2,0.59,7.56,18.34,0.02,0,0.99,1.65,0.41,4.99,3.88,0.88,0.02,0.72,0.77,1313.2
59.14,1.08,17.41,9.42,0.45,0.03,1.98,1.46,0.62,3.47,1.07,0.59,0.02,2.56,0.71,1758.16
84.46,0.99,3.59,0.69,1.7,0.02,0.36,0.46,0.52,0.75,2.83,0.73,0.03,2.71,0.16,1180.41
62.38,1.05,16.78,8,0.61,0.01,1.72,3.41,0.88,0.59,2.38,0.68,0.04,1.15,0.31,1656.59
72.8,1.1,0.86,9.59,0.92,0.01,0.79,3.61,0.37,1.55,3.91,0.99,0.04,2.54,0.94,1553.5
57.37,0.84,16.2,13.66,1.52,0.01,1.83,2.24,0.16,4,1.78,0.18,0.01,0.1,0.09,1591.36
62.01,0.72,15.59,8.97,1.25,0.04,0.71,3.27,0.35,3.21,1.09,0.98,0,1.52,0.29,1368.99
77.01,0.37,4.5,3.65,1.57,0.01,1.55,2.43,0.07,0.83,4.46,0.6,0.01,2.11,0.82,954.46
73.86,0.4,10.02,5.87,0.16,0.02,1.5,2.29,0.41,1.83,2.29,0.32,0.03,0.19,0.81,994.35
61.5,0.55,13.92,16.52,0.41,0.03,0.38,0.62,0.93,0.82,1.14,0.13,0.02,2.76,0.26,1121.67
70.63,0.65,7.41,6.72,1.14,0.03,0.72,4.25,0.05,0.43,4.95,0.75,0.04,1.81,0.42,1167.24
58.5,0.91,9.73,19.13,1.27,0.01,0.96,0.29,0.75,2.51,1.85,0.97,0.05,2.86,0.22,1491.11
59.59,0.88,17.02,11.42,0.43,0.04,1.76,3.52,0.29,0.95,3.12,0.48,0.03,0.34,0.14,1473.05
62.83,0.75,6.62,13.68,1.54,0.01,1.84,3.94,0.63,4.54,1.33,0.42,0,1.37,0.51,1462.78
87.75,0.74,1.15,0.65,0.84,0.01,1.52,3.34,0.33,0.23,0.91,0.69,0.05,0.98,0.8,1063.71
69.16,1.16,9.69,4.7,1.95,0.01,1.76,0.87,0.67,2.06,4.86,0.18,0.02,1.92,0.98,1664.12
73.53,0.37,7.14,9.24,0.51,0.04,0.18,3.52,0.53,1.21,2.46,0.83,0.02,0.37,0.04,906.32
65.1,1.12,11.11,8.73,1.13,0.02,1.81,2.29,0.1,2.99,3.11,0.77,0.05,1.33,0.35,1666.98
56.55,0.59,16.2,19.6,1.94,0.01,0.99,1.3,0.37,0.16,0.8,0.4,0.02,0.84,0.23,1251.35
61.29,0.85,6.64,16.04,0.33,0.01,1.36,4.57,0.14,0.37,4.67,0.12,0.01,2.79,0.8,1510.16
58.66,0.42,17.18,11.36,0.14,0.04,1.07,2.86,0.99,0.76,3.28,0.46,0.01,2.08,0.67,1133.58
72.97,0.64,6.47,5.55,1.1,0.03,1.18,4.77,0.3,1.86,3.34,0.6,0,0.94,0.25,1240.55
67.76,1.01,15.59,5.68,0.2,0.01,0.35,1.19,0.23,2.4,1.6,0.56,0.02,2.44,0.95,1501.04
76.69,0.3,1.83,6.9,1.29,0.03,0.49,3.84,0.13,1.14,3.38,0.2,0.03,2.93,0.83,839.75
69.46,0.2,9.37,8.45,1.98,0.05,0.25,4.54,0.19,1.6,1.77,0.29,0.04,0.99,0.82,947.02
68.64,0.65,14.16,3.06,1.28,0.04,1.52,4.82,0.06,1.73,2.38,0.31,0.02,0.53,0.81,1285.98
83.91,1.09,1.48,3.1,0.46,0.03,1.58,0.36,0.64,0.75,4.86,0.9,0.05,0.32,0.49,1302.27
57.8,0.29,13.87,12.88,1.14,0.04,1,1.35,0.62,4.79,3.01,0.63,0.05,1.55,1,1071.47
78.03,0.2,9.67,4.26,0.91,0.01,0.45,1.05,0.32,0.67,4.05,0.22,0.02,0.05,0.1,686.37
73.7,0.18,1.94,12.11,1.66,0.05,0.58,1.61,0.1,3.87,1.38,0.48,0.05,2.26,0.05,762.53
62.87,0.02,14.17,11.05,1.44,0.01,1.74,3.87,0.89,1.71,1.38,0.15,0.05,0.53,0.12,888.97
64.02,1.07,14.6,11.26,1.99,0,1.73,2.14,0.46,0.64,0.17,0.32,0.01,1.45,0.15,1599.76
52.02,0.17,15.79,18.43,1.93,0.03,1.54,4.18,0.66,1.65,0.78,0.24,0.04,2.09,0.46,1113.17
68.67,0.53,5.65,12.14,1.93,0.05,0.06,2.4,0.33,2.55,3.03,0.2,0.04,1.43,0.99,1177.86
67.1,0.04,3.41,13.79,1.39,0.03,1.94,2.08,0.42,4.55,2.69,0.35,0.04,1.86,0.31,744.87
64.19,0.1,16.97,3.66,0.39,0.03,1.45,3.68,0.38,4.37,2.72,0.44,0.04,0.73,0.86,905.38
65.75,0.65,16.2,4.03,1.87,0.03,1.24,2.11,0.96,2.22,2.49,0.78,0.01,0.87,0.78,1340.86
70.27,0.75,9.7,4.58,1.57,0.04,0.97,1.95,0.25,3.77,3.2,0.21,0.04,2.65,0.06,1274.37
53.07,0.93,15.35,19.83,0.48,0.02,1.93,0.47,0.52,2.53,3.03,0.33,0.05,0.81,0.65,1539.45
59.39,0.23,17.22,11.23,1.21,0.04,0.16,3.57,0.17,3.7,0.71,0.83,0.03,1.16,0.36,1059.84
65.25,0.19,16.27,2.37,0.94,0.01,1.99,2.93,0.15,3.34,4.96,0.61,0.02,0.88,0.09,965.45
60.14,0.91,15.8,15.87,0.25,0.04,1.16,2.35,0.57,0.04,0.34,0.53,0.01,1.64,0.35,1449.1
46.27,1.09,17.09,19.6,1.8,0.05,1.41,4.8,0.64,4.05,0.66,0.68,0.05,1.62,0.19,1994.08
71.48,0.93,9.43,4.35,1.85,0.04,0.54,4.06,0.35,1.56,4.32,0.87,0.02,0.03,0.19,1449.95
61.36,1.09,16.18,9.07,0.61,0.02,1.79,1.62,0.51,3.66,1.05,0.25,0.02,1.96,0.82,1684.3
78.23,0.54,2.3,1.77,1.18,0.05,1.68,3.87,0.73,4.49,3.76,0.63,0.02,0.3,0.46,1120.24
70.87,1.11,10.5,3.69,1.3,0.02,1.86,0.8,0.71,3.41,4.92,0.56,0.04,0.07,0.12,1594.92
70.45,0.54,3.65,11.78,1.13,0.03,0.18,4.64,0.59,1.32,3.44,0.32,0.03,1.02,0.88,1119.48
81.08,1.19,2.9,0.47,0.44,0.03,0.35,4.06,0.41,3.05,2.28,0.9,0,2.19,0.65,1529.92
60.52,0.03,12.41,16.59,0.17,0.02,0.33,3.05,0.79,3.33,1.59,0.14,0.04,0.97,0.02,907.22
63.57,0.69,4.44,16.82,0.29,0.02,0.51,3.45,0.55,3.95,2.29,0,0.01,3,0.41,1369.25
72.46,0.03,11.87,5.77,0.56,0.01,1.65,1.86,0.07,0.48,0.74,0.9,0.02,2.75,0.82,670.95
82.66,1.01,5.16,5.43,1.12,0.02,1.02,0.27,0.97,0.29,0.89,0.68,0.01,0.32,0.15,1272.1
62.61,0.53,8.53,12.32,0.46,0.01,1.76,3.17,0.06,4.81,3.47,0.15,0.05,1.1,0.98,1215.68
71.9,0.13,2.88,13.15,0.04,0,1.58,0.84,0.92,2.13,4.37,0.42,0.03,0.95,0.66,709.36
75.14,0.11,1.04,6.12,1.47,0.01,0.6,4.53,0.64,4.6,4.56,0.06,0.05,0.15,0.93,816.07
64.06,0.66,9.6,14.27,1.76,0.03,0.85,0.56,0.79,0.64,3.63,0.53,0.02,1.84,0.77,1233.99
50.41,1.14,17.3,16.27,1.76,0.03,0.08,2.88,0.75,4.71,2.85,0.79,0.04,0.84,0.15,1894.55
76.86,0.9,4.21,4.89,1.29,0.04,1.16,4.42,0.21,1.26,3.18,0.83,0.03,0.03,0.68,1339.73
79.06,0.07,9.32,0.84,0.83,0,0.45,1.94,0.11,0.57,4.14,0.04,0.03,2.44,0.13,617.66
74.4,0.24,11.55,6.31,0.95,0.04,0.28,3.1,0.94,0.29,0.3,0.55,0.05,0.66,0.33,828.37
69.19,0.06,7,11.11,1.95,0.04,1.64,1.14,0.09,3.02,2.61,0.52,0.01,1.48,0.15,691.7
68.21,0.51,1.12,17.14,0.03,0.05,1.73,3.76,0.98,0.27,3.21,0.85,0.01,1.75,0.39,1119.96
62.23,0.65,1.68,18.74,0.37,0.04,1.94,4.39,0.68,3.72,3.5,0.46,0.01,0.86,0.73,1358.22
66.42,0.75,10.53,13.05,1.55,0.04,0.21,1.82,0.26,2.69,0.31,0.76,0.01,0.81,0.78,1340.72
62.58,1.11,11.12,14.25,1.58,0.01,1.16,1.55,0.25,0.96,2.93,0.79,0.04,1.29,0.37,1592.52
71.33,0.83,14.05,5.07,0.59,0.03,0.89,3.53,0.5,0.56,0.83,0.9,0.01,0.15,0.73,1403.92
65.09,0.61,17.45,2.4,1.02,0.03,0.04,2.06,0.78,2.36,4.38,0.64,0.04,2.41,0.69,1318.85
62.51,0.9,12.52,11.01,1.13,0.01,1.65,1.56,0.54,1.25,3.48,0.98,0.04,1.86,0.57,1431.25
60.21,0.42,7.32,18.89,0.85,0.03,1.84,2.59,0.25,1.91,1.88,0.71,0.01,2.19,0.89,1134.3
73.67,0.41,2.44,12.77,0.72,0.03,1.27,2.04,0.92,2,1.54,0.89,0.01,0.37,0.94,972.1
70.32,0.65,0.84,12.4,0.91,0.03,0.57,4.53,0.27,3.19,4.73,0.4,0.01,0.21,0.96,1249.34
58.97,0.92,16.54,13.98,0.68,0.01,1.86,2.45,0.4,2.89,0.53,0.31,0.03,0.3,0.14,1656.42
68.87,0.23,0.6,19.17,0.05,0,0.65,1.11,0.57,4.47,2.41,0.77,0.05,0.57,0.49,858.68
69.9,0.77,5.97,14.8,1.41,0.02,0.18,0.06,0.37,0.41,3.91,0.33,0.03,1.04,0.8,1171.74
62.47,0.45,7.64,19.21,1.13,0.03,1.56,2.84,0.6,1.23,0.29,0.72,0.04,1.24,0.55,1124.36
79,0.38,8.1,4.18,1.52,0.02,1.09,0.19,0.62,1.01,1.92,0.41,0.02,0.68,0.85,904.85
65.39,0.74,10.93,11.19,1.65,0.04,0.83,3.18,0.1,0.45,2.4,0.9,0.03,2.01,0.16,1254.79
57.97,0.55,7.21,15.66,0.28,0.03,1.82,4.46,0.85,1.87,4.71,0.81,0.04,2.8,0.94,1308.12
69.49,0.83,10.14,6.55,1.37,0,0.09,1.77,0.19,3.59,4.74,0.66,0.03,0.02,0.51,1360.83
70.41,0.98,11.77,4.56,1.7,0.05,0.56,1.04,0.34,0.32,4.37,0.93,0.03,2.29,0.67,1440.57
70.93,1.01,14.58,1.62,0.93,0.02,1.5,2.51,0.35,3.53,2.37,0.26,0.04,0.34,0.02,1479.07
78.52,0.18,2.95,10.76,1.25,0.02,0.41,0.66,0.49,2.83,1.52,0.22,0,0.08,0.11,662.25
69.77,0.04,9.15,10.72,0.86,0.01,1.51,3.45,0.39,1.9,0.78,0.75,0.03,0.26,0.38,804.01
70.09,1.09,8.14,6.5,1.29,0.01,1.05,3.35,0.85,3.46,1.92,0.77,0.04,1.43,0,1597.79
65.37,0.46,14.39,7.78,0.1,0.03,1.34,4.07,0.4,0.43,2.77,0.12,0,2.34,0.4,1121.03
67.68,0.63,11.93,8.02,0.1,0.01,0.39,4.89,0.74,2.26,0.32,0.12,0.04,2.84,0.03,1283.68
74.68,0.26,1.84,15.43,0.94,0.04,0.45,3.39,0.12,0.45,0.67,0.81,0.03,0.5,0.38,804.91
64.71,0.92,5.14,18.43,1.83,0.03,1.26,3.27,0.26,1.83,0.68,0.92,0.04,0.14,0.55,1511.88
67.62,0.42,11.59,3.31,1.12,0.01,0.33,3.1,0.64,4.92,3.35,0.52,0.05,2.48,0.55,1128.5
57.04,0.62,16.96,12.34,1.43,0,1.44,1.32,0.12,4.25,3.46,0.41,0.02,0.59,0.01,1326.77
70.5,0.51,15.01,2.3,0.18,0.05,1.49,0.27,0.08,3.42,1.85,0.72,0.02,2.9,0.69,1047.3
71.1,0.07,5.95,11.27,0.28,0,0.16,2.62,0.63,0.46,3.33,0.62,0.05,2.52,0.94,704.26
73.82,0.59,5.07,10.17,0.3,0.03,0.05,1.18,0.21,4.69,0.72,0.89,0.01,1.95,0.32,1097.92
62.79,0.39,17.97,4.52,0.41,0.03,1.48,4.91,0.7,2.81,2.05,0.6,0.03,0.65,0.67,1220.19
71.54,0.32,5.63,12.28,0.13,0,0.26,0.84,0.2,3.87,2.23,0.47,0.03,2.19,0,818.51
67.31,1.03,17.79,2.44,1.3,0,0.1,1.43,0.85,3.26,2.23,0.44,0.02,0.93,0.88,1602.09
58.42,0.56,16.84,14.47,0.29,0.02,0.58,4.93,0.42,0.34,2.06,0.32,0.03,0.68,0.04,1387.84
73,0.12,5.1,6.97,1.67,0.01,0.06,3.9,0.87,2.46,1.42,0.77,0,2.77,0.87,794.85
54.8,0.05,18,15.24,0.68,0,1.28,4.93,0.71,0.42,2.01,0.11,0.05,0.99,0.73,1013.58
70.17,0.11,2.31,13.59,1.69,0.01,0.84,3.1,0.8,3.14,0.48,0.54,0.04,2.6,0.59,864.95
64.19,0.18,17.51,7.08,0.7,0.01,0.58,2.89,0.43,0.97,4.05,0.06,0.04,0.82,0.5,921.58
57.29,0.46,10.27,15.92,1.98,0.02,1.11,2.33,1,4.04,1.99,0.48,0.01,2.27,0.85,1302.29
67.57,0.81,8.03,12.18,0.7,0.04,0.05,0.14,0.72,4.65,3.16,0.73,0.04,1.09,0.11,1324.64
64.9,1.12,16.89,8.84,0.43,0.04,1.42,0.04,0.11,4.92,0.19,0.28,0.03,0.55,0.23,1579.63
69.57,0.97,9,5.57,0.63,0,0.1,3.59,0.11,2.38,4.21,0.37,0.02,2.62,0.86,1478.12
60.6,1.06,10.29,19.05,1.64,0.02,1.26,0.61,0.55,1.32,1.42,0.13,0.02,1.44,0.6,1622.26
73.67,0.63,11.48,5.56,1.63,0.03,1.72,0.8,0.38,0.57,1.08,0.39,0.04,1.67,0.33,1068.19
76.54,0.9,0.35,7.4,1.2,0.03,1.22,1.06,0.34,4.66,4.87,0.31,0.03,0.72,0.37,1302.17
63.2,1.02,11.32,12.58,0.07,0.04,1.96,2.37,0.16,4.88,1.45,0.41,0,0.33,0.22,1657.54
65.32,0.66,10.04,12.12,1.17,0.02,1.6,4.67,0.27,0.65,2.13,0.03,0.04,0.72,0.55,1314.45
56.1,0.06,13.84,19.11,0.61,0.01,0.9,3.1,0.19,4.02,0.99,0.01,0.03,0.35,0.7,933.73
62.98,0.21,14.71,9.41,1.13,0.01,0.29,3.16,0.26,1.93,2.4,0.23,0.04,2.82,0.43,953.6
68.9,0.58,9.47,6.82,0.63,0.02,1.38,0.42,0.71,4.63,3.82,0.19,0,1.47,0.96,1189.41
67.87,0.98,10.13,2.86,1.43,0.04,1.87,3.06,0.51,3.1,4.72,0.63,0.01,1.91,0.88,1575.05
69.05,0.88,11.9,1.13,1.45,0.02,1.88,4.85,0.45,4.84,1.55,0.68,0,0.43,0.86,1675.22
71.49,1.07,9.59,6.8,0.9,0.04,0.42,1.47,0.79,4.68,0.46,0.8,0.03,0.69,0.76,1544.88
73.64,0.61,13.65,3.83,0.93,0.01,0.61,1.09,0.51,0.71,1.92,0.28,0.04,2.1,0.09,1096.86
59.78,1.14,13.4,12.32,0.96,0.01,1.92,0.04,0.69,2.54,4.51,0.38,0.03,2.23,0.05,1710.93
76.68,1.15,7.94,5.59,1.73,0.04,1.25,1.37,0.91,0.89,0.22,0.8,0.03,0.74,0.67,1526.85
70.08,0.92,15.2,5.64,0.05,0.03,1.71,1.04,0.42,1.28,0.07,0.9,0.01,2.3,0.35,1394.56
58.29,0.79,12.36,15.19,0.68,0.03,0.54,4.17,0.6,1.22,4.5,0.58,0.02,0.1,0.91,1505.51
69.07,1.14,10.13,8.85,0.72,0.01,1.15,0.64,0.92,0.88,3.73,0.31,0.01,1.67,0.77,1555.01
59.72,0.4,15.64,14.46,1.43,0.01,1.58,1.79,0.4,1.44,0.61,0.42,0,1.37,0.73,1179.65
75.08,1.15,1.42,5.63,0.99,0.01,0.23,2.26,0.58,4.1,4.99,0.77,0.01,2.24,0.54,1589.32
76.06,0.85,12.27,0.24,1.73,0.04,0.6,1.46,0.05,0.25,3.34,0.19,0.05,2.53,0.35,1218.55
73.51,0.46,5.89,1.85,0.06,0.02,1.89,4.59,0.81,3.14,4.28,0.52,0.01,2.05,0.92,1121.18
65.66,0.28,6.91,18.8,1.72,0.05,0.24,0.14,0.11,4.57,0.79,0.57,0.01,0.06,0.08,890.54
76.59,0.85,3.28,4.58,0.75,0.03,0.94,4.72,0.43,1,2.68,0.45,0.04,2.81,0.84,1283.1
63.2,1.1,6.95,15.4,1.98,0.03,0.96,3.5,0.19,2.44,1.56,0.16,0.03,1.73,0.76,1656.67
66.38,1.05,3.97,15.59,0.73,0.03,1.7,1.28,0.6,2.4,3.95,0.7,0.04,0.86,0.7,1492.65
78.18,0.46,5.97,0.19,0.34,0,1.7,4.3,0.85,4.09,1.11,0.49,0.05,2.28,0,1127.21
81.43,0.56,0.19,5.61,0.87,0.04,1.31,1.81,0.49,4.09,1.5,0.62,0.01,1.44,0.02,959.56
71.07,0.75,12.96,1.61,0.09,0.04,1.42,4.16,0.68,3.76,1.9,0.59,0.04,0.52,0.42,1340.89
66.52,0.89,9.59,13.63,0.59,0,0.06,4.71,0.94,1.06,0.74,0.02,0.01,1,0.24,1527.34
65.2,0.11,12.55,10.41,0.26,0.04,0.17,0.89,0.15,4.7,3.49,0.41,0.04,0.65,0.93,849.71
65.49,0.84,10.07,15.89,1.29,0.04,1.66,0.99,0.24,0.33,1.1,0.34,0,0.94,0.77,1344.12
53.93,1.18,15.97,17.8,0.26,0.02,1.99,0.75,0.57,1.72,1.94,0.89,0.03,2.28,0.67,1807.73
58.11,0.64,14.25,19.41,1.93,0.04,0.97,0.82,0.04,1.16,1.7,0.13,0.01,0.25,0.52,1290.09
56.91,0.41,12.1,17.65,0.17,0.05,1.29,0.27,0.31,4.43,2.98,0.29,0.05,2.36,0.74,1101.51
73.27,1.07,13.86,5.73,1.17,0.04,0.36,0.82,0.16,0.97,0.52,0.84,0.04,0.45,0.71,1394.98
65.97,0.28,4.51,14.61,0.64,0.01,0.04,4.54,0.75,2.36,4.71,0.29,0.03,0.92,0.31,1028.19
67.06,1.02,14.17,5.88,0.16,0.02,1.52,0.5,0.67,4.45,0.9,0.86,0,2,0.79,1528.75
77.27,1.11,0.36,11.1,0.75,0.02,1.07,2.67,0.2,3.4,0.1,0.02,0.02,1.63,0.27,1464.87
67.74,0.67,9.29,6.98,1.3,0.05,0.98,3.93,0.25,3.81,3.24,0.64,0.04,0.7,0.37,1305.4
75.51,1.01,7.31,7.14,1.32,0,0.59,1.83,0.52,2.38,1.04,0.54,0.05,0.08,0.68,1428.11
58.39,0.75,16.64,12.91,1.25,0.04,0.54,2.98,0.52,2.19,0.4,0.29,0.01,2.17,0.92,1499.68
76.63,0.19,2.91,5.91,0.43,0.05,0.73,3.81,0.81,1.93,3.41,0.11,0.02,2.9,0.17,788.28
60.77,0.47,14.23,13.31,1.26,0.04,0.06,3.86,0.88,0.08,2.79,0.35,0,1.25,0.64,1219.78
78.02,1.03,2.19,4.21,1.94,0.04,0.47,3.1,0.36,2.34,4.3,0.74,0.01,0.95,0.29,1435.89
56.22,0.94,8.82,19.01,1.63,0.01,1.57,2.53,0.25,1.82,4.86,0.48,0.04,1.43,0.37,1591.89
73.32,0.1,5.02,10.16,0.63,0.04,0.23,3.99,0.62,1.45,1.72,0.18,0.01,2.15,0.38,754.9
77.57,0.83,9.25,2.91,1,0.04,0.6,3.24,0.2,0.68,1.8,0.39,0.04,1.38,0.08,1214.81
67.57,0.4,14.44,3.09,1.83,0.02,0.92,4.65,0.76,0.37,2.89,0.31,0.03,2.23,0.5,1199
74.12,0.09,9.54,0.48,0.7,0.02,1.29,2.53,0.15,4.66,3.25,0.32,0.05,2.65,0.14,770.79
70.04,0.24,4.2,11.28,0.64,0.04,0.2,4.57,0.84,3.69,1.31,0.71,0.02,1.9,0.31,1007.91
77.49,1,0.73,13.83,1.66,0.03,0.38,1.42,0.51,1.65,0.02,0.04,0.04,0.25,0.93,1403.49
72.41,0.16,16.68,0.68,0.08,0,0.21,2.43,0.79,1.42,3.73,0.77,0.05,0.45,0.14,799.67
71.69,0.16,6.47,9.79,0.92,0.01,1.24,1.69,0.37,0.53,2.96,0.66,0.04,2.71,0.77,720.95
57.73,1.1,14.22,15.64,1.44,0.01,1.69,0.71,0.35,1.73,2.8,0.46,0.02,1.66,0.42,1646
62.75,0.31,11.95,15.81,0.96,0.03,1.07,0.29,0.42,0.05,3.31,0.51,0.01,1.63,0.9,931.5
63.48,0.49,17.18,7.32,0.19,0.01,1.42,1.91,0.2,4.07,2.44,0.57,0.01,0.58,0.13,1235.02
61.79,0.62,13.96,14.65,0.52,0.04,0.21,0.57,0.85,1.22,3.54,0.01,0,1.83,0.18,1216.49
55.75,0.4,14.44,16.38,1.23,0.01,0.92,3.51,0.07,1.66,4.11,0.41,0.03,0.29,0.78,1197.08
67.55,0.13,15.51,2.13,1.78,0.02,1.25,4.23,0.01,1.33,4.54,0.39,0.04,0.42,0.68,903.94
71.8,0.4,8.39,3.33,1.26,0.02,0.77,3.26,0.18,4.26,3.7,0.58,0.01,2.06,0.02,1026.15
80.53,0.97,5.47,2.34,0.33,0.05,1.55,1.19,0.96,0.7,3.67,0.66,0.04,1.15,0.4,1233.1
58.31,0.06,13.13,12.82,0.85,0.02,0.64,3.71,0.73,4.09,3.81,0.76,0.01,0.3,0.76,1040.68
51.64,0.13,17.68,17.5,1.07,0.02,1.05,3.67,0.76,0.37,4.02,0.64,0,0.94,0.51,1047.94
68.37,0.03,16.41,1.12,0.73,0.01,1.48,3.54,0.81,3.08,2.96,0.41,0.03,0.35,0.68,849.06
63.13,0.13,15.51,10.11,1.06,0.03,1.55,2.39,0.43,1.44,0.64,0.19,0,2.61,0.76,835.89
64.06,0.93,7.25,17.28,0.19,0.02,1.87,0.06,0.39,1.3,2.66,0.28,0.04,2.81,0.85,1394.54
50.33,0.48,17.82,14.7,0.71,0,1.33,3.64,0.12,2.75,4.94,0.33,0.02,2.71,0.12,1329.42
61.7,0.03,6.76,14.11,0.98,0.04,1.34,2.86,0.97,3.64,4.57,0.24,0.04,1.79,0.92,870.77
73.27,0.62,5.03,7.7,0.44,0.01,0.94,4.46,0.19,1.44,4.26,0.34,0.05,0.81,0.44,1154.2
61.69,0.82,17.86,8.19,0.23,0.04,0.95,4.93,0.55,0.15,2.46,0.72,0,1.24,0.16,1512.41
53.98,0.78,17.23,12.49,1.39,0.02,1.13,2.72,0.76,4.28,3.31,0.98,0.04,0.37,0.51,1627.13
70.57,0.5,2.23,17.69,1.86,0.03,0.04,4.08,0.48,0.38,0.95,0.15,0.03,0.9,0.13,1033.97
63.92,1.1,17.22,2.77,0.46,0.03,0.3,0.79,0.34,4.75,4.81,0.84,0.03,2.16,0.47,1710.25
83.81,0.88,1.74,4.5,1.93,0.02,0.54,2.11,0.29,0.46,1.04,0.64,0.01,1.94,0.1,1185.92
53.91,0.06,15.51,15.2,1.33,0,0.48,4.06,0.14,4.06,2.92,0.74,0.03,1.25,0.29,1043.25
72.58,0.06,6.84,7.01,1.12,0.01,1.87,2.74,0.92,4.08,0.96,0.13,0.04,1.61,0.02,797.73
70.66,1.12,8.51,6.02,1.03,0.04,0.22,1.79,0.32,4.2,3.89,0.4,0.03,1.18,0.57,1578.02
67.04,1.19,13.45,2.41,1.59,0.01,1.06,3.07,0.89,1.05,4.38,0.93,0,2.66,0.26,1728.06
62.06,0.11,17.25,7.84,1.25,0.03,0.43,3.35,0.05,1.02,4.72,0.95,0.02,0.51,0.42,859.16
64.85,0.18,15.88,9.8,0.33,0.04,1.69,0.12,0.58,1.22,2.67,0.28,0.02,1.81,0.54,830.84
68.84,0.48,1.94,19.39,0.35,0.03,0.17,3.44,0.09,1.15,3.23,0.28,0.03,0.37,0.2,1010.48
83.79,0.03,1.72,5.63,0.19,0.04,0.13,4.3,0.82,0.5,0.13,0.05,0.03,2.01,0.62,559.03
65.61,0.65,3.14,16.82,0.66,0.05,0.77,1.32,0.89,2.84,3.61,0.41,0.04,2.75,0.44,1222.92
57.1,1.15,11.2,19.08,0.69,0.05,0.23,1.79,0.49,3.27,1.47,0.92,0.05,2.4,0.11,1662.59
63.73,0.1,8.97,15.31,0.25,0.03,1.06,3.63,0.44,3.47,0.8,0.21,0.05,0.99,0.99,904.65
48.12,0.4,17.93,19.8,0.47,0.01,1.5,4.45,0.66,4.32,0.32,0.64,0.04,0.57,0.78,1383.99
64.73,1.13,16.16,4.9,0.65,0.02,0.32,4.77,0.16,3.81,1.71,0.57,0,0.62,0.44,1801.95
73.2,0.05,2.74,14.6,1.63,0.01,0.46,0.44,0.15,0.04,2.95,0.9,0.01,2.25,0.57,594.18
56.94,1.13,14.37,17.05,1.28,0.04,0.7,1.05,0.91,3.67,0.45,0.87,0.02,0.89,0.62,1801.23
49.28,0.31,17.28,19,0.01,0.02,0.09,4.25,0.89,2.59,4.2,0.7,0.02,1.09,0.27,1323.22
69.72,0.32,10.12,3.34,0.35,0,1.23,4.97,0.89,3.53,3.93,0.42,0.01,1.11,0.08,1046.57
78.81,0.92,3.42,4.56,1.91,0.01,1,0.31,0.09,3.17,3.15,0.19,0.04,2.11,0.3,1269.83
59.45,0.31,13.58,14.67,0.3,0.02,0.43,1.47,0.29,4.88,3.75,0.78,0.01,0,0.06,1010.86
68.53,0.24,0.89,17.52,1.2,0.01,1.53,3.78,0.29,0.94,4.07,0.33,0.04,0.13,0.5,899.46
52.32,0.22,12.1,19.94,0.83,0.01,0.64,4.46,0.77,1.16,4.77,0.62,0.01,1.72,0.45,1118.16
53.08,1.05,14.62,13.49,0.52,0.05,1.1,4.54,0.22,4.92,4.08,0.95,0.01,1.29,0.1,1835.7
57.49,0.17,5.11,19.03,1.33,0.02,1.91,3.7,0.91,4.64,3.75,0.24,0.05,0.98,0.67,1061.17
73.53,0.73,6.75,4.89,0.02,0.04,0.27,4.39,0.6,3.11,4.14,0.51,0.02,0.42,0.57,1305.84
65.07,0.67,5.29,12,0.88,0.04,1.12,4.67,0.52,4.44,2.6,0.56,0.02,1.2,0.93,1374.59
66.29,1,10.38,5.69,0.86,0.03,1.18,4.11,0.39,3.38,4.17,0.84,0.01,1.05,0.59,1602.63
53.32,1.06,14.23,11.68,1.97,0.02,1.68,4.09,0.91,4.94,2.48,0.2,0.02,2.56,0.84,1887.59
74.84,0.62,8.53,1.72,1.59,0.01,1.29,0.51,0.86,3.7,1.94,0.63,0.01,2.96,0.8,1158.15
83.08,0.95,2.76,0.35,1.17,0.01,1.56,2.08,0.34,0.37,4.98,0.96,0.01,1,0.39,1266.05
50.35,0.87,17.21,17.49,1.51,0.03,1.73,3.42,0.19,3.24,2.58,0.98,0.03,0.12,0.26,1657.45
50.41,1.1,17.32,14.57,0.11,0,0.96,5,0.87,4.67,3.12,0.86,0.02,0.08,0.92,1997.46
84.19,0.79,2.85,3.92,0.66,0.04,0.08,2.04,0.67,0.86,0.6,0.39,0.01,1.95,0.97,1103.18
64.55,0.02,16.24,8.66,1.33,0.04,1.15,0.49,0.14,3.95,1.15,0.57,0.02,0.91,0.79,800.96
69.34,0.45,4.08,10.32,1.63,0.03,1.94,0.08,1,3.46,4.16,0.33,0.03,2.39,0.76,1088.78
68.95,0.41,5.84,13.26,1.87,0.02,0.71,4.47,0.68,1.94,0.29,0.72,0.02,0.21,0.61,1071.18
70.4,0.58,12.91,5.53,0.16,0.02,0.11,3.49,0.96,3.29,1.38,0.18,0.01,0.66,0.31,1197.64
57.45,0.13,16.12,17.7,1.23,0,1.61,0.31,0.11,1.63,2.16,0.35,0.01,0.34,0.86,877.21
69.42,0.59,0.66,12.01,0.5,0.03,1.23,4.05,0.23,2.32,4.81,0.73,0.05,2.78,0.61,1135.86
60.36,0.32,13.62,13.96,1.18,0.03,1.23,2.6,0.42,0.22,4.33,0.87,0.03,0.8,0.03,985.13
55.71,0.33,12.59,19.18,0.41,0.02,1.98,4.66,0.35,1.6,1.21,0.16,0.02,1.02,0.74,1168.79
72.16,0.29,13.25,5.76,1.19,0.03,1.34,0.88,0.28,1.23,2.88,0.08,0.03,0.26,0.34,833.25
56.61,0.34,11.09,14.81,0.51,0.01,1.28,4.83,0.21,3.27,4.53,0.46,0.02,2,0.03,1234.11
76.25,0.44,4.64,4.49,0.36,0.04,1.91,1.92,0.05,3.59,2.69,0.72,0.03,2.72,0.14,913.85
53.26,0.59,16.66,18.14,1.74,0.01,1.46,1.92,0.93,1.07,0.71,0.84,0.04,2.46,0.16,1333.54
64.72,1.06,12.2,13.03,1.17,0.04,0.83,0.66,0.54,3.74,0.77,0.22,0.03,0.81,0.17,1545.3
60.94,0.58,6.5,18.25,1.32,0.02,0.72,2.51,0.03,4.63,1.12,0.7,0.04,2.48,0.17,1192.04
70.45,0.65,1.51,16.1,0.97,0.01,1.44,1.66,0.11,2.31,1.18,0.95,0.02,1.72,0.95,1115.4
49.71,0.2,16.89,16.01,0.44,0.02,1.83,2.69,0.56,3.24,3.81,0.94,0.04,2.8,0.82,1107.08
70.8,0.07,2.12,17.7,0.06,0.04,1.7,2.08,0.35,0.97,0.24,0.75,0,2.83,0.3,589.1
61.16,0.05,11.8,18.86,0.02,0.01,1.41,4.36,0.19,0.35,0.04,0.22,0,1.08,0.44,866.37
78.14,0.58,2.56,9.28,0.02,0.01,0.74,0.59,0.81,1.01,3.77,0.47,0.02,1.94,0.04,949.29
69.49,0.51,7.74,13.54,0,0.05,0.35,1.24,0.91,0.03,4.96,0.04,0.01,0.72,0.44,1002.28
86.27,0.63,1.88,1.47,0.06,0.01,1.84,1.95,0.76,0.95,0.32,0.55,0.04,2.7,0.55,948.66
64.49,0.8,5.05,16.88,1.21,0.04,1.13,3.86,0.29,2.52,0.1,0.61,0.03,2.27,0.73,1405.23
66.41,0.76,1.02,18.06,0.04,0.04,0.96,4.09,0.47,3.23,1.82,0.74,0.01,2.16,0.19,1304.79
60.09,0.34,14.61,16.27,1.38,0.05,0.31,1.35,0.29,1.53,1.64,0.7,0.01,0.86,0.57,1071.07
79.38,0.24,6.57,1.16,1.91,0.02,1.7,2.65,0.23,0.97,3.47,0.96,0.01,0.35,0.39,819.94
69.01,0.57,1.12,18.41,0.75,0.03,1.33,0.28,0,0.44,4.78,0.79,0.01,1.84,0.61,990.29
67.86,0.01,7.72,14.24,0.37,0.04,1.32,0.03,0.85,0.1,4.44,0.33,0.03,2.36,0.28,606.3
64.41,0.7,5.26,19.85,1.47,0.01,1.28,2.18,0.86,1.64,0.94,0.05,0.05,1.08,0.22,1226.47
79.07,0.6,5.25,4.66,1.23,0,1.02,1.94,0.53,1.6,2.85,0.08,0.02,0.71,0.44,1107.11
79.83,0.76,7.44,3.63,1.16,0.05,0.37,0.35,0.26,2.06,1.53,0.83,0.02,0.74,0.95,1082.93
82.76,0.16,2.21,4.91,0.15,0.04,0.63,3.65,0.76,1.19,2.59,0.52,0.04,0.08,0.32,652.51
67.83,0.17,10.37,6.12,0.93,0.04,1.04,2.58,0.28,3.96,3.7,0.23,0.02,2.37,0.36,899.56
82.92,0.49,6.56,3.23,0.68,0.04,0.98,2.29,0.16,0.89,0.21,0.01,0.02,1.23,0.28,864.18
79.02,0.3,10.23,0.08,0.03,0.01,0.45,2.64,0.69,1.56,1.2,0.82,0.01,2.03,0.93,891.88
69.29,0.29,1.57,19.6,0.54,0.01,0.97,1.16,0.99,0.21,2.26,0.55,0.02,1.56,0.99,853.44
74.87,0.67,0.01,8.19,0.33,0.04,0.44,3.74,0.31,4.63,2.23,0.84,0.03,2.93,0.74,1218.11
77.39,0.88,4.77,10.1,0.58,0,1.42,1.18,0.4,1.42,1,0.07,0.02,0.25,0.54,1247.64
59.12,1.09,10.56,12.2,1.79,0.05,1.66,3.87,0.88,4.38,1.84,0.97,0.04,1.11,0.44,1775.27
67.09,0.83,6.5,16.53,0.3,0.05,0.6,0.76,0.86,1.2,4.22,0.3,0.05,0.66,0.07,1270.15
76,0.1,5.94,7.03,1.2,0.05,0.34,1.65,0.59,0.86,3.55,0.4,0.05,1.89,0.36,603.64
59.53,0.87,15.1,16.01,0.53,0.02,0.9,1.94,0.31,3.76,0.06,0.29,0.01,0.39,0.28,1462.24
83.04,1,1.21,1.86,0.69,0.02,1.6,4.63,0.53,2.48,1.07,0.45,0.05,1.18,0.21,1383.53
64.81,0.41,9.26,11.97,0.86,0.04,1.17,3.33,0.86,4.33,1.02,0.62,0.04,0.44,0.84,1187.98
70.55,0.2,13.35,2.96,0.76,0.01,0.54,4.92,0.11,2.03,3.38,0.09,0.01,0.43,0.64,934.01
54.39,1.09,14.87,19.66,1.16,0.05,0.61,2.11,0.4,0.24,4.15,0.02,0.04,1.22,0.01,1634
62.41,1.16,11.9,10.87,0.25,0.02,0.07,3.81,0.16,2.97,3.5,0.37,0.03,2.29,0.18,1675.48
71.47,0.73,13.21,7.14,0.32,0.01,1.87,1.79,0.11,0.41,0.9,0.13,0.02,1.04,0.84,1226.23
71.33,1.07,8.11,12.84,0.33,0,0.32,1.26,0.75,0.87,0.65,0.93,0.03,1.42,0.09,1483.12
71.17,1.02,1.95,12.22,1.34,0.02,1.82,0.25,0.82,2.77,3.06,0.99,0.03,2.39,0.15,1440.91
66.35,1.16,16.84,4.28,0.93,0.05,1.28,2.32,0.11,1.76,3.33,0.78,0.02,0.17,0.63,1685.49
56.17,1.11,8.94,18.57,0.71,0.04,1.57,4.81,0.79,1.61,4.5,0.67,0.01,0.14,0.37,1800.42
76.12,0.64,0.07,8.71,0.32,0.02,1.98,4.4,0.31,2.97,2.51,0.13,0.05,1.28,0.51,1197.46
73.7,0.78,3.45,4.44,0.39,0.02,0.4,4.63,0.71,4.49,4.24,0.7,0.01,1.85,0.19,1366.77
77.22,0.75,2.82,7.05,0.13,0.04,1.97,3.7,0.84,2.38,0.48,0.73,0.01,1.16,0.7,1230.14
56.08,1.09,8.75,19.23,1.04,0.01,1.04,4.3,0.54,3.74,2.74,0.55,0.01,0.6,0.28,1836.45
73.53,1,2.94,11.06,0.83,0.03,1.3,1.4,0.92,4.68,0.53,0.7,0,0.14,0.96,1485.19
65.37,0.84,5.84,13.4,1.69,0.04,0.04,4.09,0.85,2.98,2.4,0.11,0.01,1.47,0.87,1490.83
65.24,0.94,13.78,11.58,0.44,0.02,0.33,0.04,0.08,3.8,0.17,0.4,0.05,2.39,0.75,1490.56
63.84,0.34,11.55,9.97,1.25,0.02,1.06,4.94,0.33,1.08,2.24,0.52,0,2.42,0.42,1150.82
63.03,0.93,17.75,3.47,0.69,0.01,1.76,2.74,0.85,4.93,2.75,0.12,0.02,0.11,0.85,1637.18
73.18,0.03,10.66,2.12,0.02,0.01,1.1,0.38,0.61,3.36,4.85,0.9,0.03,2.38,0.36,601.55
69.39,0.41,13.1,5.93,0.76,0.02,1.74,0.85,0.38,4.44,0.08,0.95,0.04,1.25,0.65,1096
71.72,1.19,9.99,1.94,1.71,0.01,0.51,4.37,0.26,3.73,2.24,0.76,0.01,1.26,0.32,1695.18
58.91,0.39,17.2,10.66,0.92,0.03,1.99,3.27,0.7,1.57,2.36,0.18,0.03,1.03,0.75,1173.78
72.83,0.26,7.26,9.42,0.33,0,0.63,2.72,0.65,2.13,2.5,0.54,0.03,0.27,0.41,890.12
71.37,0.91,10.43,4.44,0.42,0,0.85,2.16,0.24,3.82,1.93,0.67,0.03,1.81,0.91,1399.27
75.66,0.03,1.22,14.44,0.71,0.05,0.43,0.92,0.59,1.4,1.7,0.92,0,1.59,0.33,514.95
70.08,0.17,0.62,19.75,1.32,0.04,0.13,0.07,0.6,3.62,1.97,0.39,0.02,0.46,0.75,739.65
71.89,0.27,5.84,13.43,0,0.04,1.8,0.26,0.59,2.04,0.39,0.68,0.03,1.93,0.81,839.26
67.04,0.89,3.04,19.14,0.68,0.04,1.51,2.52,0.13,1.38,1.17,0.52,0.01,1.64,0.29,1332.98
63.69,0.01,6.54,12.14,1.55,0,0.52,4.93,0.26,3.89,2.55,0.12,0.03,2.9,0.89,890.57
77.08,0.39,6.43,6.92,1.84,0.01,0.76,2.16,0.41,0.02,1.35,0.5,0.04,1.71,0.38,937.66
70.88,0.8,11.99,4.96,0.21,0.04,1.06,0.88,0.26,3.83,3.27,0.95,0.02,0.16,0.7,1282.37
65.17,0.24,5.56,16.59,1.15,0.01,1.17,3.17,0.88,4.3,0.31,0.87,0,0.46,0.11,983.96
56.41,0.23,14.46,13.72,1.37,0.05,0.78,0.02,0.64,4.34,4.88,0.36,0.04,2.55,0.14,960.16
53.48,0.54,15.83,15.79,1.14,0.04,0.31,0.97,0.21,3.88,4.45,0.56,0.05,2.18,0.56,1297.93
64.99,0.74,15.29,1.8,0.34,0.01,1.79,4.72,0.36,4.62,2.73,0.47,0.04,1.64,0.45,1453.43
70.85,0.89,11.2,9.15,1.42,0.05,0.49,2.79,0.84,0.08,1.02,0.52,0.03,0.26,0.41,1384.22
60.98,0.63,7.61,14.01,1.54,0.02,0.85,3.53,0.56,4.35,2.41,0.57,0.01,2.51,0.42,1355.54
80.3,0.01,7.21,2.95,0.8,0.02,0.41,0.62,0.73,3.77,1.32,0.5,0.02,1.07,0.28,627.43
56.97,0.23,15.71,16.67,0.83,0.04,1,0.43,0.82,1.1,3.53,0.53,0.03,1.41,0.7,988.29
65.21,1,8.22,9.19,1.07,0.01,1.47,4.15,0.91,2.59,2.07,0.83,0.04,2.6,0.66,1636.13
79.5,1.06,1.6,13.59,0.18,0.04,1.26,0.08,0.6,0.73,0.71,0.15,0.02,0.35,0.13,1311.16
64.8,0.73,17.45,2.39,1.73,0.02,0.77,1.74,0.12,2.39,3.94,0.88,0.05,2.36,0.62,1295.17
54.51,0.6,15.75,14.79,0.32,0.03,0.86,2.98,0.9,3.26,4.69,0.87,0.01,0.03,0.38,1402.1
63.26,0.83,8.57,14.92,0.33,0.01,0.49,2.74,0.29,4.06,1.73,0.66,0.05,1.82,0.24,1448.05
82.86,1,0.23,5.13,0.77,0.01,1.21,2.79,0.41,1.47,2.17,0.29,0.01,1.05,0.6,1289.18
67.92,1.14,4.72,14.24,0.16,0.03,0.92,2.85,0.18,2.17,3.83,0.77,0.01,1.06,0,1594.29
73.81,0.12,2.28,5.87,1.52,0.03,1.59,3.77,0.59,2.5,4.66,0.57,0.02,2.61,0.07,745.2
57.83,0.99,14.27,10.07,1.32,0.04,0.97,4.53,0.44,4.46,2.91,0.43,0,0.89,0.87,1768.72
67.07,0.52,7.59,9.79,0.57,0.02,0.75,4.55,0.56,4.17,3.43,0.21,0.04,0.26,0.45,1235.14
56.33,0.37,13.01,18.74,1.42,0.02,1.2,4.44,0.27,0.59,0.65,0.49,0.04,1.97,0.45,1123.72
66.12,0.88,11.41,12.56,0.4,0.02,0.69,4.04,0.78,1.26,0.28,0.77,0.02,0.66,0.12,1469.68
59.46,0.41,12.54,19.53,0.41,0.01,0.67,2.33,0.7,1.76,0.52,0.73,0.04,0.74,0.14,1118.91
73.16,0.64,3.75,7.48,1.55,0.01,1.61,3.37,0.22,2.63,3.07,0.2,0.01,1.59,0.69,1187.39
58.3,1.11,12.51,12.42,1.29,0.02,1.97,0.66,0.74,2.1,4.41,0.72,0.03,2.81,0.91,1698.95
70.81,0.07,3.47,13.52,1.84,0.02,0.08,3.22,0.19,2.76,1.92,0.56,0.05,1.46,0.03,668.63
68.1,0.94,8.46,14.83,1.82,0.02,1.98,0.75,0.64,0.17,1.07,0.63,0,0.31,0.29,1428.32
77.19,0.7,0.29,9.65,1.25,0.02,0.14,3.05,0.61,2.53,3.47,0.21,0.03,0.48,0.39,1174.99
62.88,1.13,17.97,2.03,1.21,0.02,1.07,1.54,0.05,3.54,4.83,0.53,0.02,2.81,0.36,1693.47
61.81,1.1,15.4,10.57,1.35,0.04,1.28,0.8,0.69,0.02,3.55,0.55,0.01,2.41,0.41,1589.97
77,0.49,3.01,5.52,0.5,0,0.92,2.61,0.57,2.31,4.35,0.04,0.03,2.6,0.04,982.26
73.31,0.6,10.6,3.82,0.51,0.04,1.13,1.58,0.76,3.73,1.73,0.49,0.03,1.03,0.63,1135.24
52.01,0.38,16.85,16.67,1.13,0.03,0.11,3.25,0.33,3.06,4.2,0.05,0.03,1.69,0.21,1204.76
61.4,0.78,9.99,15.35,0.22,0.02,2,3.45,0.68,1.59,0.47,0.95,0.01,2.98,0.13,1409.32
54.25,0.62,14.23,19.42,0.72,0,1.23,3.55,0.4,0.92,1.53,0.66,0.02,2.23,0.22,1349.41
73.47,1.01,2.81,6.6,1.18,0.04,0.53,4.74,0.71,1.09,3.63,0.7,0.04,2.75,0.71,1521.3
67.74,0.84,10.34,7.08,1.84,0.03,1.26,2.08,0.78,1.71,4.05,0.11,0.04,1.43,0.7,1391.17
71.45,0.64,2.42,9.54,1.93,0.04,0.6,4.72,0.78,1.82,3.02,0.43,0,2.42,0.19,1291.6
80.75,1.12,1.13,7.86,1.23,0.04,1.84,0,0.63,0.03,3.94,0.15,0.04,0.47,0.76,1330.67
68,0.35,10.03,12.17,0.41,0.01,0.22,0.03,0.24,2.58,3.57,0.79,0,0.82,0.77,898.63
78.71,0.48,4.86,1.01,1.53,0.01,1.89,4.44,0.72,1.63,1.4,0.48,0.02,2.7,0.12,1037.38
63.03,0.87,11,16.13,1.08,0.03,1.93,0.46,0.1,1.97,2.36,0.2,0,0.07,0.76,1455.96
60.9,0.44,12.66,9.77,1.22,0.02,0.16,4.74,0.84,1.56,4.79,0.3,0.02,2.27,0.31,1222.73
70.53,0.4,7.38,9.37,0.25,0,1.84,1.77,0.1,3.8,1.48,0.18,0.05,2.76,0.11,992.97
76.46,0.27,2.18,12.13,1.64,0.03,0.36,1.45,0.55,3.12,0.36,0.61,0.04,0.54,0.25,859.86
64.76,0.32,16.92,8.14,1.06,0.04,0.74,0.53,0.65,3.34,1.3,0.04,0.03,2.11,0.03,1002.66
60.38,0.22,9.38,13.94,0.46,0.04,1.74,4.07,0.26,4.02,2.07,0.27,0.01,2.73,0.43,1051.57
66.72,1.04,2.87,15.34,0.22,0,1.99,0.37,0.46,4.39,4.1,0.47,0.03,1.89,0.11,1469.6
77.71,0.46,4.93,5.03,0.71,0.02,0.97,0.87,0.79,4.3,1.24,0.12,0.04,2.77,0.04,921.42
68.07,0.03,3.3,13.7,1.93,0.04,1.15,3.5,0.23,3.44,1.61,0.22,0.01,2,0.77,764.33
78.27,0.06,3.91,5.73,0.81,0,1.45,3.56,0.35,2.82,0.5,0.42,0.04,1.98,0.1,669.85
65.56,1.02,12.25,9.06,1.38,0.01,1.1,3.09,0.93,0.33,1.87,0.94,0.01,2.44,0,1559.1
81.9,0.47,2.37,4.47,1.01,0.02,0.42,1.97,0.7,0.6,2.4,0.27,0.02,2.46,0.93,908.09
57.85,0.3,11.34,13.53,1.68,0.04,0.94,4.91,0.97,2.53,2.71,0.67,0.02,1.99,0.51,1163.23
65.3,0.71,9,11.03,0.99,0.04,1.37,2.06,0.69,4.83,0.4,0.39,0.04,2.22,0.93,1401.64
54.88,0.06,15.53,15.84,1.63,0.03,0.1,2.7,0.41,2.64,3.7,0.6,0.01,1.8,0.08,949.71
72.22,0.66,15.62,2.52,1.93,0.05,1.2,0.29,0.45,0.9,3.14,0.19,0.02,0.62,0.18,1159.17
71.34,0.31,0.53,14.32,0.61,0.03,1.31,0.33,0.31,2.83,4.59,0.4,0.03,2.25,0.8,831.96
68.16,0.24,13.76,2.51,0.84,0.03,1.38,3.67,0.19,4.91,0.89,0.1,0.03,2.73,0.56,1032.8
77.66,0.72,9.69,0.85,1.36,0.02,1.87,0.93,0.3,2.52,2.39,0.4,0.02,0.44,0.82,1251.23
64.55,0.66,10.36,14.1,1.26,0.01,1.11,1.22,0.59,2.16,0.2,0.73,0.01,2.76,0.28,1211.44
83.36,1.2,8.33,0.53,0.15,0,0.11,1.34,0.32,0.56,2.19,0.37,0.03,0.59,0.91,1512.32
70.71,0.06,10.06,7.36,1.85,0.04,1.28,3.84,0.64,0.08,3.52,0.18,0.03,0.03,0.31,761.81
67.05,0.63,6,13.88,1.05,0.05,0.72,3.61,0.84,1.27,3.77,0.39,0.01,0.01,0.74,1187.04
80.07,0.83,1.93,2.65,0.81,0.03,1.65,2.93,0.9,1.09,2.98,0.66,0.04,2.97,0.47,1230.74
70.27,0.45,15.34,3.54,0.07,0.02,0.49,1.98,0.99,1.74,3.54,0.25,0.02,0.73,0.57,1103.78
78.25,0.82,7.58,0.51,0.05,0.03,1.68,2.99,0.44,4.41,0.98,0.36,0.03,0.88,1,1303.33
83.82,0.55,0.93,3.52,1.06,0.03,1.97,3,0.67,1.07,0.53,0.6,0.04,1.76,0.44,929.67
63.27,0.18,13.34,10.66,0.8,0.03,0.48,2.14,0.62,1.13,3.74,0.52,0.04,2.54,0.49,964.54
64.63,0.24,13.26,8.37,1.19,0.01,1.26,1.87,0.33,4.9,2.16,0.68,0.03,0.31,0.75,1054.3
74.97,0.73,5.71,7.13,1.46,0.03,1.34,0.79,0.79,1.6,3.1,0.11,0.02,1.95,0.27,1155.83
56.53,1.06,11.9,17.41,0.79,0,1.15,1.7,0.45,3.41,3.5,0.03,0.04,1.48,0.56,1676.97
65.35,0.86,13.98,7.74,1.38,0.01,1.66,3.05,0.78,2.39,1.15,0.43,0.02,1,0.21,1446.37
67.59,0.91,1.55,17.75,0.35,0.05,1.98,1.99,0.99,4.35,0.41,0.95,0,0.55,0.58,1468.45
60.69,1.08,2.01,18.86,0.7,0.04,1.34,4.8,0.86,4.44,3.16,0.83,0.04,0.48,0.65,1783.73
66.19,0.19,15.65,1.32,1.97,0.02,0.34,4.68,0.05,2.35,3.85,0.32,0.03,2.1,0.95,917.27
70.12,0.5,5.35,11.21,1.77,0.01,0.43,3.35,0.06,3.37,1.57,0.36,0.02,1.05,0.84,1147.33
70.23,1.14,9.86,11.64,0.14,0.04,1.17,0.25,0.2,1.01,0.85,0.66,0.05,2.29,0.48,1419.31
81.04,0.73,6.47,4.52,1.21,0.02,0.03,0.11,0.27,2.56,1.77,0.02,0.01,0.29,0.95,1061.76
70.66,0.38,0.27,13.21,0.46,0.03,0.3,4.92,0.97,3.28,3.54,0.43,0.05,1.27,0.24,1032.43
68.63,0.69,4.41,13.08,0.76,0.04,1.12,3.11,0.56,4.43,0.32,0.07,0.04,2.3,0.43,1280.45
79.95,0.43,5,4.69,1.82,0.01,1.3,3.94,0.02,0.17,1.67,0.7,0.01,0,0.29,919.89
69.43,0.41,2.31,14.13,0.51,0.03,1.2,4.49,0.09,1.07,4.33,0.82,0.01,0.32,0.86,1023.25
53.75,0.22,15.68,19.22,0.44,0.04,0.85,3.94,0.41,0.35,3.56,0.15,0.05,1.25,0.08,1051.83
66.63,0.39,15.41,3.45,0.94,0.04,0.1,1.52,0.91,2.98,3.58,0.84,0.03,2.54,0.64,1058.12
64.32,0.83,2.75,18.78,1.59,0.01,1.16,1.88,0.66,4.97,0.23,0.95,0,1.38,0.48,1465.42
79.84,1,5.29,1.41,1.26,0.04,1.91,0.8,0.9,2.41,1.18,0.96,0.01,2.2,0.78,1324.08
61.16,0.52,12.42,11.45,0.38,0.04,1.86,2.44,0.99,2.14,2.4,0.67,0.01,2.71,0.8,1261.82
67.99,1.06,12.24,10.23,1.86,0.02,1,0.85,0.95,1.11,1.01,0.1,0.02,0.82,0.74,1588.85
76.65,0.38,12.97,3.92,0.46,0.04,0.74,0.56,0.96,0.89,0.75,0.36,0,0.47,0.85,896.33
78,0.2,10.47,0.83,0.85,0.03,1.91,1.63,0.77,0.66,2.17,0.22,0.02,1.25,0.98,801.36
77.37,1.1,10.48,3.53,1.11,0.04,0.08,2.17,0.04,1.22,0.46,0.96,0.01,0.45,0.97,1516.36
77.69,0.4,9.59,0.14,0.82,0.03,1.03,2.03,0.79,2.51,3.18,0.18,0.04,1.09,0.48,946.99
61.06,0.43,16.05,18.01,0.45,0.04,0.21,0.15,0.84,0.66,0.77,0.61,0.04,0.57,0.11,1047.32
76.84,1.11,11.3,0.65,1.19,0.05,0.65,1.57,0.25,2.53,1.19,0.72,0.03,1.2,0.72,1457.86
64.9,0.13,13.49,12.06,1.26,0,1.24,2.47,0.49,1.61,0.04,0.42,0.02,1.27,0.61,858.98
62.11,0.6,10.66,11.35,1.76,0.04,0.1,2.82,0.42,1.81,4.79,0.46,0.04,2.9,0.15,1213.08
81.48,0.07,5.65,0.89,0.23,0.05,1.92,3.46,0.75,0.7,2.98,0.15,0.02,1.04,0.61,687.31
66.71,0.41,2.64,17.72,0.11,0.04,0.28,3.19,0.66,4.02,1.98,0.02,0.04,1.33,0.85,1121.97
57.08,0.93,8.97,19.99,0.92,0.03,1.34,2.59,0.59,3.99,2.86,0.45,0.03,0.11,0.11,1590.02
61.83,1.05,11.58,19.45,0.08,0.04,0.63,0.12,0.83,0.81,1.07,0.34,0.04,1.87,0.26,1475.59
74.75,0.21,1.97,3,1.74,0.05,1.94,4.17,0.89,4.08,4.79,0.85,0.02,0.97,0.58,948.93
74.28,0.85,12.58,1.74,0.57,0.04,1.18,1.64,0.85,1.25,2.05,0.28,0.04,2.18,0.46,1358.58
56.9,1.12,16.69,14.23,1.78,0.04,1.26,2.1,0.27,0.3,4,0.12,0.02,0.7,0.45,1738.09
58.6,1.17,16.95,12.45,1.96,0.02,1.04,1.28,0.9,0.9,3.05,0.8,0.03,0.24,0.61,1749.52
66.39,0.92,3.38,14.74,1.76,0.05,0.82,0.13,0.42,3.3,4.46,0.94,0.05,1.97,0.68,1390.55
84.68,0.57,1.88,4.93,1.11,0.04,0.19,0.77,0.66,1.47,0.85,0.18,0.02,1.75,0.9,930.8
67.15,0.64,12.44,3.61,1.43,0.03,0.43,3.35,0.21,2.97,3.34,0.69,0.05,2.84,0.81,1269.33
62.83,0.28,6.87,17.35,1.02,0.03,0.73,3.01,0.82,1.51,4.66,0.21,0.05,0.08,0.54,990.89
63.75,1.18,10.98,11.1,1.36,0.01,0.11,1.26,0.18,4.62,4.26,0.32,0.04,0.64,0.2,1670.53
49.43,0.09,12.96,19.79,1.13,0.01,0.75,3.24,0.7,4.43,4.54,0.86,0.03,1.35,0.68,1118.74
72.33,0.8,3.92,10.15,0.42,0.04,0.65,4.03,0.38,3.82,1.1,0.76,0.01,1.47,0.11,1370.48
76.91,0.91,0.91,9.84,1.7,0.03,0.12,1.63,0.56,0.86,3.41,0.63,0.01,1.65,0.81,1283.02
64.08,0.46,4.45,14.02,0.14,0.04,1.89,4.82,0.43,3.12,4.29,0.22,0,1.15,0.88,1300.37
70.61,0.83,10.34,1.09,1.12,0.03,1.28,3.64,0.52,4.5,2.32,0.52,0.04,2.5,0.65,1460.89
79.53,0.16,5.98,0.4,0.59,0.03,1.61,2.93,0.04,1.3,2.89,0.71,0.04,2.9,0.89,745.67
79.44,0.3,1.15,1.1,0.48,0,1.7,2.45,0.81,4.7,4.97,0.94,0.04,1.33,0.6,871.98
46.46,0.98,16.16,19.13,1.46,0.03,1.94,4.79,0.48,3.24,4.05,0.43,0.04,0.33,0.48,1910.64
67.17,0.15,1.86,18.01,0.61,0.02,1.55,2.07,0.83,2.01,3.8,0.53,0.05,0.98,0.36,800.41
57.88,1.16,13.28,15.45,0.59,0.03,0.63,1.3,0.54,4.94,1.07,0.24,0.01,2.38,0.51,1815.22
83.89,0.36,7.06,1.47,0.24,0.01,0.69,2.62,0,0.95,0.88,0.25,0.01,0.59,0.98,811.39
57.67,0.72,13.73,16.39,1.34,0.04,1.26,3.25,0.93,0.93,1.37,0.09,0.04,1.35,0.91,1411.28
56.7,0.54,11.02,15.32,0.7,0.03,0.41,2.77,0.55,4.44,4.48,0.49,0,2.53,0,1244.56
80.17,0.58,0.36,7.05,1.27,0.02,1.85,3.2,0.65,1.87,0.19,0.74,0.04,1.59,0.42,1096.12
54.85,0.86,11.85,18.08,1.22,0,1.24,3.06,0.07,2.14,3.26,0.7,0.04,2.52,0.12,1542.63
73.96,0.73,10.74,6.07,0.37,0.01,0.36,4.03,0.15,1.32,1.09,0.71,0.01,0.07,0.37,1235.82
82.47,0.91,0.22,0.75,0.51,0.04,0.34,4.99,0.81,2.28,3.74,0.52,0.03,1.74,0.65,1276.92
57.58,0.08,11.1,14.34,0.62,0.05,0.29,4.55,0.68,3.32,4.38,0.83,0.02,2.12,0.05,976.9
72.33,0.34,0.9,11.66,0.71,0.02,1.16,3.11,0.44,2.54,4.97,0.96,0.04,0.48,0.36,917.67
58.83,1.06,7.62,19.11,0.98,0.04,0.07,2.17,0.7,4.32,3.05,0.17,0.04,1.72,0.11,1705.8
69.43,0.55,15.67,8.47,1.17,0.01,1.03,1.11,0.23,1.4,0.22,0.16,0.02,0.39,0.13,1095.83
67.74,1.16,7.69,8.07,0.54,0.03,1.19,2.09,0.39,3.5,4.75,0.88,0.01,1.96,0.01,1610.17
58.23,0.59,10.58,14.85,1.46,0,1.47,4.15,0.07,1.61,3.96,0.49,0.03,1.51,0.98,1421.09
73.27,1.12,5.06,7.72,0.86,0.01,0.81,3.87,0.85,4.43,0.07,0.79,0.03,0.62,0.5,1643.97
63.2,1.19,11.1,9.8,0.59,0,1.22,2.89,0.52,2.69,4.22,0.32,0.03,2.04,0.21,1776.12
70.99,1.11,13.27,1.07,1.73,0.05,1.59,2.13,0.99,0.62,2.68,0.17,0.02,2.78,0.79,1575.72
74.12,1.12,6.63,0.8,1.28,0.02,0.31,4.67,0.64,4.7,2.91,0.06,0,2.7,0.04,1688.37
64.85,0.74,5.36,13.75,0.57,0,1.46,1.55,0.55,3.87,3.51,0.35,0.04,2.78,0.61,1362.21
65.64,1.01,6.33,19.83,0.06,0.05,0.49,2.2,0.88,1.22,1.12,0.64,0.04,0.02,0.45,1504.11
69.72,0.59,4.89,10.92,0.31,0.02,1.43,4.37,0.59,0.37,3.39,0.9,0.03,1.48,0.99,1230.21
77.02,0.78,3.98,5.68,1.33,0.02,0.81,0.11,0.88,4.42,2.3,0.7,0.01,1.51,0.44,1240.69
72.75,0.79,8.45,9.97,0.59,0,1.83,0.06,0.28,2.24,1.6,0.55,0.02,0.77,0.09,1215.04
69.31,1.02,1.81,13.54,1.58,0.01,1.34,3.43,0.71,4.45,1.99,0.24,0.03,0.19,0.33,1543.29
67.19,1.06,9.58,8.73,0.53,0.01,0.47,4.15,0.99,2.67,0.4,0.75,0.04,2.79,0.63,1716.88
56.19,0.03,11.8,14.19,1.44,0.03,1.4,3.19,0.12,4.49,3.11,0.73,0.02,2.76,0.5,937.89
47.83,0.82,17.14,18.32,1.29,0.01,1.9,4.92,0.1,2.25,2.74,0.09,0.01,1.61,0.96,1711.24
57.55,0.49,17.06,10.43,0.16,0.01,0.92,4.77,0.57,3.48,0.44,0.88,0.03,2.76,0.45,1268.78
75.68,0.82,8.48,2.85,0.54,0,0.88,3.25,0.24,2.45,2.29,0.53,0.01,1.6,0.36,1334.15
53.35,0.19,16.21,18.7,1.32,0.02,1.25,3.01,0.39,1.44,0.84,0.22,0.03,2.66,0.38,1004.42
77.21,0.16,0.23,8.12,0.47,0.02,0.48,3.32,0.64,4.56,3.5,0.16,0.04,0.54,0.56,754.21
62.34,0.37,6.1,15.39,0.67,0.02,1.55,1.02,0.8,4.16,4.94,0.44,0.02,2.11,0.06,1055.94
70.4,0.06,6.03,14.59,0.23,0.03,0.54,3.26,0.46,0.58,1.24,0.22,0.01,1.41,0.95,756.69
64.41,1.18,9.73,4.76,1.86,0.03,1.92,3.26,0.78,4.45,3.8,0.56,0.02,2.47,0.77,1816.78
61.87,0.45,8.97,12.7,0.06,0.01,0.5,4.42,0.33,2.73,4.16,0.26,0.01,2.85,0.7,1213.38
69.78,0.95,15.08,5.52,0.9,0.03,0.78,0.35,0.14,2.99,1.88,0.01,0.04,1.25,0.31,1387.14
63.18,0.86,8.19,13.9,0.03,0,1.12,4.91,0.27,3.41,0.86,0.31,0,2.64,0.31,1555.28
79.35,0.25,4.32,2.07,1.93,0.01,1.99,0.88,0.02,4.48,2.9,0.35,0.03,0.78,0.63,767.84
63.69,0.74,1.44,18.21,0.92,0.01,0.61,4.33,0.38,2.81,4.74,0.65,0.03,0.75,0.67,1409.65
80.4,0.16,5.14,1.32,0.76,0.01,1.69,4.63,0.67,0.52,1.71,0.96,0.01,1.67,0.35,755.57
80.44,1.2,5.14,0.96,1.4,0.02,1.32,0.52,0.52,1.88,2.68,0.85,0.05,2.26,0.77,1448.03
76.6,0.8,2.66,4.91,1.42,0.03,0.63,3.86,0.94,2.73,3.39,0.27,0.05,0.82,0.89,1324.91
56.71,1.11,12.95,16.23,0.92,0.05,1.49,1.63,0.03,2.7,4.2,0.86,0.04,0.64,0.43,1729.39
63.39,0.41,12.47,11.82,1.13,0.03,1.21,0.83,0.87,1.2,3.72,0.18,0.03,2.69,0.01,1068.46
82.18,1.18,0.53,0.23,1.72,0.04,0.21,4.69,0.67,0.56,4.3,0.48,0.01,2.48,0.74,1545.79
61.13,1.03,4.08,17.57,0.75,0.02,1.94,3.8,0.32,3.24,2.7,0.12,0.04,2.47,0.78,1656.11
65.48,0.68,3.98,17.68,0.71,0,1.96,4.31,0.62,0.06,1.14,0.45,0.03,2.12,0.79,1361.46
53.09,0.98,12.96,19.1,1.75,0.01,1.89,1.02,0.99,3.51,3.14,0.32,0.01,0.38,0.87,1746.38
62.28,0.52,10.08,18.64,0.51,0.04,0.94,1.06,0.85,3.4,0.47,0.54,0.04,0.2,0.42,1189.48
71.07,0.93,5.5,10.14,1.48,0.01,1.19,3.6,0.85,0.56,1.65,0.54,0.04,2.19,0.25,1443.86
57.14,0.03,12.49,18.18,1.6,0.03,1.96,2.17,0.53,0.06,4.73,0.58,0.02,0.13,0.36,795.21
67.89,0.94,10.12,4.04,1.73,0.04,1.9,0,0.46,5,4.06,0.83,0.03,2.14,0.81,1480.85
56.1,0.12,12.47,16.31,0.08,0.01,0.65,4.27,0.78,3.28,4.02,0.45,0.04,0.7,0.7,1033.76
70.73,1.01,9.16,3.58,1.99,0.01,1.97,4.68,0.54,0.46,3.48,0.85,0.02,0.72,0.8,1521.11
63.17,0.66,3.56,18.99,1.9,0.02,0.13,3.15,0.32,0.33,4.46,1,0.02,2.23,0.07,1204.86
65.45,0.08,10.6,16.04,0.91,0.03,0.54,3.68,0.36,0.34,0.83,0.13,0.02,0.2,0.81,813.28
75.57,1.09,4.47,9.71,1.04,0.05,0.13,3.34,0.35,2.51,1.09,0.16,0.01,0.21,0.28,1524.24
78.5,0.67,0.01,2.52,1.69,0.01,1.82,4.37,0.15,4.49,3.14,0.63,0.04,1.22,0.74,1255.73
63.78,0.8,13.89,13.2,0.16,0.01,1.88,1.12,0.47,1.78,0.43,0.18,0.01,1.39,0.87,1464.24
56.23,0.52,15.66,13.25,0.18,0.02,1.65,3.67,0.91,1.14,4.89,0.29,0,1.49,0.11,1315.21
48,0.82,16.21,18.43,1.21,0.03,1.99,2.9,0.93,4.58,1.45,0.01,0.02,2.58,0.84,1684.91
58.32,0.14,17.18,8.43,1.3,0.05,1.74,2.83,0.49,3.68,1.75,0.63,0,2.47,1,1049.8
69.37,1.15,6.48,10.62,0.47,0.02,0.91,3.74,0.02,1.97,2.78,0.22,0,1.62,0.64,1583.7
86.49,0.29,3.97,0.81,0.37,0.04,0.01,0.22,0.13,2.1,1.67,0.18,0.01,2.82,0.91,693.5
74.79,0.93,4.54,6.47,1.33,0.01,1.06,3.26,0.52,2.07,1.74,0.78,0.04,2.09,0.37,1363.74
63.14,0.96,10.97,17.55,1.43,0.04,1.33,0.46,0.49,0.28,2.24,0.72,0.02,0,0.37,1491.63
54.46,0.09,14.05,15.68,1.61,0,0.06,4.52,0.12,3.35,3.98,0.45,0.03,0.68,0.92,1022.29
72.95,0.64,3.43,13.73,1.03,0.01,0.13,0.68,0.14,1.56,4.17,0.06,0.01,0.91,0.55,1057.53
61.74,0.92,16.58,8.24,0.21,0.01,0.57,3.93,0.69,1.05,4.19,0.86,0.04,0.83,0.13,1541.89
63.14,0.52,15.63,5.36,1.25,0.04,0.54,1.34,0.67,3.63,4.8,0.85,0.04,2.08,0.12,1161.76
61.57,0.97,16.84,7.81,0.63,0.03,1.91,0.25,0.71,4.07,3.94,0.57,0.05,0.4,0.25,1532.5
70.26,0.87,7.47,14.09,0.59,0.01,0.26,1.02,0.12,1.1,2.9,0.26,0.02,0.16,0.89,1305.25
75.17,0.17,6.28,7.59,1.54,0.02,0.77,3.48,0.6,0.39,1.56,0.98,0.02,1.27,0.15,765.17
71.24,0.14,7.9,8.73,1.96,0.01,0.97,1.01,0.7,1.96,3.24,0.34,0.03,1.41,0.37,774.42
68.56,0.65,6.91,16.12,0.99,0.05,0.45,0.56,0.38,0.92,1.97,0.21,0.04,1.7,0.5,1098.23
69.17,1.03,8.7,2.73,1.64,0.02,1.21,4.47,0.89,4.46,2.08,0.75,0.01,2.49,0.34,1667.75
48.44,0.56,16.05,16.11,1.91,0.02,0.3,4.55,0.49,4.45,3.66,0.87,0.03,2.44,0.12,1495.38
64.79,0.86,12.9,6.78,1.51,0.04,1.22,1.93,0.61,4.31,4.5,0.03,0.01,0.01,0.49,1485.72
66.35,0.53,9.82,13.67,0.73,0.01,0.79,0.05,0.83,1.92,3.11,0.32,0.03,1.62,0.21,1063.95
65.26,0.58,12.96,10.98,1.49,0.01,0.1,0.28,0.27,2.04,2.69,0.76,0.04,2.08,0.46,1152.93
75.02,0.32,7.7,5.47,1.25,0.04,1.04,0.23,0.94,1.47,4.57,0.81,0.02,0.17,0.95,824.85
77.75,0.64,11.44,4.53,0.19,0.01,0.1,0.35,0.16,0.79,1.24,0.94,0.03,1.27,0.56,1047.01
56.72,0.02,16.11,10.65,0.9,0.05,1.46,1.69,0.94,4.26,4.77,0.1,0.05,1.63,0.67,903.51
77.21,0.1,7.6,4.43,0.16,0.05,1.47,2.59,0.74,3.06,0.89,0.63,0.03,0.71,0.32,700.71
69.12,0.47,10.85,2.54,1.49,0.02,1.38,4.66,0.87,3.69,0.97,0.73,0.03,2.32,0.87,1260.62
65.25,0.34,6.23,10.41,0.87,0.03,1.52,3.03,0.97,3.69,4.93,0.74,0.03,1.23,0.74,1042.85
55.13,0.83,12.04,14.44,1.74,0.01,1.13,3.02,0.29,4.94,3.93,0.32,0.02,2.15,0.01,1523.26
67.51,1.03,14.24,6.64,1.73,0.05,1.1,0.8,0.77,1.6,2.64,0.05,0.03,1.14,0.69,1515.3
61.08,0.06,11.25,15.44,0.03,0.04,0.26,3.49,0.46,2.76,1.69,0.25,0,2.59,0.61,882.68
66.77,0.11,16.44,2.36,1.03,0.04,0.94,0.83,0.37,4.94,5,0.71,0.04,0.13,0.28,863.05
85.33,0.45,0.22,7.54,0.19,0.03,0.01,1.35,0.87,1.07,0.32,0.25,0.04,1.76,0.59,773.44
70.45,0.72,15.74,3.63,1.54,0,0.65,1.09,0.92,0.89,2.89,0.16,0.02,1.24,0.04,1221.54
67.07,0.99,14.04,5.56,1.23,0.02,1.54,3.46,0.09,4.22,0.9,0.17,0.04,0.55,0.12,1617.82
73.72,0.22,6.1,5.73,0.71,0.04,0.81,3.8,0.64,1.81,2.16,0.7,0.03,2.61,0.93,853.77
61.96,0.86,17.81,11.93,0.08,0.03,0.46,1.67,0.49,1.48,1.55,0.4,0.01,0.51,0.77,1505.19
62.55,1.06,13.52,7.93,1.44,0.01,1.32,2.03,0.66,3.77,2.81,0.64,0.01,1.78,0.46,1676.28
74.21,0.52,7.39,6.22,0.61,0.03,1.12,0.15,0.05,2.85,4.23,0.04,0.03,2.55,0,967.75
66.04,0.11,10.93,10.15,0.3,0,1.01,3.68,0.18,3.46,2.73,0.36,0.03,0.58,0.46,875.92
67.46,0.66,8.26,7.95,1.48,0.03,1.28,4.46,0.99,2.84,1.74,0.78,0.01,1.54,0.52,1356.71
67.17,0.66,5.76,16.6,1.49,0.04,0.28,1.99,0.54,0.62,1.84,0.09,0.05,2.25,0.62,1226.92
79.06,0.25,6.01,2.89,1.07,0.04,0.04,0.52,0.23,3.57,4.47,0.75,0.03,0.32,0.75,740.1
71.11,0.38,6.47,6.59,1.54,0.01,1.69,4.29,0.49,0.53,2.88,0.82,0.01,2.51,0.68,1007.24
67.11,1.18,14.84,4.03,0.9,0.01,0.14,3.53,0.91,4.87,1.35,0.2,0.03,0.6,0.3,1810.43
66.32,1.08,8.68,11.28,1.54,0.01,1.65,0.09,0.8,3.88,1.51,0.73,0.01,1.73,0.7,1612.68
60.55,0.86,17.69,3.64,0.96,0.04,1.12,4.38,0.43,3.98,4.35,0.85,0.04,0.66,0.44,1580.08
62.22,0.59,17.28,11.84,1.71,0.05,0.17,0.81,0.29,3.08,0.31,0.79,0,0.48,0.38,1230.76
50.24,0.67,15.87,19.27,1.77,0.01,1.26,2.21,0.13,2.78,1.78,0.35,0,2.94,0.73,1505.93
57.7,1.14,14.59,13.19,0.75,0.02,0.91,4.74,0.76,1.46,3.12,0.59,0.04,0.29,0.7,1815.14
70.04,0.4,2.33,14.64,0.66,0.04,0.32,4.93,0.8,1.45,3.7,0.14,0.03,0.18,0.33,1020.09
75.51,0.81,5.02,6.2,0.68,0.01,1.88,4.53,0.87,0.53,1.17,0.61,0.05,1.81,0.33,1312.2
67.94,0.98,2.44,17.63,1.95,0.05,0.3,2.75,0.58,0.97,2.73,0.65,0.02,0.95,0.06,1404
57.98,0.8,11.18,17.04,0.51,0,1.83,4.54,0.46,0.39,2.49,0.52,0.04,2.15,0.07,1490.7
79.53,0.85,2.44,1.79,0.8,0,1.66,2.32,0.59,2.88,4.89,0.92,0.04,1.15,0.15,1212.25
74.97,0.28,1.76,8.72,1.3,0.03,1.55,2.33,0.32,2.69,4.88,0.05,0.03,0.99,0.11,891.14
67.25,0.53,11.54,10.56,0.06,0.03,0.46,1.71,0.31,4.29,0.24,0.35,0.02,1.86,0.79,1190.81
63.09,0.24,16.41,8.28,0.02,0.03,1.21,0.63,0.96,2.81,2.35,0.4,0.01,2.86,0.7,999.35
56.92,0.69,11.36,16.81,1.27,0.01,1.39,2.82,0.97,3.67,1.72,0.14,0.02,2.04,0.18,1489.58
73.95,0.2,12.7,1.37,0.02,0,1.26,4.87,0.77,1.27,0.36,0.62,0,2.38,0.24,917.91
69.52,0.37,6.19,15.27,0.53,0.01,1.08,2.32,0.96,1.32,0.46,0.54,0.01,1.24,0.19,968.13
51.84,0.93,17.07,18.81,1.05,0.05,1.31,0.64,0.89,2.34,0.76,0.79,0.03,2.65,0.83,1651.84
73.79,0.39,4.61,14.68,1.15,0,0.36,0.76,0.59,0.43,1.04,0.55,0.01,0.74,0.91,870.8
69.17,1.05,4.51,11.78,0.74,0.04,0.74,1.24,0.61,3.73,2.68,0.72,0.02,2.39,0.59,1544.5
51.52,0.24,16.03,16.74,1.93,0.03,1.35,4.32,0.05,4.56,1.36,0.06,0.01,1.76,0.05,1237.82
83.59,0.32,5.05,1.55,1.08,0.02,0.68,2.29,0.85,0.53,2.62,0.2,0.01,0.77,0.46,781.33
50.52,0.6,15.69,17.84,1.17,0.01,1.64,3.96,0.8,0.08,3.77,0.85,0.03,2.25,0.78,1484
50.85,0.95,16.49,18.43,1.06,0,0.04,4.69,0.34,1.89,2.35,0.27,0.03,2.35,0.26,1730.58
63.82,0.89,12.1,10.51,0.65,0.04,0.81,1.87,0.64,4.6,2.54,0.72,0.02,0.66,0.12,1463.11
56.64,1.04,17.69,9.92,0.9,0.02,1.28,3.04,0.34,1.72,3.22,0.55,0.04,2.82,0.78,1716.52
66.8,0.37,13.66,9,1.56,0.04,0.5,1.19,0.43,0.26,3.43,0.75,0.02,1.4,0.59,978.57
61.43,0.64,11.24,14.48,1.35,0,1.57,3.05,0.71,1.31,1.11,0.83,0.02,1.73,0.55,1326.39
78.54,0.71,1.25,6.05,0.13,0.02,1.8,1.95,0.78,1.44,4.28,0.42,0.02,2.09,0.51,1106.01
57.54,0.21,13.9,18.41,0.34,0.03,0.07,1.45,0.45,3.68,0.22,0.78,0.01,2.28,0.63,996.85
76.47,0.41,13.03,4.73,0.44,0,0.79,0.49,0.42,0.05,0.78,0.93,0.04,0.71,0.72,853.46
57.07,0.45,16.45,14.77,1.52,0.03,1.33,2.54,0.74,3.66,0.16,0.63,0.03,0.2,0.41,1292.2
48.99,1.08,17.16,15.64,0.3,0.02,0.37,3.26,0.77,4.42,4.3,0.1,0.01,2.73,0.84,1826.86
69.2,0.67,10.74,5.08,0.81,0.03,0.41,4.99,0.28,2.76,2.77,0.45,0.01,1.7,0.09,1262.03
83.02,0.47,4.04,2.48,1.85,0.03,0.34,4.75,0.22,1.18,0.67,0.73,0.03,0.17,0.03,1000.47
67.19,0.99,8.61,13.53,1.47,0.03,0.7,0.66,0.65,3.84,0.95,0.49,0.02,0.62,0.25,1506.7
73.03,0.29,7.54,7.81,1.11,0,1.16,0.11,0.26,2.51,3.43,0.77,0,1.61,0.35,804.57
59.17,0.9,10.84,15.79,1.97,0.05,1.19,4.47,0.15,0.22,2.67,0.97,0.04,0.92,0.67,1568.84
75.36,0.06,8.47,4.75,0.1,0.01,1.44,2.76,0.02,2.05,3.76,0.95,0.04,0,0.22,642.56
64.11,0.78,2.76,18.31,1.55,0.02,1.17,2.71,0.58,4.3,1,0.68,0.01,1.38,0.64,1384.92
85.67,0.02,1.95,1.83,0.75,0.03,1.99,1.27,0.14,2.07,0.73,0.02,0.03,2.64,0.86,422.87
78.35,0.85,8.91,0.4,0.57,0.05,1.02,3.99,0.4,3.38,0.85,0.74,0.04,0.27,0.18,1315.51
63.16,0.56,11.47,12.75,1.34,0.04,1.01,2.87,0.01,0.83,2.49,0.75,0.04,2.19,0.49,1165.7
77.79,0.02,10.76,1.49,0.29,0.03,0.03,2.87,0.64,3.94,0.34,0,0.04,0.87,0.89,644.13
73.37,0.23,10.54,2.19,0.81,0.04,1.22,3.45,0.23,4.61,3.12,0.11,0,0.05,0.05,903.44
70.47,0.36,7.5,8.19,0.48,0,0.22,3,0.4,4.51,2.32,0.5,0.05,1.5,0.5,1044.69
65.26,0.44,12.79,7.84,1.18,0.02,1.06,4.14,0.41,1.15,2.85,0.94,0.03,0.93,0.96,1169.14
60.4,0.89,12.23,15.55,0.94,0,0.72,3.21,0.65,0.98,1.27,0.49,0.04,2.56,0.09,1498.06
72.55,1.11,16.7,0.16,1.01,0.03,1.11,3.08,0.5,1.47,0.48,0.21,0.04,0.72,0.83,1563.45
79.5,1.04,3.86,3.79,1.97,0.03,0.38,0.83,0.86,3,0.58,0.89,0.02,2.97,0.28,1335.67
77.79,0.64,3.12,8.79,0.35,0.02,0.54,1.42,0.97,0.19,2.48,0.63,0.03,2.26,0.76,1053.47
71.33,0.79,8.61,5.53,0.63,0.02,0.68,2.67,0.25,2.58,4.58,0.41,0.01,1.04,0.88,1372.45
64.49,1.13,15.96,5.75,0.78,0.05,0.65,0.69,0.28,4.82,2.08,0.93,0.01,2.3,0.09,1659.03
52.54,0.53,12,19.47,0.11,0.01,1.28,4.48,0.8,2.33,3.73,0.21,0,1.71,0.81,1372.25
68.15,0.53,10.25,8.44,1.03,0.04,0.96,0.04,0.8,3.09,3.65,0.9,0.01,1.51,0.6,1129.96
57.2,0.84,13.2,16.16,0.52,0.04,1.55,4.21,0.49,2.52,0.49,0.85,0.03,1.78,0.12,1536.3
61.72,0.73,0.76,18.46,1.73,0.01,1.19,3.01,0.8,3.78,4.97,0.35,0.01,1.72,0.76,1393.21
68.37,0.96,13.57,4.07,1.74,0.01,0.22,1.76,0.89,3.48,1.97,0.16,0.04,1.8,0.99,1534.83
75.49,0.92,1.84,14.56,0.51,0.05,0.04,1.19,0.5,0.4,1.72,0.5,0.02,1.38,0.88,1276.1
70.83,0.19,5.04,13.13,0.57,0.02,1.8,2.69,0.33,3.88,0.35,0.56,0,0.53,0.06,853.41
73.77,1.08,0.87,10.33,0.45,0.02,0.99,2.25,0.75,4.56,1.5,0.02,0.04,2.94,0.43,1483.87
60.63,0.58,5.46,19.89,0.37,0.02,1.23,1.73,0.47,4.87,2.54,0.91,0,0.36,0.94,1284.36
62.96,0.16,13.26,8.92,0.81,0.03,1.46,4.66,0.26,3.49,1.71,0.72,0.01,1.37,0.18,1033.58
67.22,0.29,12.33,9.92,0.18,0.02,1.74,4.95,0.37,0.27,0.65,0.79,0.03,0.86,0.39,967.51
63.44,0.98,7.44,15.12,0.59,0.04,0.93,2.73,0.6,2.25,2.33,0.27,0.05,2.72,0.53,1538.85
75.37,0.75,5.46,8.72,1.35,0.01,0.38,0.17,0.9,2.87,2.62,0.71,0.05,0.52,0.13,1155.04
65.02,0.36,16.27,8.23,1.59,0.01,0.99,0.64,0.41,1.31,2.75,0.78,0.05,0.85,0.74,1069.05
84.13,0.33,0.41,5.13,1.17,0.01,0.57,3.54,0.4,0.33,2,1,0.01,0.8,0.17,811.57
59.55,0.33,10.35,19.29,1.22,0.02,0.78,0.12,0,3.99,2.45,0.03,0.01,1.07,0.78,1083.96
65.23,0.76,0.6,19.37,0.36,0.01,1.62,0.95,0.4,4.32,3.19,0.3,0.03,2.44,0.4,1290.94
51.55,0.69,17.78,19.29,1.02,0,1.4,1.34,0.67,1.76,3.59,0.37,0.05,0.41,0.07,1420.98
55.3,0.56,16.81,11.8,1.32,0,1.34,1.94,0.46,4.04,2.62,0.99,0.04,2.19,0.59,1410.01
83.79,0.5,0.95,0.37,0.09,0.05,0.65,3.5,0.59,2.86,2.9,0.3,0.04,2.76,0.64,942.49
74.12,1.02,5.68,10.96,0.02,0.05,1.53,1.81,0.98,0.46,2.32,0.06,0.02,0.66,0.32,1370.77
72.74,1.14,7.69,6.5,1.28,0.03,1.97,2.73,0.75,1.91,0.86,0.43,0.02,1.26,0.7,1619.54
68.15,1.18,9.42,11.17,0.82,0.02,1.97,0.2,0.41,0.76,3.63,0.19,0.04,1.12,0.92,1574.02
62.53,1.18,13.88,12.46,0.3,0.05,1.55,1.44,0.47,0.34,3.3,0.13,0.03,2.01,0.32,1669.36
74.56,1.03,12.46,3.06,0.99,0.04,1.22,2.73,0.96,0.08,0.06,0.89,0,1,0.92,1495.03
64.79,0.83,11.67,13.14,0.64,0.03,1.26,1.53,0.8,1.61,0.36,0.2,0.02,2.72,0.42,1357.36
61.29,0.09,12.87,15.69,1.7,0.04,0.76,3.67,0.58,0.12,2.01,0.05,0,0.17,0.96,914.22
72.64,1.01,7.9,4.96,0.14,0.02,1.2,3.99,0.05,2.09,4.88,0.12,0.02,0.83,0.13,1491.5
62.69,0.5,6.64,16.55,0.18,0.01,1.81,4.09,0.77,3.12,1.46,0.93,0.02,0.84,0.37,1265.71
87.08,0.03,4.59,3.76,0.27,0,0.45,0.52,0.05,0.69,1.01,0.42,0.03,0.97,0.14,405.62
71.83,0.89,12.5,5.7,1.12,0.03,0.7,3.35,0.79,1.82,0.07,0.35,0.01,0.47,0.37,1465.5
56.67,0.26,16.83,13.06,1.04,0,0.21,3.94,0.39,0.23,4.13,0.3,0.02,2.92,0.02,1095.21
57.66,0.38,17.69,12.94,1.25,0.04,0.87,1.29,0.26,1.65,3.09,0.84,0.02,1.21,0.79,1109.86
75.14,0.35,12.4,2.12,0.23,0.03,0.17,0.78,0.62,2.19,2.81,0.98,0.03,1.77,0.38,849.32
67.26,0.27,10.14,13.36,0.77,0.02,1,3.8,0.02,2.24,0.07,0.32,0.03,0.24,0.49,972.9
60.38,1.11,12.34,15.65,1.16,0.04,0.29,2.25,0.6,4.37,1.54,0,0.05,0.08,0.15,1699.33
71.57,1,8.06,10.95,0.4,0.03,0.7,0.49,0.95,0.41,3.39,0.91,0.01,0.71,0.43,1311.49
68.45,0.36,13.66,6.76,1.97,0.04,1.79,0.32,0.18,0.85,3.36,0.01,0.04,1.64,0.57,994.48
69.28,0.25,5.1,9.75,1.36,0.01,1.61,4.05,0.27,2.8,1.74,0.19,0.04,2.97,0.57,1012.35
64.45,1.1,11.56,11.31,0.96,0.01,0.17,2.21,0.56,2.55,3.48,0.19,0.02,1.25,0.19,1640.95
64.08,0.12,12.83,10.96,1.05,0.05,1.24,4.48,0.91,0.51,0.04,0.44,0.04,2.47,0.79,938.06
59.19,0.54,13.5,14.38,0.63,0.01,1.24,3.39,0.57,1.07,1.38,0.71,0.05,2.83,0.52,1262.4
72.22,0.94,0.1,17.37,1.19,0.01,0.69,1,0.42,1.65,2.67,0.81,0.05,0.75,0.11,1336.52
63.35,0.48,2.58,16.68,1,0.03,0.3,3.75,0.97,2.41,4.81,0.03,0,2.88,0.7,1177.25
60.98,0.61,12.65,16.84,0.17,0.03,0.95,2.99,0.51,2.25,1.03,0.47,0.01,0.13,0.37,1268.36
78.18,0.04,10.13,1.45,0.88,0.05,0.02,1.83,0.67,0.79,2.8,0.26,0.01,2.68,0.2,556.81
70.47,0.35,5.28,6.54,1.28,0.04,1.02,3.05,0.81,5,2.28,0.94,0.02,2.35,0.57,1030.22
68.37,1.06,8.08,13.92,0.93,0.04,1.99,1.22,0.47,0.41,0.7,0.93,0.03,1.19,0.67,1432.44
74.94,0.28,10.62,3.77,0.28,0.02,1.72,0.18,0.83,3.1,0.2,0.6,0.02,2.52,0.91,881.67
64.05,0.35,14.12,6.2,0.59,0.01,1.36,1.31,0.46,4.06,3.96,0.86,0.01,1.76,0.91,1117.49
56.33,0.86,16.66,10.18,1.7,0,0.84,2.2,0.54,2.41,4.84,0.08,0.01,2.91,0.45,1547.1
79.73,0.69,1.46,5.68,0.08,0.01,1.27,3.82,0.87,1.26,1.66,0.57,0,2.42,0.48,1147.28
53.78,0.26,12.54,18.94,0.18,0.01,0.48,2.55,0.45,3.63,3.66,0.57,0.03,2.53,0.4,1069.26
81.38,0.02,3.83,0.71,0.79,0.02,0.2,3.78,0.55,1.13,3.8,0.67,0.01,2.95,0.18,614.06
70.06,1.08,4.84,5.54,1.28,0.04,1.23,4.89,0.22,4.13,4.64,0.43,0.05,0.61,0.95,1682
77.53,1.08,1.19,10.43,1.06,0,0.08,0.03,0.52,2.32,4.7,0.34,0.03,0.02,0.66,1379.97
69.83,0.38,11.27,6.57,0.8,0.01,0.69,3.4,0.92,2.92,0.05,0.26,0.05,2.73,0.12,1078.47
61.08,1.09,17.36,6.49,1.4,0.03,0.67,0.77,0.37,4.64,4.06,0.33,0.03,1.22,0.47,1696.62
67.39,0.23,4.84,11.36,1.39,0.03,1.24,3.95,0.55,4.89,1.18,0.92,0.01,1.59,0.46,1044.67
58.67,0.45,17.33,5.45,1.35,0.04,0.39,4.87,0.55,4.57,3.32,0.65,0.02,2.31,0.03,1298.5
62.57,0.38,1.73,18.23,1.26,0.03,1.7,3.67,0.12,3.09,4.89,0.21,0.03,1.69,0.39,1076.32
78.39,1.15,6.42,1.87,1.93,0.04,0.68,1.4,0.93,1.37,2.69,0.21,0.05,2.31,0.57,1492.52
54.88,1.16,14.15,16.98,0.8,0.02,1.62,3.8,0.9,0.67,3.45,0.65,0.04,0.07,0.83,1844.59
60.62,0.4,12.37,12.33,0.88,0.04,1.92,1.62,0.75,1.57,4.23,0.44,0.02,2.32,0.5,1150.64
69.5,0.78,15.9,3.68,0.12,0.02,1.13,1.43,0.69,0.37,3.95,0.72,0.01,0.9,0.81,1348.46
63.56,0.93,14.65,6.44,1.94,0.04,0.13,2.39,0.66,0.84,4.51,0.75,0,2.74,0.4,1555.75
72.84,0.78,7.88,5.19,1.03,0.03,1.26,3.03,0.62,2.38,2.81,0.29,0.01,1.82,0.05,1293.04
82.99,0.09,4.45,3.89,0.75,0.02,0.23,1.23,0,1.75,3.98,0.27,0.03,0.29,0.01,427.33
81.21,0.24,5.16,0.61,1.6,0.02,0.44,4.02,0.04,1.42,1.31,0.26,0,2.8,0.86,796.81
70.8,0.5,8.02,10.48,0.96,0.04,0.98,0.94,0.12,4.59,0.24,0.9,0.03,1.21,0.19,1055.51
66.73,0.79,12.45,8.95,0.75,0.04,1.85,4.57,0.55,0.4,0.37,0.4,0.04,1.49,0.63,1350.15
61.97,1.01,0.73,18.48,0.66,0,1.67,4.67,0.77,4.02,4.36,0.52,0.03,0.86,0.25,1705.02
59.82,0.48,7.21,19.08,1.04,0.05,1.73,3.2,0.01,1.48,2.09,0.65,0.02,2.48,0.66,1183.41
64.65,0.42,14.12,6.06,0.13,0.01,0.01,4.16,0.63,2.85,3.31,0.65,0.03,2.53,0.44,1184.2
65.1,0.25,8.17,16.7,1.66,0,0.45,2.12,0.05,1.3,1.29,0.21,0.02,2.44,0.24,920.21
64.12,0.7,10.04,16.36,0.79,0.01,1.78,4.16,0.62,0.47,0.08,0.18,0.01,0.41,0.26,1394.03
71.39,0.85,1.88,19.54,1.5,0.01,0.25,0.44,0.73,1.18,0.36,0.42,0.04,0.91,0.48,1242.54
79.64,0.24,7.72,7.18,0.87,0.02,0.18,0.47,0.26,0.58,1.26,0.02,0.02,0.64,0.89,686.97
61.17,0.58,17.2,10.48,1.7,0.04,1.88,1.53,0.04,0.52,2.86,0.53,0.01,0.75,0.71,1252.33
60.1,0.42,10.87,14.25,0.86,0.01,1.72,0.47,0.83,4.18,2.85,0.63,0.02,2.52,0.26,1122.27
64.83,0.22,8.86,15.83,1.21,0.03,1.7,1.57,0.86,2.2,0.01,0.73,0.04,1.45,0.45,971.58
51.08,0.97,15.93,19.49,0.69,0.03,1.65,2.66,0.46,2.86,1.78,0.19,0,1.83,0.38,1706.49
58.84,0.38,17.47,11.13,0.69,0.04,1.49,2.87,0.89,0.47,1.97,0.81,0.02,2.78,0.15,1142.17
61.9,0.41,7.66,13.74,0.39,0,1.95,4.49,0.3,2.42,2.44,0.87,0.03,2.48,0.91,1130.64
60.86,0.6,15.32,11.67,1.79,0.04,0.75,2.24,0.68,0.56,2.33,0.15,0.04,2.83,0.14,1266.07
57.67,0.8,11.46,15.2,1.39,0.01,0.58,0.83,0.92,2.61,4.88,0.45,0.03,2.37,0.8,1450.73
54.98,0.13,14.5,15.88,0.16,0.01,0.9,2.71,0.52,4.92,3.82,0.11,0.01,1.04,0.32,1008.07
69.38,0.95,6.49,9.85,1.07,0.01,0.65,3.9,0.87,0.19,3.03,0.63,0.04,2.08,0.88,1471.96
64.89,0.94,15.24,5.3,1.17,0.01,1.7,3.65,0.22,3.12,2.55,0.26,0.04,0.44,0.47,1560.2
70.11,0.7,14.82,3,1.22,0,1.65,1.17,0.72,3.01,0.25,0.18,0.01,2.66,0.48,1329.14
66.43,1.1,17.72,1.95,0.32,0.01,1.64,1.78,0.59,4.28,3.42,0.07,0.02,0.2,0.48,1708.5
63.77,0.27,0.02,16.26,1.94,0.05,0.6,4.14,0.68,4,4.23,0.98,0.01,2.31,0.73,1018.6
52.31,0.22,16.44,17.59,1.23,0.03,0.47,3.95,0.01,2.31,4.3,0.62,0.03,0.21,0.29,1057.09
83.5,0.81,0.89,6.62,0.71,0.02,0.72,2.27,0.55,0.64,0.9,0.83,0.02,1.07,0.43,1109.9
70.35,0.62,6.46,9.51,0.3,0.01,0.77,1.89,0.88,0.17,4.96,0.96,0.03,2.16,0.94,1131.06
77.42,0.31,5.68,2.22,1.13,0.01,1.86,2.16,0.92,1.03,3.47,0.65,0.02,2.7,0.43,819.13
67.09,0.44,11.04,10.24,1.27,0.03,0.25,1.57,0.75,3.25,0.44,0.32,0.05,2.59,0.67,1080.93
75.19,0.1,10.93,0.24,1.32,0.04,0.99,0.02,0.67,4.1,2.93,0.71,0,2.15,0.61,757.83
77.02,0.78,10.79,3.66,0.59,0.05,0.87,0.3,0.9,0.86,2.02,0.28,0.05,1.13,0.71,1133.38
75.54,0.72,0.77,7.69,0.78,0.05,1.62,4.28,0.31,1.65,2.58,0.63,0.04,2.46,0.87,1230.79
59.42,0.76,15.87,10.91,0.32,0.02,1.85,4.07,0.2,3.57,1.28,0.35,0.02,1.32,0.03,1556.86
65.58,0.93,15.23,10.62,0.35,0.01,0.25,0.85,0.88,2.4,0.56,0.25,0.05,1.53,0.52,1441.46
71.18,1.16,1.52,14,0.12,0.02,1.8,3.84,0.33,2.76,0.83,0.96,0.04,1.12,0.32,1604.54
68.72,0.29,14.16,8.69,0.66,0.05,0.3,1.32,0.34,1.3,2.93,0.6,0,0.43,0.2,869.68
67.2,0.95,3.92,13.4,0.12,0.03,1.59,3.02,0.2,1.65,4.03,0.43,0.01,2.8,0.64,1410
80.65,0.97,0.44,6.79,0.92,0.03,0.38,2.49,0.69,1.73,3.46,0.39,0.02,0.4,0.65,1338.88
56.91,0.67,10.08,18.25,0.33,0.03,0.76,4.83,0.79,3.79,1.02,0.24,0,1.92,0.37,1463.1
60.88,0.38,11.47,16.57,0.27,0.05,0.07,0.48,0.84,2.46,4.7,0.46,0.05,0.72,0.62,1037.61
55.53,0.65,14.39,16.23,0.95,0.04,0.94,3.38,0.03,0.69,4.26,0.31,0.02,1.99,0.59,1393.46
65.84,0.11,13.78,12.34,1.71,0.03,0.83,1.86,0,0.2,0.66,0.93,0.04,1.49,0.18,744.19
61.69,1.09,9.39,16.08,1.01,0.03,1.22,0.16,0.45,4.32,2.45,0.44,0.03,1.14,0.52,1603.59
69.18,0.17,17.42,0.68,0.97,0.01,0.12,3.26,0.99,3.75,1.27,0.49,0,1.6,0.1,988.85
59.39,0.65,17.09,7.78,0.01,0,1.13,3.76,0.79,4.56,1.15,0.74,0.04,2.51,0.41,1425.65
65.16,0.75,9.93,11.95,0.56,0.03,1.42,0.98,0.44,2.11,3.74,0.67,0.02,1.96,0.26,1264.35
54.59,0.05,12.44,19.72,0.62,0.05,1.21,1.12,0.01,3.62,3.48,0.23,0.02,2.69,0.16,826.03
76.25,1,3.05,9.63,1,0.02,0.58,1.27,0.73,1.38,3.05,0.85,0.04,0.5,0.65,1314.36
69.84,0.48,5.13,10.74,1.61,0.04,1.45,2.42,0.96,2.82,2.39,0.86,0.01,0.47,0.78,1140.19
64.23,1.05,1.31,15.28,0.85,0.04,0.27,4.87,0.88,2.03,4.47,0.89,0.02,2.84,0.98,1634.02
67.1,0.12,2.53,19.43,1.47,0.04,1.94,1.89,0.69,0.92,2.76,0.21,0.01,0.3,0.58,721.34
74.98,1.14,2.2,10.05,1.37,0.02,1.82,0.83,0.02,1.92,2.78,0.25,0.01,2.41,0.19,1468.36
71.9,0.74,8.96,7.21,1.04,0.04,1.65,3.25,0.79,0.44,0.07,0.73,0.01,2.63,0.54,1273.74
53.76,0.58,13.91,14.82,1.41,0.03,1.03,4.63,0.89,1.65,4.02,0.89,0.03,1.67,0.67,1435.1
71.65,0.16,7.49,5.96,1.75,0.03,1.16,1.18,0.8,4.65,3.96,0.49,0.04,0.56,0.11,858.87
77.8,0.53,3.27,5.18,1.17,0.02,1.73,1.13,1,1.8,2.58,0.13,0.03,2.88,0.75,1003.51
72.13,0.52,1.76,17.72,0.76,0.02,0.58,0.76,0.9,0.19,2,0.73,0.02,1.34,0.56,934.58
49.62,1.19,13.65,19.34,1.39,0.01,0.57,4.11,0.43,1.85,4.73,0.01,0.03,2.33,0.74,1948.57
64.19,0.02,9.63,11.81,1.75,0.01,1.65,3.59,0.67,1.97,1.84,0.7,0.05,1.22,0.92,781.85
65.85,0.71,15.63,4.34,1.52,0.04,1.66,3.92,0.3,2.61,1.5,0.34,0.02,0.85,0.69,1366.15
82.68,0.83,5.24,4.03,1.49,0.02,1.14,1,0.61,1.04,0.83,0.39,0.04,0.53,0.12,1166.34
75.35,0.05,7.49,5.64,0.58,0.05,0.39,2.29,0.99,0.15,3.48,0.37,0.05,2.74,0.39,608.78
63.03,1.16,5.07,19.63,1.64,0.01,1.58,0.25,0.55,1.79,2.13,0.47,0.03,1.97,0.7,1582.65
55.88,1.17,13.73,13.76,0.78,0.01,0.12,2.39,0.67,3.25,4.76,0.38,0.03,2.66,0.4,1835.48
51.31,0.66,14.39,18.71,1.14,0.01,1.64,4.09,0.11,2.74,2.44,0.85,0.01,1.28,0.6,1508.5
54.92,0.63,17.19,19.21,0.16,0.01,0.02,2.09,0.66,2.36,0.34,0.2,0.01,1.53,0.68,1364.82
62.77,0.96,15.45,5.53,0.84,0,0.46,3.84,0.37,3.02,4.73,0.72,0.02,1.1,0.19,1597.92
83.48,0.91,2.02,1.23,0.21,0.01,1.25,4.31,0.99,3.66,0.73,0.28,0.01,0.35,0.57,1381.81
67.99,0.96,9.15,9.51,1.87,0.04,0.92,1.66,0.09,4.1,0.85,0.52,0.03,2.23,0.08,1483.62
63.27,0.02,12.71,9.09,0.36,0.05,1.58,2.89,0.7,0.78,4.81,1,0.03,2,0.7,767.04
73.95,0.65,5.09,8.94,0.87,0.01,1.57,2.05,0.55,0.78,2.37,0.76,0.02,1.67,0.7,1197.45
82.91,0.47,6.36,1.71,1.16,0.04,1.16,1.42,0.26,0.8,0.23,0.43,0.01,2.07,0.96,914.77
54.66,0.19,16.32,19.16,1.81,0.04,0.18,1.1,0.91,1.15,1.74,0.05,0.03,1.69,0.96,1032.98
65,1.07,9.11,12.19,0.83,0.01,1.74,2.75,0.43,0.34,3.33,0.4,0.01,2.63,0.18,1617.53
56.34,1.02,14.74,17.93,0.28,0.05,0.02,1.28,0.08,4.73,2.12,0.32,0.01,0.47,0.61,1654.86
62.3,0.07,10.7,15.49,1.2,0.04,0.53,0.39,0.72,4.14,2.51,0.82,0.02,0.6,0.47,815.24
62.89,0.19,3.34,17.66,0.23,0.01,1.99,2.88,0.59,4.22,2.62,0.22,0.02,2.27,0.87,928.17
71.59,0.34,4.72,6.55,1.19,0.01,1.79,4.89,0.68,4.85,1.44,0.82,0.03,0.79,0.32,1115.94
61.19,1.05,11.41,14.43,0.53,0.04,1.21,1.11,0.95,2.56,3.97,0.53,0.05,0.42,0.55,1603.9
80.38,0.04,3.55,5.62,0.95,0.04,0.93,2.81,0.92,3.78,0.25,0.18,0,0.21,0.34,638.07
64.62,0.48,7.09,11.81,1.79,0.05,1.21,2.53,0.68,3.34,2.62,0.74,0.02,2.99,0.05,1163.23
62.59,0.54,7.15,15.41,0.38,0.02,1.4,3.02,0.55,2.17,3.76,0.65,0.04,2.2,0.14,1170.13
59.45,0.47,7.41,17.1,0.36,0.03,0.38,4.74,0.53,3.54,3.23,0.3,0.05,1.88,0.51,1247.46
71.97,0.64,16.03,1.18,0.78,0.04,0.08,3.2,0.4,1.02,3.06,0.83,0.02,0.44,0.31,1200.85
78.76,0.19,4.33,3.6,1.26,0.02,0.1,1.46,0.86,3.98,3.22,0.09,0.04,1.6,0.49,777.74
73.03,1.12,0.16,11.12,1.58,0,0.71,4.89,0.21,2.66,3.73,0.39,0.02,0.19,0.19,1596.43
69.5,0.37,6.87,8.81,0.69,0.03,0.03,4.4,0.3,4.36,2.27,0.78,0.04,0.9,0.64,1068.92
72.2,0.73,8.57,9.39,0.61,0.02,1.1,0.16,0.93,3.25,2.22,0.06,0.03,0.05,0.68,1248.71
74.97,0.49,11.93,2.77,0.23,0.01,0.82,1.27,0.08,1.63,3.53,0.58,0.05,1.31,0.33,950.19
66,0.84,7.42,12.37,1.89,0.02,1,3.88,0.76,2.58,0.32,0.98,0.02,0.95,0.98,1481.98
61.58,0.38,12.98,6.69,0.5,0.05,1.13,3.81,0.71,3.78,4.52,0.5,0.04,2.39,0.95,1205.86
72.53,0.86,16.07,1.9,0.25,0.01,0.29,0.44,0.12,4.98,1.36,0.48,0.04,0.35,0.32,1360.22
63.9,0.88,16.66,4.39,0.83,0.01,0.52,3.26,0.16,2.32,3.23,0.13,0.01,2.9,0.8,1503.81
73.17,0.82,15.41,0.28,0.01,0.01,0.99,2.85,0.11,0.36,4.14,0.46,0.05,0.69,0.65,1305.15
79.97,0.37,3.48,4.52,1.33,0.03,1.2,0.1,0.39,1.55,4.32,0.78,0.02,1.89,0.05,778.78
70.94,0.77,1.75,14.28,1.15,0.02,0.74,0.45,0.32,4.83,2.43,0.47,0.03,1.45,0.36,1256.15
71.24,0.9,16.62,0.06,0.13,0.04,1.26,4.79,0.43,2.08,1.72,0.14,0.02,0.04,0.51,1463.93
74.15,1.02,5.78,1.89,1.95,0.01,1.06,4.05,0.25,4.21,2.79,0.33,0.04,1.87,0.62,1494.34
83.54,0.37,1.59,4.87,0.56,0,0.22,1.35,0.68,0.92,2.61,0.51,0.04,1.83,0.92,783.29
75.07,0.76,0.46,7.63,1.4,0.02,0.84,3.36,0.29,4.54,2.07,0.63,0.05,2.36,0.53,1271.99
75.75,0.54,15.72,0.54,0.81,0.02,1.43,0.06,0.66,1.73,0.49,0.98,0.01,1.05,0.21,1061.76
55.67,0.8,14.09,17.21,0.62,0.03,1.33,3.15,0.72,3.85,0.49,0.17,0.04,1.43,0.43,1493.99
71.58,0.71,5.82,12.74,0.41,0.04,1.56,2.89,0.37,0.07,0.61,0.08,0,2.17,0.96,1196.7
67.38,0.02,2.03,17.21,1.38,0.02,1.99,2.87,0.67,3.27,1.11,0.49,0.01,1.53,0.03,715.82
69.09,0.36,1.43,15.42,0.84,0.04,1.67,1.07,0.42,3.6,2.5,0.86,0.03,1.89,0.79,901.91
76.58,0.16,10.52,1.71,0.52,0.01,1.13,4.22,0.13,3.84,0.72,0.19,0.05,0.03,0.2,800.38
80.56,0.44,1.86,9.37,0.8,0.03,1.74,1.49,0.55,1.86,0.2,0.82,0.03,0.01,0.25,841.1
60.1,0.38,14.61,15.21,0.79,0.01,0.77,4.05,0.45,0.58,0.19,0.33,0.01,2.24,0.28,1152.36
75.81,0.48,10.98,5.9,0.28,0.05,1.13,0.04,0.31,0.8,1.29,0.06,0.01,2.05,0.82,949.51
74.76,0.42,9.4,0.84,0.18,0.03,1.68,0.44,0.42,4.85,3.69,0.2,0.01,2.84,0.22,906.88
66.68,0.59,4.26,13.37,0.47,0.03,0.72,1.26,0.7,4.83,4.35,0.09,0.02,2.08,0.56,1174.93
57.61,0.87,17.55,6.85,1.54,0,1.74,3.89,0.52,4.11,3.33,0.55,0.05,0.39,0.99,1680.17
69.84,0.29,4.89,12.64,0.07,0.05,0.56,1.36,0.86,3.82,3.36,0.15,0.04,1.08,0.99,879.49
57.62,0.81,15.05,14.68,1.19,0.04,1.19,0.26,0.35,1.58,3.57,0.58,0.03,2.54,0.53,1426.45
65.41,0.19,1.47,19.42,1.99,0.03,0.22,4.11,0.54,0.91,2.88,0.04,0.05,2.48,0.26,834.36
63.17,0.51,7.12,17.23,0.71,0,0.43,1.08,0.95,4.62,1.5,0,0.03,2.39,0.27,1149.27
66.02,0.4,13.66,8.57,0.89,0.04,1.53,0.94,0.42,4.24,2.28,0.66,0.02,0.18,0.16,1055.74
60.87,0.49,6.36,17.91,1.09,0.03,1.38,2.66,0.77,3.92,1.76,0.08,0.05,1.93,0.71,1241.63
53.52,0.57,17.72,14.55,1.69,0.02,1.81,3.66,0.75,0.43,3.09,0.34,0.03,1.7,0.11,1419.54
60.41,0.64,8.12,15.53,1.01,0.02,1.44,3.34,0.99,1.76,3.44,0.17,0.04,2.36,0.73,1347.11
57.61,0.7,16,9.89,1.2,0.03,1.3,2.88,0.41,2.7,4.36,0.86,0.04,1.24,0.79,1455.78
61.8,0.47,11.95,11.35,0.6,0.02,1.66,4.56,0.21,2.28,2.17,0.49,0.05,1.56,0.83,1206.54
63.59,0.84,11.65,15.17,0.15,0.01,1.54,1.85,0.91,2.59,0.01,0.7,0.03,0.95,0.02,1442.73
69.32,0.25,2.91,11.66,1.54,0.01,1.4,4.5,0.62,3.88,1.02,0.07,0.02,2.13,0.69,1010
73.79,0.5,14.35,3.06,1.63,0.02,0.31,0.81,0.98,3.12,0.87,0.27,0.02,0.17,0.11,1090.87
48.71,0.92,14.16,19.76,0.14,0.04,0.63,1.64,0.13,4.93,4.9,0.86,0,2.52,0.63,1650.3
53.55,0.83,14.46,16.96,1.09,0.03,1.37,3.89,0.17,3.7,1.71,0.38,0,1.77,0.09,1587
55.81,1.1,11.18,19.81,0.49,0.03,1.93,1.49,0.1,3.17,1.83,0.27,0.05,2.26,0.49,1676.02
67.39,0.6,0.45,18.87,1.09,0,1.4,0.36,0.72,3.51,4.92,0.34,0.01,0.28,0.07,1090.99
52.01,0.97,12.93,19.52,0.62,0.04,0.19,4.52,0.05,3.94,1.54,0.18,0.04,2.69,0.76,1699.76
70.47,0.24,14.83,2.14,1.81,0.03,1.18,4.19,0.67,1.52,1.75,0.17,0.02,0.33,0.65,942.67
54.75,0.21,15.55,14.01,1.78,0,1.6,4.4,0.04,5,1.5,0.21,0.02,0.03,0.89,1202.67
68,0.75,14.24,5,1.43,0.01,1.41,4.6,0.09,0.58,2.79,0.05,0.01,0.57,0.48,1333.51
64.08,0.31,8.56,10.42,1.46,0.05,1.01,1.78,0.26,3.17,4.71,0.76,0.01,2.68,0.74,1008.69
71.88,0.35,8.85,6,0.17,0.04,1.66,1.16,0.24,2.15,4.06,0.08,0.04,2.77,0.56,874.16
80.91,0.08,4.85,2.23,0.52,0.04,0.11,1.42,0.52,4.37,1.25,0.78,0.03,2.03,0.86,639.23
68.79,0.9,15.92,2.65,0.68,0,1.67,4.29,0.48,0.1,0.51,0.62,0.05,2.52,0.8,1471.76
52.44,0.51,17.73,16.5,0.67,0.04,0.87,3.3,0.97,1.23,3.98,0.59,0.05,0.4,0.72,1321.67
76.84,1.16,1.22,3.38,0.41,0.02,0.12,4.83,0.56,4.07,3.86,0.66,0.05,2.71,0.13,1526.57
67.98,1.08,9.43,5.36,1.22,0.01,0.96,4.08,0.03,0.92,4.78,0.45,0.02,2.77,0.91,1604.81
74.3,1.1,3.24,11.56,0.64,0.04,0.32,2.98,0,1.26,0.81,0.21,0.04,2.74,0.76,1441.17
72.13,0.71,4.16,5.49,0.62,0.04,0.51,4.87,0.8,5,2.3,0.59,0.01,1.81,0.97,1376.55
62.43,0.34,15.49,9.76,0.48,0.04,1.68,2.35,0.71,0.91,4.69,0.1,0.01,0.87,0.15,1040.2
69.05,0.49,8.24,10.37,0.08,0.01,1.62,4.05,0.33,2.31,0.92,0.82,0.05,0.87,0.78,1096.67
53.58,0.91,13.48,18.92,0.88,0.02,0.8,1.48,0.64,4.14,0.79,0.98,0.03,2.34,1,1688.11
71.5,0.61,1.28,15.81,1.74,0.01,0.05,0.68,0.32,4.62,0.01,0.8,0.04,2.43,0.08,1110.16
69.38,0.15,0.57,17.47,1.29,0.03,1.93,3.85,0.4,2.18,0.72,0.3,0.02,0.78,0.92,859.05
55.23,0.02,10.57,15.43,1.46,0.03,0.82,4.59,0.33,3.75,4.63,0.13,0.05,2.33,0.62,985.73
66.46,0.06,7.77,15.13,1.62,0.01,0.1,4.01,0.42,0.72,0.43,0.64,0.03,2.56,0.03,773.27
59.63,1.04,15.97,8.93,0.15,0.05,0.14,2.95,0.49,4.18,2.51,0.47,0.04,2.89,0.55,1717.79
69.82,1,5.75,11.52,0.31,0.03,1.67,0.94,0.32,2.24,4.23,0.73,0.02,0.73,0.7,1425.11
60.59,0.58,10.68,12.97,1.12,0.03,1.78,4.34,0.15,2.93,2.2,0.29,0.03,1.53,0.77,1326.96
57.31,0.04,13.43,18.25,1.17,0.03,0.09,2.52,0.53,0.19,3.91,0.28,0.04,1.21,1,838.79
67.57,0.26,1.05,19.6,0.49,0.03,0.75,3.2,0.6,3.54,0.09,0.84,0.02,1.56,0.41,962.32
72.18,0.53,15.66,0.62,0.71,0.02,1.49,0.91,0.29,3.62,0.38,0.2,0.04,2.63,0.73,1090.69
68.8,0.64,1.78,16.54,0.25,0.02,0.1,3.55,0.5,4.54,0.69,0.82,0.03,1.1,0.64,1241.96
67.97,0.29,16.48,6.26,2,0.04,1.38,0.06,0.45,2.51,1.88,0.15,0.02,0.22,0.29,973.55
58.61,0.11,13.54,13.42,1.88,0.02,1.57,2.94,0.65,2.74,3.9,0.04,0,0.29,0.29,1039.27
65.16,0.86,5.05,13,0.24,0,1.39,3.58,0.62,1.29,4.64,0.88,0.03,2.97,0.3,1456.96
65.17,0.59,16.7,9.24,0.94,0,0.42,0.79,0.57,1.59,0.39,0.51,0.03,2.21,0.84,1141.72
73.02,0.82,0.24,12.67,0.81,0.02,0.59,0.64,0.4,1.54,4.8,0.94,0.03,2.71,0.75,1193.29
66.22,0.42,10.87,4.41,1.37,0,1.66,2.92,0.06,4.36,4.39,0.85,0.04,2.03,0.4,1118.06
74.45,0.42,6.45,11.31,0.42,0.01,1.43,0.04,0.15,2.17,0.75,0.96,0.03,1.3,0.11,851.54
56.73,0.47,11.71,19.38,0.95,0.03,0.39,3.12,0.24,0.99,2.55,0.21,0.04,2.81,0.39,1152.39
70.63,0.47,10.07,7.46,1.25,0.03,0.2,3.49,0.9,0.13,2.76,0.6,0.04,1.16,0.82,1072.11
66.8,0.65,7.36,14.39,1.85,0.04,1.86,1.33,0.12,2.67,0.22,0.67,0.01,1.36,0.66,1176.68
62.74,1.06,13.76,12.02,1.4,0.02,0.75,0.8,0.8,1.91,3.46,0.3,0.04,0.32,0.63,1600.64
58.05,0.97,11.88,13.92,1.05,0.03,0.13,1.25,0.72,4.73,2.71,0.73,0.03,3,0.8,1599.28
67.81,0.44,4.51,17.07,0.89,0.03,1.93,4.18,0.79,0.71,0.11,0.13,0.04,1.23,0.12,1086.6
69.97,0.89,3.5,11.78,1.48,0.03,1.99,2.17,0.31,1.01,2.52,0.85,0.05,2.92,0.53,1381.91
81.48,0.56,2.74,1.31,0.87,0.01,1.77,3.81,0.62,0.24,3.11,0.62,0.02,1.97,0.86,1093.68
75.68,0.91,8.52,5.25,0.96,0.05,1.64,0.14,0.78,0.85,2.86,0.81,0.03,1.21,0.32,1293.96
71.67,0.99,14.82,5.65,1.6,0,0.41,2.57,0.41,0.56,0.21,0.61,0.02,0.05,0.43,1469.5
58.62,0.38,10.38,18.6,0.62,0.05,0.17,0.44,0.71,3.74,2.11,0.29,0.04,2.87,0.99,1127.92
53.86,0.99,14.38,19.87,1.62,0.03,0.75,2.99,0.88,1.53,0.15,0.33,0.05,2.38,0.19,1697.43
64.54,0.02,12.04,11.58,0.17,0.05,1.24,3.26,0.85,1.69,2.79,0.58,0.05,0.39,0.76,839.75
79.93,1,0.22,5.13,0.36,0.02,1.81,0.03,0.49,4.42,4.63,0.66,0.04,0.97,0.29,1313.87
72.46,0.07,9.06,9.12,0.74,0.01,0.46,1.02,0.94,4.83,0.02,0.17,0.04,0.12,0.94,802.09
79.16,0.92,4.39,2.01,1.62,0.05,1.32,4.13,0.94,1.14,1.75,0.22,0,2.2,0.15,1294.39
74.32,0.12,6.44,1.21,0.36,0,1.75,3.9,0.86,4.34,4.72,0.19,0.05,1.58,0.17,797.11
76.51,0.07,1.42,8.47,1.65,0.02,1.53,0.28,0.39,0.64,4.32,0.97,0.02,2.97,0.75,614.26
61.77,0.01,8.73,16.68,1.07,0.03,0.9,1.98,0.03,3.11,3.83,0.79,0.03,1.02,0.02,745.96
82.04,0.73,3.5,2.84,0.17,0.04,1.29,3.11,0.92,0.79,0.85,0.19,0.02,2.62,0.88,1168.29
56.97,0.71,11.85,17.96,1.25,0.01,1.41,3.85,0.64,1.37,2,0.47,0.01,1.36,0.16,1433
77.02,1.14,4.43,9.34,0.07,0.01,1.39,0.56,0.63,0.01,2.33,0.72,0.05,1.48,0.84,1417.99
64.36,0.97,5.32,17.49,1.28,0.01,1.88,0.88,0.47,2.33,3.13,0.66,0.01,1.06,0.14,1476.71
74.45,0.9,7.97,1.92,0.9,0.01,1.56,0.48,0.45,2.96,4.93,0.09,0.01,2.96,0.41,1329.91
64.94,0.9,14.1,6.29,0.43,0.01,1.53,4.2,0.7,2.21,1.31,0.43,0.05,2.59,0.32,1568.07
74.87,0.52,10.31,8.45,0.48,0.01,0.28,0.06,0.28,0.86,1.29,0.08,0.02,1.56,0.94,956.81
73.51,0.42,0.56,7.25,1.63,0.02,0.58,4.59,0.3,4.85,4.16,0.68,0.03,0.67,0.73,1079.36
67.77,0.13,5.33,10.58,0.94,0.02,0.94,3.72,0.46,2.53,3.51,0.84,0.03,2.84,0.35,783.27
66.7,0.31,12.48,3.51,1.8,0.02,1.4,2.85,0.05,3.55,3.95,0.98,0.02,1.51,0.87,1025.18
63.93,0.17,17.61,5.41,1.51,0.02,0.48,4.57,0.46,2.83,1.11,0.32,0.04,1.03,0.51,997.6
57.5,0.15,15.3,14.75,1.52,0.01,0.99,0.14,0.32,1.74,4.57,0.99,0.03,1.55,0.44,931.51
61.43,0.97,16.7,7.79,0.85,0.05,1.33,4.26,0.22,1.59,1.96,0.32,0.04,1.53,0.95,1664.95
87.65,0.39,0.67,2.76,0.43,0.03,0.36,1.91,0.8,0.62,0.4,0.54,0.03,2.73,0.66,773.38
70.98,0.98,11.97,10.12,0.04,0.01,0.32,0.26,0.78,0.66,1.79,0.98,0.02,0.42,0.69,1376.37
64.48,0.97,5.02,16.19,0.54,0.03,0.25,2.14,0.52,3.63,3.25,0.85,0.01,1.98,0.13,1572.3
73.82,0.04,1.27,16.79,0.57,0.02,1.28,1.1,0.19,2.11,0.29,0.92,0.05,1.34,0.21,515.1
82.09,0.57,1.8,7.96,0.15,0.04,0.55,2.6,0.01,2.62,0.02,0.93,0.03,0.3,0.34,958.7
67.95,0.16,8.52,6.11,1.52,0.02,1.7,4.71,0.97,1.3,3.84,0.44,0.02,2.6,0.15,900.51
71.53,0.58,10.67,1.32,1.73,0.02,1.31,4.64,0.72,4.43,0.35,0.49,0.03,2.07,0.12,1248.8
68.44,0.09,8.45,12.01,1.92,0.03,1.18,1.07,0.15,3.04,1.11,0.71,0.01,1.02,0.77,787.86
79.01,1,6.21,4.13,1.92,0.04,1.61,1.11,0.42,0.34,0.55,0.22,0.02,2.99,0.42,1338.11
79.25,0.3,2.6,4.87,1.76,0.03,0.9,4.1,0.24,1.2,2.84,0.79,0.01,0.63,0.47,854.04
61.88,0.17,13.46,11.55,1.03,0.04,1.47,0.75,0.42,1.61,4.01,0.72,0.02,2.47,0.41,875.69
57.29,0.15,12.31,14.47,1.32,0.04,1.02,4.49,0.57,2.54,2.55,0.91,0.01,2.09,0.24,1006.48
68.59,0.12,17.17,2.59,1.37,0.02,1.67,3.87,0.14,2.34,0.14,0.43,0.04,0.7,0.81,876.22
61.66,1.2,17.99,10.4,1.14,0.05,1.54,0.84,0.79,1.15,2.15,0.53,0.04,0.45,0.08,1697.34
56.8,1.04,14.88,10.47,1.32,0.04,0.95,1.29,0.48,4.75,4.19,0.47,0.01,2.67,0.64,1683
68.26,0.9,5.71,12.13,1.14,0.03,1.08,3.15,0.08,3.33,0.97,0.39,0.03,2.06,0.74,1442.05
75.55,0.85,1.71,7.74,0.56,0.02,1.29,0.96,0.5,4.42,3.66,0.73,0.04,1.2,0.76,1252.55
61.92,0.63,3.3,19.51,1.7,0.05,1.62,4.76,0.37,2.49,1.2,0.64,0.04,1.5,0.3,1292.1
67.23,0.61,1.13,14.42,0.9,0.04,1.85,0.63,1,4.85,3.14,0.83,0,2.91,0.46,1194.62
69.38,0.95,7.52,7.25,1.89,0.03,1.68,2.72,0.92,3.7,0.36,0.77,0,2.49,0.33,1548.73
61.34,0.72,13.49,12.74,1.34,0.04,0.75,2.74,0.17,2.34,0.75,0.63,0.02,2.58,0.34,1363.32
71.34,0.22,3.67,15.66,0.99,0.01,0.06,2.33,0.74,1.76,1.24,0.4,0.05,1.27,0.26,761.07
66.98,0.69,14.59,0.45,1.12,0.04,0.43,4.61,0.58,2.58,4.82,0.13,0.04,2.46,0.49,1363.84
67.4,0.19,10.13,14.77,1.06,0.03,0.21,0.49,0.85,0.25,1.42,0.94,0.02,2.02,0.22,777.05
65.91,0.33,9.16,12.76,1.92,0.03,0.19,1.83,0.24,1.27,2.53,0.32,0.01,2.9,0.58,940.99
57.66,0.98,15.96,13.58,0.86,0.04,1.87,0.83,0.86,4.24,1.83,0.29,0.03,0.82,0.15,1601.29
73.03,1.14,8.84,9.45,0.25,0.03,1.49,1.24,0.37,0.89,1.78,0.86,0.01,0.09,0.54,1455.56
82.39,0.77,0.68,6.81,0.29,0.01,0.77,2.47,0.09,0.51,3.37,0.4,0.01,0.7,0.72,1132.17
70.44,0.07,9.16,7.21,1.62,0.04,1.38,1.92,0.63,3.2,1.66,0.88,0.05,0.94,0.8,677.69
62.49,0.47,5.26,18.39,1.48,0.02,1.5,3.59,0.27,0.88,4.18,0.81,0.05,0.06,0.54,1136.87
64.85,0.84,10.49,14.21,0.27,0,0.19,1.9,0.33,4.37,0.42,0.44,0.05,1.51,0.13,1444.72
54.85,0.02,17.43,11.34,1.41,0.02,1.92,2.95,0.66,4.3,4.31,0.03,0.01,0.74,0.01,942.32
70.95,1.05,5.71,6.94,0.2,0.05,1.65,2.86,0.77,3.89,3.28,0.17,0.04,1.71,0.72,1575.04
57.32,0.76,10.33,16.86,0.76,0.02,1.01,2.92,0.22,3.41,4.01,0.58,0.03,0.88,0.91,1478.81
67.38,0.91,8.65,13.18,0.67,0,0.41,0.4,0.51,3.11,1.9,0.53,0,2.31,0.03,1361.83
62.08,0.23,9.42,15.62,0.83,0.02,0.28,2.97,0.83,2.81,0.83,0.66,0,2.51,0.92,1086.5
71.19,0.72,15.87,1.69,0.46,0.02,1.55,2.42,0.35,0.79,4.05,0.02,0.02,0.73,0.13,1252.66
65.35,0.52,9.33,14.55,1.78,0.01,0.17,1.6,0.55,0.5,3.58,0.56,0.04,1.07,0.4,1069.19
76.62,0.97,4.81,7.63,0.03,0.03,1.7,0.14,0.61,4.23,2.47,0.31,0.05,0.19,0.21,1323.27
61.29,0.99,6,16.24,1.37,0.02,1.05,0.89,0.12,3.58,4.24,0.72,0.05,2.67,0.78,1542.19
71.24,1.08,3.01,14.63,1.51,0.01,1.82,0.04,0.43,0.11,2.62,0.41,0.03,2.3,0.77,1412.39
57.96,0.51,14.69,13.09,1.36,0.01,0.65,4.78,0.85,0.82,2.72,0.49,0.02,1.41,0.64,1337.8
50.69,1.16,15.76,17.5,1.41,0,0.88,2.56,0.84,4.61,2.26,0.3,0.02,1.74,0.27,1923.7
79.49,1.19,1.97,3.76,1.02,0.04,0.71,4.19,0.43,4.26,1.39,0.47,0.01,0.65,0.42,1618.36
56.62,0.41,14.17,14.95,0.72,0.05,1.95,4.59,0.59,2.06,1.57,0.02,0.03,1.66,0.63,1217.04
71.89,0.84,6.49,10.33,0.73,0,1.75,0.74,0.58,4.42,1.11,0.41,0.02,0.27,0.42,1356.16
83.01,0.58,0.48,9.76,0.19,0.04,1.3,0.28,0.83,1.81,1.13,0.25,0.03,0.24,0.06,901.48
58.45,0.59,7.44,18.94,0.48,0.01,1.81,3.23,0.05,3.37,4.1,0.27,0.02,0.59,0.63,1317.17
69.43,0.8,1.23,13.55,1.32,0,1.11,3.07,0.43,4.51,1.64,0.07,0.03,1.82,0.99,1383.57
65.6,0.56,15.51,8.29,1.54,0.01,0.82,0.77,0.95,0.89,2.1,0.08,0.05,1.87,0.96,1152.82
76.42,0.06,3.15,7.6,1.24,0.02,1.42,0.83,0.6,1.99,2.54,0.57,0,2.77,0.79,692.77
73.06,0.05,8.96,8.53,0.75,0.04,0.36,0.88,0.52,3.44,0.11,0.55,0.01,2.27,0.47,609.58
62.32,1,7.15,16.54,1.43,0.04,1.62,2.43,0.37,3.83,1.81,0.09,0.04,1.19,0.13,1597.92
75.4,1.03,9.98,1.76,1.39,0.03,0.42,4.5,0.09,1.87,0.47,0.91,0,1.28,0.86,1535.15
77.56,0.31,1.89,2.54,0.81,0.02,1.44,1.19,0.7,4.99,4.32,0.64,0.05,2.97,0.57,871.24
68.75,1.01,1.52,18.73,0.73,0.02,0.69,1.6,0.52,2.9,2.13,0.41,0.04,0.01,0.95,1476.92
63.46,0.86,12.73,8.44,1.93,0,0.15,4.02,0.74,1.36,2.97,0.53,0.03,1.79,0.99,1489.23
72.65,0.68,11.21,6.23,1.27,0.03,1.81,1.19,0.7,2.25,0.65,0.32,0,0.96,0.07,1214.23
68.84,1.11,1.83,16.35,1.81,0.02,0.11,2.98,0.23,0.88,2.83,0.36,0.04,1.77,0.83,1576.66
60.37,0.98,12.23,11.48,1.26,0.01,1.19,2.47,0.38,4.44,4.15,0.08,0.05,0.69,0.22,1629.41
59.43,1.13,8.01,16.11,0.58,0.04,1.66,2.6,0.71,4.82,2.26,0.49,0.04,1.16,0.96,1769.22
73.38,0.86,7.73,5.18,0.83,0.04,1.09,1.68,0.67,3.06,2.8,0.39,0,1.86,0.42,1324.69
82.06,0.52,4.21,4.99,1.57,0.02,0.22,0.23,0.22,2.44,3.09,0.14,0.02,0.22,0.04,894.88
75.43,0.94,3.27,6.44,0.89,0.03,1.07,2.76,0.16,2.37,4.12,0.51,0.01,1.24,0.75,1397.11
63.71,0.17,10.45,19.31,0.76,0,1.27,0.24,0.19,0.24,0.85,0.85,0.04,1.03,0.9,790.27
69.44,0.09,13.15,7.51,0.61,0.01,0.02,3.71,0.15,2.6,0.08,0.63,0.02,1.89,0.09,864.12
76.68,0.33,1.99,12.92,0.22,0.03,0.27,4.72,0.42,0.63,0.21,0.33,0.04,0.43,0.79,916.96
63.38,1.05,17.96,1.36,1.59,0,0.63,3.23,0.45,2.83,4.83,0.82,0.02,1.8,0.05,1666.1
60.77,0.55,10.95,14.29,1.8,0.01,1.8,3.31,0.08,1.9,2.38,0.35,0.01,1.65,0.13,1234.84
60.06,0.67,10.66,17.77,0.14,0.03,1.13,0.87,0.12,3.47,1.7,1,0.04,1.7,0.64,1274.7
66.76,0.2,16.09,9.18,1.04,0.04,0.01,2.47,0.63,0.8,0.34,0.53,0.03,0.99,0.88,909.21
81.78,0.23,0.2,8.52,1.05,0.04,0.9,1.39,0.6,1.91,1.17,0.91,0.03,0.6,0.67,634.88
62.72,0.97,13.65,11.99,1.04,0.04,1.42,2.86,0.66,0.84,0.1,0.93,0.05,2.36,0.37,1523.6
60.13,0.87,6.03,15.92,1.35,0.03,1.86,4.47,0.71,1,4.69,0.23,0.02,2.48,0.21,1496.87
69.09,0.77,8.24,12.48,1.92,0.04,0.59,0.29,0.97,2.93,0.87,0.63,0,0.56,0.63,1258.1
58.36,0.79,15.6,13.57,0.93,0.03,1.39,3.88,0.31,0.57,3.41,0.12,0.02,0.69,0.33,1446.45
61.46,0.57,16.13,13.61,0.34,0.04,1,1.02,0.53,0.95,1.84,0.81,0.03,1.43,0.23,1208.44
65.04,0.6,0.42,18.89,0.18,0.03,1.62,3.74,0.81,3.7,2.23,0.9,0.05,1.31,0.48,1205.03
78.88,0.59,5.02,2.3,0.52,0.04,1.09,4.25,0.75,1.74,0.93,0.57,0.05,2.52,0.76,1106.09
71.61,0.21,5.14,11.56,0.63,0.04,0.75,0.57,0.78,3.49,1.27,0.98,0.02,2.04,0.91,866.53
57.39,0.2,15.82,14.08,0.34,0.03,1.75,4,0.76,0.81,0.95,0.55,0.03,2.83,0.47,1009.63
71.84,0.07,1.24,11.48,0.35,0.04,1.19,4.32,0.43,2.98,2.63,0.99,0.04,1.79,0.61,734.23
59.13,0.31,13.23,19.66,0.26,0.03,1.04,4.25,0,0.68,0.19,0.16,0.04,0.42,0.62,1038.93
64.43,0.37,17.73,4.54,1.51,0.01,0.8,4.4,0.03,1.54,2.44,0.63,0,1.23,0.34,1149.23
67.5,0.04,6.4,18.63,0.55,0.03,0.6,0.53,0.29,2.35,1.48,0.62,0.05,0.21,0.72,670.86
75.15,0.07,13,0.59,0.99,0.03,0.48,2.9,0.26,1.07,4.09,0.33,0.04,0.65,0.36,651.67
70.69,0.13,8.94,7.63,0.01,0.02,0.15,4.18,0.49,3.45,4.11,0.05,0.02,0.08,0.05,845.13
79.51,0.55,1.1,5.25,0.49,0.01,1.28,3.49,0.34,3.94,2.09,0.52,0.01,0.7,0.73,1060.36
73,1.17,12.68,1.08,0.29,0.02,1.47,0.83,0.75,2.78,3.87,0.56,0.03,0.75,0.72,1600.11
74.2,1.19,10.56,3.43,1.76,0.01,0.09,2.15,0.1,0.58,2.32,0.61,0.05,2.12,0.84,1548.92
71.57,0.5,5.73,11.86,1.39,0.03,0.53,1.85,0.45,0.07,4.4,0.51,0.04,0.52,0.56,967.61
68.88,0.47,10.81,7.88,1.35,0.02,0.32,4.74,0.24,2.81,0.3,0.92,0.05,1.09,0.12,1086.29
68.35,0.93,4.72,14.01,1.83,0.03,1.72,1.12,0.91,1.13,1.13,0.88,0.03,2.4,0.8,1381.68
80.7,0.83,1.15,4.01,1.29,0.05,1.54,1.66,0.82,4.83,1.66,0.19,0.01,1.2,0.05,1266.9
65.31,0.59,13.18,10.61,1.94,0.02,0.03,2.35,0.93,0.48,1.11,0.72,0.01,2.3,0.42,1233.36
77.67,0.11,6.95,6.66,1.62,0.03,1.55,1.86,0.69,0.33,0.18,0.29,0.04,1.6,0.41,702.35
60.41,1.08,8.95,12.27,1.97,0.03,1.57,2.07,0.04,4.17,4.72,0.43,0.03,1.27,1,1710.33
70.34,0.04,8,2.99,1.75,0,1.75,4.7,0.07,3.6,2.74,0.95,0.04,2.08,0.93,880.69
68.18,0.2,6.77,16.86,0.2,0.05,1.49,2.2,0.34,0.74,0.47,0.42,0.04,1.6,0.45,771.1
74.95,1.19,0.46,6.24,1.54,0.03,0.63,4.96,0.62,1.48,4.24,0.15,0.02,2.52,0.98,1626.97
72.27,0.47,2.49,11.34,1.89,0.03,1.2,1.55,0.61,4.42,1.88,0.24,0.02,1.13,0.47,1043.5
58.86,0.99,7.21,19.36,1.42,0.02,0.5,3.43,0.3,4.63,0.58,0.03,0.01,1.82,0.83,1664.45
71.84,0.21,10.53,2.88,1.13,0,1.12,2.61,0.04,3.45,2.86,0.62,0.03,2.17,0.53,894.8
61.64,1.11,4.72,19.88,0.53,0,1.92,1.12,0.58,4.85,0.25,0.27,0.03,2.29,0.81,1690.66
73.39,1.06,3.03,7.4,1.43,0.04,0.62,1.52,0.32,4.46,4.55,0.01,0.02,1.18,0.98,1515.19
73.45,0.06,3.44,8.68,1.92,0,1.58,0.96,0.51,3.83,3.46,0.78,0.04,0.92,0.36,714.97
72.24,0.98,0.7,10.29,1.84,0.04,1.61,0.11,0.89,4.56,3.32,0.3,0.02,2.29,0.81,1393.29
66.02,0.89,12.35,10.26,0.84,0.03,0.06,0.38,0.57,1.05,3.87,0.77,0.04,2.71,0.14,1305.89
62.67,0.32,4.54,15.65,1.04,0.01,0.27,4.47,0.69,2.64,4.83,0.85,0.01,1.52,0.49,1083.9
50,0.55,11.46,18.91,1.8,0.03,1.21,4.26,0.74,4.4,4.48,0.83,0,0.93,0.4,1483.83
75.16,0.82,5.52,6.47,0.8,0.05,0.87,0.7,0.01,1.18,4.69,0.95,0.03,1.94,0.8,1170.38
57.94,0.77,16.17,14.54,0.7,0.05,1.33,4.15,0.39,0.01,0.83,0.93,0,1.79,0.41,1448.87
83.69,0.52,7.21,1.35,0.24,0,0.11,0.43,0.7,0.57,1.31,0.66,0.01,2.73,0.48,883.65
67.72,0.4,10.3,9.47,0.91,0.04,0.38,2.5,0.42,3.37,0.25,0.53,0.02,2.92,0.76,1049.67
63.11,0.19,9.17,15.67,1.05,0.02,0.75,1.84,0.02,3.65,3.05,0.27,0.03,0.93,0.24,928.54
65.41,0.75,14.11,7.31,0.14,0.03,0.51,3.89,0.36,3.35,2.76,0.82,0.04,0.2,0.3,1414.51
72.67,1.05,7.27,10.3,0.37,0.03,0.53,4.15,0.2,1.8,0.48,0.59,0.05,0.52,0.02,1527.18
66.29,1.17,0.92,15.72,0.74,0.01,0.38,4.62,0.81,1.56,4.7,0.11,0.02,1.96,1,1701.99
56.29,0.56,14.59,18.32,0.02,0.01,0.2,3.88,0.57,0.48,2.1,0.51,0.03,2.34,0.09,1249.59
62.44,0.91,11.84,14.46,0.15,0.03,1.68,3.57,0.86,1.03,1.43,0.44,0.03,0.76,0.38,1527.01
67.26,0.83,11.62,2.21,1.97,0.03,0.97,4.84,0.14,2.72,4.03,0.4,0.04,2.7,0.26,1437.81
77.62,0.51,2,4.63,1.75,0.03,0.54,4.72,0.77,1.81,3.83,0.6,0.03,0.96,0.21,1019.58
70.09,0.31,1.51,9.42,0.81,0,1.71,3.41,0.45,4.84,4.7,0.1,0.03,2.45,0.17,981.08
57.91,0.34,17.37,15.61,0.12,0.04,0.34,1.79,0.32,1.36,1.54,0.75,0.01,2.4,0.09,1032.5
73.27,0.72,15.53,1.59,1.27,0.03,0.66,0.5,0.68,1.55,1.69,0.72,0.05,1,0.75,1201.17
68.66,0.99,5.16,6.66,1.37,0.04,0.8,3.33,0.96,4.43,3.51,0.94,0.04,2.19,0.92,1577.87
66.83,0.98,9.04,10.05,0.02,0,1.49,2.77,0.76,4.75,2.26,0.09,0.03,0.3,0.62,1649.61
77.39,0.43,2.59,4.72,1.37,0.02,1.08,1.61,0.84,5,1.56,0.72,0.01,2.23,0.43,999.08
65.98,0.73,4.28,17.03,0.35,0.05,0.12,1.44,0.56,4.29,2.89,0.22,0.04,1.79,0.23,1321.73
53.16,0.82,13.03,17.91,1.65,0.03,0.06,3.75,0.97,1.53,3.03,0.77,0.03,2.77,0.47,1599.13
68.21,0.64,0.69,18,0.52,0.05,0.4,1.27,0.48,3.3,2.2,0.35,0.03,2.87,0.96,1200.59
70.93,0.87,11.76,2.26,1.08,0.04,0.4,1.74,0.2,4.43,4.29,0.17,0.04,1.09,0.69,1362.14
57.79,0.6,8.5,17.63,1.27,0.01,0.22,4.67,0.15,3.67,2.48,0.14,0.04,2.71,0.12,1417.05
68.44,0.54,7.42,5.99,1.13,0.01,1.43,2.75,0.85,4.61,4.5,0.6,0.02,1.07,0.65,1234.5
64.4,0.86,2.9,19.96,0.22,0.03,1.06,2.95,0.53,0.29,4.98,0.98,0.03,0.63,0.18,1362.05
64.1,0.58,7.49,10.5,1.75,0,1.09,3.51,0.97,3.7,2.74,0.77,0.05,2.67,0.09,1273.37
58.35,0.69,14.16,13.44,0.83,0.02,1.25,2.06,0.39,4.18,1.58,0.64,0.04,1.87,0.49,1413.45
61.1,1.2,14.55,12.69,0.94,0.01,1.38,0.89,0.89,1.77,2,0.22,0.02,2.04,0.3,1730.43
69.17,0.85,11.17,7.45,0.63,0.04,0.02,3.58,0.42,3.59,2.54,0.08,0.05,0.26,0.16,1423.6
67.98,0.36,10.24,10.43,0.66,0.03,1,2.89,0.21,4.63,0.55,0.69,0.04,0.25,0.03,1022.58
60.8,0.41,14.22,14.35,1.64,0.02,1.99,1.83,0.81,1.75,1.09,0.34,0.01,0.39,0.36,1157.29
60.91,0.05,7.76,19.16,0.72,0.01,0.61,3.96,0.31,1.92,3.94,0.26,0.02,0.19,0.17,817.11
64.45,0.26,8.34,16.42,0.71,0.02,0.6,1.6,0.4,4.5,0.12,0.62,0.04,1.25,0.65,916.21
84.85,0.17,3.95,1.15,1.53,0.03,1.57,1.45,0.8,1.55,0.61,0.53,0.05,1.24,0.52,672.43
75.76,0.55,8.23,4.29,0.84,0.02,1.49,0.7,0.57,3.31,1.91,0.55,0.04,1.4,0.33,1048.99
57.88,0.66,8.06,17.86,1.82,0.01,0.72,4.26,0.49,1.44,4.81,0.22,0.03,1.28,0.45,1385.88
78.33,0.14,4.63,3.34,1.5,0.03,1.59,3.5,0.13,4.89,0.94,0.35,0.04,0.42,0.17,756.1
53.32,0.8,15.46,19.46,0.42,0.01,1.48,0.94,0.58,2.66,2.8,0.65,0.04,0.82,0.56,1530.13
82.31,0.41,5.74,0.41,1.2,0.05,1.52,1.21,0.72,1.49,3.77,0.85,0.02,0.01,0.31,856.61
76.83,0.36,0.65,10.63,1.75,0.02,0.75,0.89,0.39,1.65,4.97,0.03,0.01,0.21,0.86,808.33
55.17,0.51,14.33,13.84,1.86,0,0.41,3.51,0.59,3.47,2.88,0.58,0.05,2.76,0.04,1339.2
77.68,0.44,0.89,9.45,1.95,0,1.63,0.98,0.58,1.94,1.75,0.87,0.05,1.16,0.64,832.88
82.79,0.67,1.38,0.82,1.55,0.02,0.62,4.93,0.09,1.35,4.28,0.41,0.03,0.15,0.92,1120.44
60.84,0.2,8.96,16.34,0.53,0.01,0.82,4.91,0.01,2.52,3.35,0.81,0.04,0.22,0.46,988.07
76.73,0.1,11.16,1.54,0.1,0.02,1.88,3.55,0,1.42,0.09,0.29,0.03,2.28,0.8,722.92
60.5,1.04,13.1,10.76,1.91,0.05,1.8,1.01,0.21,4.51,1.99,0.8,0.03,2.29,0.03,1632.89
65.12,0.52,15.43,9.8,1.38,0.04,0.24,0.78,0.72,0.27,1.71,0.92,0.03,2.73,0.31,1055.82
67.03,0.14,17.83,3.52,0.38,0.04,1.6,4.89,0.07,0.47,2.24,0.59,0,0.48,0.7,941.27
66.08,0.81,1.61,18.63,0.51,0.04,1.85,2.45,0.41,1.39,4.04,0.2,0.03,1.7,0.25,1300.26
63.45,0.44,15.89,5.29,2,0.01,0.49,3.33,0.16,4.44,0.55,0.98,0.04,2.52,0.41,1195.23
57.45,0.62,8.21,19.75,0.07,0.02,1.94,1.85,0.4,3.16,4.54,0.29,0.05,0.85,0.82,1306.44
73.8,0.98,8.1,7.81,0.86,0.03,0.53,1.19,0.48,0.18,3.21,0.82,0.04,1.41,0.57,1335.44
60.71,0.04,16.42,11.16,0.63,0.01,1.32,2.92,0.19,2.05,3.38,0.3,0.03,0.76,0.07,894.2
58.55,0.26,13.58,13.39,1.01,0.05,1.77,2.82,0.56,1.39,4.6,0.9,0.04,0.38,0.7,1026.09
68.36,0.31,3.4,15.18,1.92,0.01,0.33,1.1,0.96,3.48,3.39,0.51,0.03,0.87,0.15,945.34
69.31,0.31,11.39,4.19,0.98,0.01,1.52,1.6,0.44,3.77,3.3,0.4,0,2.76,0.01,1019.69
63.05,0.88,17.02,6.13,0.15,0.01,0.63,2.26,0.53,3.63,4.5,0.46,0.04,0.38,0.33,1527.18
70.78,1.09,16,6.53,0.47,0.01,0.57,0.41,0.13,1.07,0.04,0.05,0.03,1.86,0.95,1477.95
74.29,0.49,8,1.35,0.3,0.03,0.47,3.87,0.71,3.74,3.45,0.71,0.03,2.03,0.53,1083.73
67.85,0.49,0.25,17.79,0.54,0,0.85,4.08,0.4,1.31,2.72,0.57,0.04,2.4,0.71,1080.81
71.28,0.02,0.04,19.55,0.53,0.01,1.46,2.91,0.46,0.58,0.41,0.7,0.01,1.31,0.74,646.97
55.27,1.11,12.31,17.73,0.18,0,0.86,4.14,0.41,4.42,1.17,0.04,0.04,1.88,0.44,1857.54
67.84,1.02,14.84,6.49,1.68,0.02,1.24,0.96,0.26,2.24,1.57,0.13,0.02,1.53,0.16,1504.34
72.72,0.18,16.54,3.99,0.13,0.02,0.38,0.31,0.75,2.79,0.29,0.47,0,1.06,0.36,800.73
59.76,0.99,13.24,17.94,0.28,0.03,0.04,4.13,0.37,0.35,1.62,0.29,0.04,0.38,0.56,1614.49
75.74,1.12,0.01,7.08,0.74,0,1.63,3.44,0.53,2.03,4.48,0.26,0.02,2.86,0.06,1540.42
59.36,0.94,12.93,18.04,0.18,0.05,0.06,1.69,0.08,0.26,4.82,0.72,0.03,0.32,0.53,1423.04
63.15,0.75,14.24,8.87,0.99,0.03,0.25,4.14,0.84,2.71,0.94,0.5,0.01,2.29,0.31,1425.4
61.77,0.38,17.01,8.44,1.58,0.03,0.63,0.62,0.8,3.81,0.85,0.25,0.04,2.95,0.84,1144.02
79.06,0.35,0.17,6.42,1.94,0.04,0.1,2.51,0.08,3.95,1.86,0.91,0,2.2,0.4,865.6
70.44,0.33,9.31,9.71,0.7,0.03,1.32,0.39,0.6,3.55,0.38,0.66,0.04,2.5,0.04,927.7
74.65,0.48,9.77,5.3,0.62,0.03,0.3,1.85,0.3,1.19,2.42,0.84,0.01,1.98,0.25,993.71
58.29,0.18,16.98,12.66,0.21,0.03,0.35,4.44,0.25,4.03,1,0.56,0.05,0.89,0.08,1002.25
70.16,0.88,10.63,6.93,1.41,0.01,1.83,1.73,0.76,1.29,3.57,0.03,0.01,0.28,0.45,1410.98
63.58,0.53,6.46,19.62,0.49,0.04,0.89,1.67,0.2,3.17,1.67,0.81,0.05,0.68,0.13,1102.73
51.22,0.37,17.47,15.58,1.93,0.02,0.61,2.04,0.52,3.71,4.41,0.46,0.01,0.96,0.7,1212.2
75.39,0.69,8.76,4.06,1.75,0.04,0.28,1.84,0.54,2.27,1.99,0.72,0,1.41,0.26,1168.91
75.78,0.21,4.65,10.14,1.95,0.03,0.56,1.91,0.41,0.77,0.8,0.15,0.03,2.02,0.59,727.49
64.64,1.17,2.27,19.73,0.93,0.01,1.89,2.34,0.35,1.07,1.34,0.98,0.02,2.93,0.33,1604.81
66.65,0.5,4.26,13.94,0.48,0.04,1.67,1.43,0.75,4.29,2.95,0.37,0.02,2.36,0.29,1098.15
77.4,0.41,2.89,7.98,0.17,0.02,0.75,1.28,0.1,2.61,4.33,0.34,0.01,0.86,0.86,853.64
84.29,0.85,2.78,1.2,0.51,0.01,1.21,2.42,0.72,2.56,2.1,0.53,0.02,0.11,0.68,1239.07
68.26,1.15,7.6,8.47,0.09,0.04,1.86,4.07,0.11,4.5,0.12,0.44,0.03,2.5,0.75,1705.87
71.21,0.58,14.04,1.36,0.89,0,1.83,4.79,0.08,2.66,1.63,0.34,0.02,0.38,0.18,1250.09
72.02,0.7,0.34,12,0.64,0.04,1.2,3.54,0.11,1.33,4.98,0.43,0.02,2.62,0.03,1113.92
79.27,0.45,3.6,0.76,0.83,0.04,1.9,3.12,0.39,3.85,2.53,0.37,0.01,2.39,0.5,995.63
61.44,1.16,14.43,8.4,1.48,0.02,0.16,2.58,0.87,4.28,2.87,0.38,0,0.93,0.99,1854.31
60.85,0.92,11.16,11.72,0.91,0.02,1.74,1.97,0.84,4.19,3.85,0.04,0.01,0.94,0.85,1633.55
78.83,1.05,0.75,6.49,1.7,0.01,1.95,2.45,0.94,2.14,1.62,0.36,0.04,0.99,0.67,1471.85
75.89,0.2,7.72,2.49,1.16,0.02,0.12,4.25,0.38,2.47,2.04,0.49,0,2.45,0.33,845.45
76.12,0.87,1.17,10.48,1.82,0.02,0.39,0.5,0.86,1.19,4.88,0.25,0.02,1.37,0.06,1285.36
62.2,0.89,9.41,16.25,1.5,0.01,0.8,0.71,0.13,3.56,2.65,0.6,0.04,0.83,0.4,1463.03
72.17,0.73,1.74,16.66,0.69,0.03,1.99,2.38,0.22,1.08,0.3,0.77,0.01,0.52,0.71,1225.79
76.07,0.51,6.01,9.79,0.63,0.04,0.15,0.15,0.41,0.86,3.72,0.35,0.01,1.08,0.22,851.71
61.74,0.37,10.22,17.28,0.74,0.02,1.56,0.11,0.3,2.26,3,0.16,0.02,1.7,0.51,1068.24
79.71,0.46,1.15,1.11,1.72,0.03,1.53,4.64,0.75,3.46,3.28,0.26,0.05,1.63,0.22,1053.1
65.51,0.26,14.67,5,0.08,0.02,1.63,2.07,0.8,4.14,4.29,0.59,0.03,0.79,0.1,991.98
84.37,0.56,1.84,2.17,1.74,0.03,1.29,2.02,0.41,1.52,2.17,0.59,0.01,0.79,0.49,957.62
56.46,0.47,14.75,16.43,0.67,0.02,1.95,4.14,0.22,1.4,0.42,0.68,0.02,1.61,0.77,1262.9
60.76,0.29,15.27,7.63,1.64,0.01,1.82,2.42,0.17,2.68,4.35,0.39,0.01,1.73,0.83,1125.65
83.97,0.15,0.75,1.13,0.46,0,0.86,3.49,0.71,3.18,1.48,0.74,0.03,2.58,0.48,717.74
56.83,0.19,17.34,14.07,1.51,0.03,0.2,2.33,0.65,1.15,3.4,0.82,0.01,0.6,0.88,991.65
74.13,0.02,4.6,8.13,1.34,0.05,0.74,4.74,0.37,3.48,0.83,0.46,0.04,0.96,0.11,628.69
61.15,0.28,16.3,12.03,0.69,0.05,0.28,4.24,0.23,1.2,2.49,0.66,0.03,0.07,0.29,1068.15
58.68,0.8,16.02,13.4,0.53,0.03,1.3,0.68,0.54,2.36,1.68,0.62,0.03,2.91,0.43,1383.52
84.34,0.66,0.65,3,0.34,0.03,1.13,3.99,0.46,2.37,0.81,0.74,0,1.27,0.19,1078.57
65.99,0.93,12.12,14.14,0.3,0.03,1.38,0.01,0.32,0.44,3.41,0.21,0.01,0.23,0.48,1392.44
78.14,1.07,1.51,5.77,1.04,0,1.06,2.24,0.59,4.6,1.37,0.64,0.02,1.31,0.65,1504.99
58.28,1.14,15.53,12.79,0.92,0.02,1.57,1.09,0.59,2.52,3.25,0.19,0.03,1.88,0.18,1774.24
81.71,1.08,2.2,0.17,0.33,0.05,1.54,3.07,0.13,2.08,3.58,0.9,0.02,3,0.14,1355.93
55.54,0.47,15.76,13,1.62,0.05,1.01,1.17,0.69,2.82,3.86,0.51,0.04,2.71,0.75,1254.44
56.83,0.57,17.51,12.9,1.68,0.03,1.11,3.31,0.73,2.24,1.78,0.24,0.02,0.63,0.42,1426.04
59.11,1.05,17.59,11.54,0.29,0.02,1.2,1.85,0.21,1.13,2.37,0.22,0.01,2.62,0.78,1636.2
69.96,0.64,1.09,13.66,0.77,0.02,0.53,1.67,0.86,3.94,4.68,0.7,0.03,0.78,0.67,1191.04
77.01,1.09,1.24,8.86,0.3,0.04,1.23,4.4,0.06,4.53,0.34,0.29,0.01,0.44,0.17,1563.91
77.07,1.08,10.2,3.16,0.16,0.02,1.53,3.1,0.58,0.24,2.06,0.55,0.03,0.01,0.2,1454.55
66.79,1.14,9.16,14.07,0.62,0.03,0.71,1.48,0.41,2.3,1.66,0.26,0.03,1.14,0.2,1607.17
70.9,1.07,9.99,5.59,1.73,0.01,1.31,0.95,0.63,4.2,2.7,0.47,0.05,0.07,0.33,1576.93
67.54,1.1,11.57,10.84,1.28,0.02,0.14,1.38,0.34,2.4,1.97,0.52,0.01,0.55,0.35,1515.6
73.17,0.7,5.58,3.54,1.73,0.01,1.93,4.94,0.7,2.51,3.98,0.87,0.04,0.31,0,1289.47
79.76,0.24,3.39,3.65,1.02,0.03,1.45,1.01,0.09,3.33,2.42,0.67,0.02,2.25,0.68,732.07
74.22,1.03,6.78,2.71,1.51,0.02,0.06,3.91,0.44,3.77,3.78,0.1,0.03,1.08,0.55,1540.01
60.87,0.12,10.59,15.55,1.97,0.02,0.31,1.83,0.02,2.04,4.57,0.19,0.02,1.72,0.18,868.61
73.76,0.36,11.44,2.74,1.34,0.01,0.46,0.62,0.05,4.84,2.07,0.78,0.05,0.61,0.87,943.82
58.23,0.85,10.4,16.18,0.22,0.01,0.26,4.48,0.1,4.9,0.55,0.66,0.03,2.79,0.32,1597.92
73.11,1.17,0.54,12.71,0.49,0.04,1.55,3.81,0.44,0.79,2.92,0.79,0.05,1.36,0.25,1526.69
60.12,0.15,14.36,10.71,1.35,0.01,0.01,4.84,0.81,2,2.29,0.93,0.01,2.41,0.02,1026.26
75.97,0.58,12.72,1.35,0.39,0.02,1.24,0.72,0.38,1.3,3.23,0.92,0.01,0.57,0.6,1079.85
68.66,0.55,12.93,5.76,1.09,0.02,0.56,3.65,0.8,1.64,3.11,0.18,0.04,0.84,0.17,1191.06
57.55,0.78,14.57,13.72,1.13,0.02,1.84,0.67,0.88,3.55,2.86,0.32,0.01,1.33,0.78,1515.16
53.92,0.9,11.62,19.85,1.95,0.02,0.39,2.32,0.84,2.29,1.68,0.74,0.03,2.91,0.55,1596.01
55.42,0.97,16.67,12.46,1.46,0.05,0.75,2.56,0.9,3.36,4.37,0.62,0.04,0.04,0.34,1714.44
66.88,0.93,7.27,7.26,1.9,0.03,0.38,2.36,0.52,4.94,3.59,0.52,0.02,2.75,0.65,1506.78
55.33,0.34,17.29,14.04,0.78,0.01,0.35,2.39,0.47,2.09,4.26,0.98,0.02,0.88,0.77,1102.58
82.33,0.55,3.92,3.62,0.56,0,1.88,2.15,0.08,0.82,1.62,0.55,0.04,0.92,0.96,978.64
67,0.4,6.86,10.76,0.9,0.01,1.99,4.24,0.24,4.46,2.93,0.01,0.02,0.08,0.09,1143.82
74.88,0.22,8.72,7.63,0.3,0.02,0.61,2.05,0.17,3.05,0.22,0.39,0.04,1.26,0.44,802.28
74.94,1.12,5.25,7.87,1.18,0,1.9,2.34,0.12,1.68,1.87,0.35,0.03,1.04,0.32,1483.71
65.04,0.39,14,6.17,0.03,0.02,0.56,4.55,0.48,1.17,4.91,0.25,0.04,1.95,0.46,1138.3
79.25,0.58,6.76,7.09,0.55,0.02,0.24,0.33,0.54,2.27,0.87,0.11,0.01,0.95,0.45,983.42
71.92,0.24,13.6,3.87,0.25,0.05,0.9,0.85,0.89,1.16,4.63,0.12,0.04,0.55,0.94,798.58
66.17,1.02,7.03,14.66,1.29,0.04,0.69,4.69,0.56,0.39,0.33,0.74,0.04,2.09,0.28,1555.3
74.55,0.28,10.18,3.94,0.76,0.03,0.57,1.88,0.36,2.3,3.37,0.78,0.03,0.08,0.9,888.54
58.19,1.16,8.42,18.33,0.73,0.01,0.15,2.26,0.69,4.88,2.61,0.73,0.04,1.63,0.17,1765.79
60.89,1.02,10.34,15.17,1.32,0,0.34,1.43,0.28,4.2,2.99,0.08,0.02,1.67,0.25,1605.72
59.73,0.56,16.29,18.17,1,0.02,1.28,1.29,0.29,0.01,0.39,0.18,0.03,0.64,0.12,1171.3
72.77,0.74,11.73,1.19,1.55,0.03,0.79,4.92,0.01,2.72,0.8,0.33,0.01,2,0.4,1339.86
59.61,0.39,6.53,16.77,0.42,0.05,0.09,4.45,0.45,2.63,4.99,0.87,0.05,1.76,0.96,1154.49
56.33,0.83,14.75,14.42,1.56,0.03,1.45,2.18,0.71,1.38,3.17,0.52,0.04,2.02,0.6,1537.89
58.12,0.07,16.2,13.06,0.38,0.05,0.65,0.84,0.32,4.81,3.76,0.92,0.01,0.25,0.56,883.98
61.13,0.58,12.97,10.85,0.79,0,0.94,0.6,0.92,4.61,4.02,0.16,0.01,1.69,0.73,1322.76
57.98,0.71,12.21,12.08,1.74,0.03,1.7,0.77,0.87,4.96,3.31,0.98,0.01,2.49,0.17,1418.06
58.9,0.62,11.95,13.21,1.34,0.02,1.95,0.03,0.62,4.33,4.46,0.72,0.03,1.37,0.45,1365.42
60.01,0.88,9.27,14.82,1.06,0,1.7,4.35,0.27,3.93,2.56,0.12,0.02,0.23,0.79,1597.32
83.54,0.24,2.96,4.17,0.45,0.03,1.28,0.65,0.72,1.75,2.29,0.12,0.04,1.13,0.63,654.79
68.25,0.85,9.95,8.68,0.4,0.03,0.55,2.15,0.06,3.88,0.45,0.89,0.04,2.91,0.91,1382.43
66.15,1.17,15.97,2.25,0.88,0,1.09,2.65,0.92,4.85,1.3,0.58,0.02,1.64,0.53,1779.4
59.36,0.91,12.31,12.62,1.99,0.02,1.03,4.9,0.7,3.24,0.77,0.25,0.02,1.39,0.5,1644.68
80.73,1.08,1.93,4.97,0.29,0.04,1.94,4.47,0.72,0.11,1.74,0.86,0.03,0.63,0.47,1436.78
73.74,1.08,0.7,12.28,0.47,0.05,0.13,3.09,0.26,4.41,0.61,0.43,0.01,2.4,0.35,1474.75
56.13,0.23,13.07,16.34,0.92,0.02,1.26,3.26,0.66,1.38,4.71,0.21,0.02,0.85,0.93,1102.47
67.35,0.02,12.35,4.61,1.94,0.03,1.13,1.78,0.54,3.75,2.81,0.64,0.02,2.15,0.9,815.19
71.12,0.07,1.93,13.71,0.76,0.01,0.36,2.86,0.35,2.54,4.79,0.76,0.04,0.37,0.32,656.83
85.24,0.65,3.22,1.14,0.65,0.01,1.43,2.37,0.29,2.85,0.36,0.66,0.01,0.84,0.28,1036.47
67.28,0.56,17.16,6.49,0.56,0.01,0.78,0.91,0.14,4.29,0.26,0.71,0.01,0.04,0.8,1184.14
76.82,0.1,6.49,3.63,1.87,0.03,1.93,1.76,0.56,0.95,4.04,0.04,0.03,1.17,0.58,723.68
68.91,0.71,12.79,4.09,1.06,0.02,0.56,2.48,0.95,4.74,1.39,0.88,0.04,0.75,0.6,1368.48
70.7,0.45,11.71,3.45,0.32,0.04,0.08,4.02,0.29,2.42,2.72,0.77,0.04,2.41,0.57,1103.9
84.33,0.42,9.48,0.6,0.49,0.02,0.64,0.48,0.05,2.1,0.37,0.29,0.02,0.63,0.08,744.98
70.6,1.1,2.3,12.3,0.64,0.01,0.79,2.14,0.36,3.83,4.2,0.15,0.01,1.26,0.32,1489.96
64.08,0.99,17.94,3.62,1.53,0.03,1.29,1.32,0.1,2.72,3.07,0.96,0.03,1.33,0.99,1532.73
64.17,0.75,4.79,18.44,0.86,0.01,0.28,3.25,0.37,1.82,3.06,0.22,0.01,1.97,0.01,1315.19
77.32,1.09,3.29,8.96,0.42,0.01,1.67,2.93,0.31,1.26,1.06,0.55,0.04,0.76,0.33,1473.14
61.99,0.26,6.88,17.4,1.48,0.01,0.77,4.87,0.53,3.6,0.46,0.83,0.03,0.53,0.38,1111.83
63.64,0.11,13.99,14.9,0.98,0.02,0.93,0.19,0.37,0.64,0.92,0.96,0.01,1.45,0.89,815.82
76.36,0.21,5.13,10.12,0.73,0,0.8,4.08,0.12,0.09,0.59,0.69,0.04,0.15,0.89,717.69
69.27,0.76,9.33,5.07,0.74,0.05,1.82,3.13,0.58,1.05,4.77,0.76,0.02,2.45,0.21,1311.79
63.79,0.68,10.01,11.47,0.25,0.02,1.15,1.24,0.5,2.79,4.71,0.25,0.02,2.94,0.19,1242.61
67.32,0.94,3.19,17,0.98,0.05,0.34,3.44,0.7,3.59,0.5,0.29,0.02,0.97,0.68,1464.9
76.89,0.28,1.76,9.18,1.19,0.03,1.92,1.48,0.76,3.62,0.31,0.93,0.05,1.19,0.42,831.16
62.04,0.99,8.91,15.98,0.07,0.01,0.18,2.27,0.85,2.85,2.6,0.37,0,2.3,0.57,1578.56
63.17,0.49,17.54,2.82,0.5,0.02,1.05,2.74,0.21,4.63,3.52,0.26,0.01,2.64,0.38,1256.99
78.08,0.67,2.17,5.03,0.83,0.03,0.56,4.75,0.22,3.89,1.82,0.83,0.05,0.56,0.49,1203.67
71.79,1,7.01,7.94,0.41,0.02,0.65,0.78,0.31,4.54,1.63,0.27,0.02,2.88,0.76,1433.27
58.39,0.25,13.55,15.32,1.9,0.04,0.19,2.27,0.7,4.87,0.43,0.37,0.02,1.24,0.46,1102.41
62.61,0.97,13.26,8.21,1.76,0,0.29,4.77,0.57,0.8,4.75,0.97,0.04,0.72,0.28,1601.85
55.94,0.49,10.43,19.84,1.91,0.05,0.18,3.79,0.88,1.67,1.1,0.75,0,2.82,0.16,1286.52
51.99,1.19,13.97,16.78,1.93,0.05,1.24,3.67,0.59,2.53,4.4,0.74,0.04,0.29,0.58,1895.46
65.91,0.4,9.24,12.26,1.69,0,0.33,4.61,0.97,0.28,1.66,0.01,0.04,2.05,0.56,1138.95
59.39,0.29,13.58,15.67,1.71,0.05,1.5,0.27,0.02,3.7,0.28,0.32,0.01,2.91,0.32,1065.4
57.62,0.08,17.09,12.17,0.07,0.04,0.31,4.01,0.6,0.89,3.76,0.45,0.03,2.61,0.26,996.82
69.69,0.35,7.49,10.03,0.52,0.01,1.2,0.92,0.55,3.53,0.99,0.75,0.02,2.98,0.98,990.5
62.17,0.96,6.17,18.74,2,0.02,1.23,0.03,0.04,2.5,3.05,0.31,0,2.35,0.42,1499.4
71.7,0.66,3.21,12.32,0.64,0.04,0.39,1.46,0.44,3.7,3.6,0.34,0.03,0.7,0.77,1209.83
56.68,0.24,14.75,18.74,1.98,0.04,0.44,2.08,0.09,0.82,0.25,0.64,0.03,2.75,0.46,959.24
59.69,1,16.67,8.63,0.17,0.01,1.44,1.63,0.79,3.75,3.47,0.81,0.04,1.9,0,1677.51
61.38,0.62,10.71,19.21,1.3,0.03,1.08,0.52,0.43,0.67,0.26,0.33,0.03,2.6,0.81,1207.5
76.36,0.49,5.67,7.43,1.12,0,0.74,2.79,0.43,3.34,0.93,0.15,0.02,0.31,0.24,1047.01
65.91,0.11,7.24,14.23,0.57,0,1.11,3.46,0.39,1.48,2.45,0.1,0.03,2.2,0.7,877.17
76.35,1.14,5.35,5.25,1.41,0.04,1.02,4.62,0.15,2.39,0.18,0.05,0,1.48,0.59,1573.48
66.98,0.01,11.39,9.79,0.45,0,0.31,3,0.66,3.24,0.77,0.91,0.02,2.3,0.17,841.82
72.81,0.93,11.19,7.99,0.57,0.05,0.57,0.65,0.3,1.63,0.64,0.71,0.03,0.95,0.99,1259.62
60.78,0.79,12.66,11.14,1.1,0,1.54,4.55,0.12,3.98,2.67,0.29,0.05,0.05,0.27,1521.96
66.38,0.72,13.5,2.96,0.43,0.05,0.47,2.7,0.3,4.26,4.81,0.14,0.03,2.43,0.82,1386.76
73.17,0.53,4.06,7.74,1.5,0.05,1.11,0.98,0.04,4.72,2.42,0.72,0.03,2.67,0.27,1057.98
81.32,0.71,1.28,3.89,0.47,0.05,0.45,4.35,0.08,0.91,4.36,0.9,0.01,0.69,0.53,1098.56
62.09,0.07,17.02,7.24,0.98,0.01,0.07,2.34,0.12,3.15,3.97,0.03,0.03,2.45,0.44,840.34
71.76,1.2,5.3,7.76,1.7,0.05,1.88,2.79,0.66,1.75,3.04,0.3,0.04,0.92,0.88,1620.36
67.74,0.18,10.29,10.41,0.53,0,0.3,4.84,0.94,0.6,1.87,0.47,0.02,0.9,0.91,935.72
61.76,0.72,15.6,12.99,0.94,0.05,1.49,1.25,0.39,3.8,0.1,0.06,0.04,0.13,0.68,1382.65
56.6,0.39,14.87,16.95,1.91,0,0.85,2.87,0.92,1.33,0.36,0.2,0.02,2.04,0.69,1222.76
66.66,0.8,7.34,11.42,1.54,0.01,1.88,0.69,0.9,3.7,3.3,0.08,0.05,0.89,0.75,1380.5
63.93,1.06,4.4,18.29,1.22,0.03,1.83,2.63,0.44,3.17,2.77,0.06,0.01,0.04,0.11,1592.49
66.09,1.13,5.89,15.66,0.82,0,0.2,2.16,0.06,2.86,2.47,0.7,0.01,1.78,0.17,1535.5
67.43,0.87,5.53,12.29,1.77,0.02,0.38,4.43,0.36,3.65,1.6,0.3,0.03,0.47,0.87,1494.45
55.35,0.37,14.13,17.19,1.14,0.01,1.06,4.18,0.32,1.93,2.7,0.89,0.03,0.62,0.09,1196.47
55.95,0.12,17.1,16.45,1.53,0.02,1.35,0.64,0.62,4.05,0.31,0.3,0.01,0.78,0.77,1040.92
51.64,0.93,14.7,17.47,1.2,0.01,0.3,2.52,0.1,4.55,2.21,0.87,0.04,2.57,0.88,1656.08
67.27,0.07,13.05,4.53,1.98,0.04,0.01,4.64,0.29,2.08,3.06,0.92,0.05,1.69,0.32,816.09
66.49,0.22,12.06,10.56,1.55,0,0.8,1.2,0.54,2.34,2.25,0.32,0.04,1.44,0.2,858.64
77.95,0.66,10.74,0.43,0.41,0.01,0.5,1.19,0.27,1.31,4.42,0.32,0.02,0.8,0.97,1174.68
62.53,0.89,6.01,19.38,0.3,0.02,0.29,3.95,0.11,2.77,0.52,0.45,0.01,2.71,0.05,1490.02
58.81,0.78,12.51,17.78,1.76,0.05,0.51,1.37,0.4,2.69,1.84,0.74,0,0.05,0.72,1447.78
58.44,0.15,16.83,10.44,1.48,0.01,1.1,1.65,0.97,2.37,3.78,0.6,0,1.63,0.54,1016.48
61.67,0.86,5.79,17.21,1.25,0,1.41,4.53,0.68,1.9,2.95,0.17,0.03,1.5,0.03,1487.66
67.74,0.47,4.35,16.68,1.4,0.04,0.72,0.02,0.22,3.78,3.01,0.54,0.01,0.23,0.78,1020.84
78.32,0.06,1.06,5.9,1.15,0.05,0.18,2.37,0.6,4.12,3.45,0.81,0.03,1.3,0.62,654.33
71.62,0.73,6.08,11.92,1.26,0.04,1.14,0.99,0.58,1.49,0.44,0.83,0,1.9,0.99,1248.78
66.08,0.11,3.96,15.22,0.19,0.04,0,4.45,0.07,4.61,4.32,0.54,0.04,0.22,0.14,865.13
57.73,1.04,9.77,13.3,1.36,0.04,1.55,4.89,0.02,1.04,4.65,0.79,0.01,2.92,0.87,1631.21
56.26,0.09,14.6,15.69,0.44,0.03,1.94,3.38,0.81,0.5,3.64,0.2,0,1.66,0.75,986.71
66.2,0.84,2.12,18.69,0.31,0.04,0.3,4.99,0.33,2.48,2.33,0.1,0.02,0.45,0.8,1437.68
61.03,1.15,14.55,8.62,0,0,0.99,3.4,0.82,3,4.89,0.49,0.03,0.69,0.34,1807.75
78.15,0.45,2.02,6.85,0.09,0.03,0.65,1.9,0.58,2.91,2.94,0.49,0.02,2.46,0.47,971.08
64.18,0.65,17.79,3.62,1.45,0.02,1.66,2.02,0.3,1.04,4.36,0.72,0,2.14,0.04,1284.5
56.67,0.56,15.13,12.16,1.93,0.04,0.68,4.17,0.87,4.85,0.06,0.87,0,1.58,0.41,1402.83
71.55,1.1,7.29,11.92,1.38,0,1.18,2.59,0.59,0.38,0.28,0.18,0.04,1.07,0.43,1582.85
80.97,0.32,1.23,7.56,1.46,0.05,0.1,4.05,0.07,1.65,0.11,0.91,0.04,1.11,0.38,776.23
78.64,0.77,1.61,2.9,1.69,0.01,1.45,1.13,0.09,4.5,4.51,0.61,0.02,1.66,0.41,1218.71
64.13,0.98,9.41,16.03,0.31,0,1.3,0.53,0.55,3.61,2.04,0.04,0.04,0.13,0.9,1557.74
50.36,0.07,13.23,18.5,1.81,0.04,1.77,2.55,0.56,3.1,4.48,0.84,0.04,2.03,0.62,982.34
69.77,1.02,15.3,3.53,0.35,0.04,1.57,1.13,0.84,2.4,2.35,0.99,0.03,0.41,0.28,1590.46
62.48,0.41,17.25,5.28,0.86,0.04,0.55,3.51,0.21,1.21,4.93,0.37,0.04,2.52,0.35,1151.22
61.61,0.73,6.51,14.99,1.73,0.01,0.05,1.37,0.67,4.58,4.32,0.22,0.04,2.43,0.73,1367.8
53.22,0.83,14.53,17.23,1.64,0.01,1.44,4.21,0.19,1.07,3.93,0.34,0.02,1.13,0.21,1571.04
72.32,0.45,7.48,0.14,1.77,0.04,1.7,4.03,0.73,3.17,4.8,0.71,0.03,2.37,0.25,1095.41
75.04,1.16,0.34,12.97,0.15,0.04,1.94,2.04,0.86,1.68,0.8,0.28,0.02,1.89,0.8,1504.99
71.4,0.34,3.96,9.32,1.71,0.01,1.72,2.49,0.66,4.08,1.52,0.95,0,1.58,0.25,977.26
55.13,0.5,8.08,18.29,0.88,0.03,1.9,2.47,0.41,4.86,4.14,0.94,0.02,2.09,0.25,1264.56
71.45,0.25,11.39,5.44,1.28,0.02,1.83,2.26,0.5,1.74,0.37,0.49,0.04,2.86,0.08,865.19
64.88,0.96,4.81,16.46,0.68,0.01,1.22,4.47,0.18,0.11,4.42,0.7,0.04,0.18,0.89,1539.8
55.27,0.09,15.93,13.47,1.11,0,1.38,2.99,0.73,3.58,2.22,0.2,0.05,2.78,0.21,999.91
65.32,0.76,3.65,17.22,0.2,0.05,1.22,0.11,0.88,3.42,3.49,0.28,0.02,2.74,0.63,1251.02
71.01,0.13,1.07,12.61,0.64,0.02,0.12,3.69,0.77,4.15,3.26,0.77,0.03,1.47,0.26,829.59
73.2,0.07,5.25,13.67,1.85,0.01,1.34,2.39,0.63,0.01,0.61,0.22,0.04,0.12,0.57,699.59
63.45,0.59,6.95,12.48,0.96,0.04,1.24,2.84,0.96,4.18,3.04,0.54,0.04,2.41,0.3,1295.66
79.71,0.8,2.43,8.61,1.88,0.02,0.31,0.73,0.39,1.13,2.13,0.72,0.04,0.33,0.77,1137.76
90.73,1.2,1.24,0.46,0.67,0.05,0.04,1.11,0.6,1.17,0.27,0.05,0.03,1.69,0.71,1305.04
60.99,0.17,9,12.02,0.44,0.03,1.42,4.95,0.6,4.31,4.17,0.94,0.04,0.64,0.3,1032.68
55.26,0.31,11.82,18.13,0.72,0.03,1.16,0.63,0.09,4.45,4.67,0.9,0.02,0.86,0.94,1138.4
64.1,1.06,14.76,6.68,1.28,0.04,1.15,3.01,0.76,3.83,1.2,0.39,0.04,0.78,0.92,1685.63
72.89,0.13,10.01,6.11,0.53,0.01,1.12,2.74,0.42,0.69,4.64,0.43,0.01,0.11,0.15,745.97
54.41,0.36,11.34,19.42,0.54,0.04,1.82,1.96,0.25,2.46,4.48,0.01,0.02,2.27,0.6,1225.58
65.45,0.75,12.28,7.12,1.03,0.01,1.97,0.94,0.15,1.34,4.6,0.66,0.02,2.78,0.9,1301.07
59.16,0.49,10.15,18.11,0.64,0.02,1.59,3.49,0.05,0.59,4.23,0.03,0.05,0.82,0.6,1121.37
78.48,0.05,3.46,12.3,0.89,0.02,0.2,1.74,0.53,0.39,0.33,0.49,0.03,0.77,0.33,596.11
66.46,0.96,15.65,6.5,0.71,0.04,1.95,1.6,0.79,2.4,1.32,0.68,0.02,0.8,0.11,1511.46
52.23,0.2,11.63,18.15,0.52,0.02,1.59,3.68,0.41,4.24,4.6,0.45,0,1.53,0.74,1133.39
78.49,0.27,1.79,5.7,0.02,0.04,0.29,3.62,0.23,4.96,2.66,0.04,0.04,1.23,0.61,849.79
71.32,0.97,5.45,14.29,0.2,0.04,0.4,1.51,0.96,0.78,1.27,0.58,0.05,2.07,0.11,1367.66
62.73,0.9,7.67,19.85,1.26,0.03,1.11,3.21,0.73,0.39,0.65,0.3,0.02,0.93,0.21,1511.02
75.68,0.39,7.84,5.67,0.08,0,0.04,2.64,0.62,1.54,4.13,0.89,0.01,0.16,0.32,944.22
73.35,0.86,9.13,9.76,0.3,0.02,1.92,1.7,0.59,0.29,0.32,0.42,0.03,1.12,0.18,1262.62
57.97,0.8,17.22,9.41,0.4,0.04,1.01,4.62,0.72,2.15,3.09,0.17,0.02,1.78,0.59,1578.5
74.55,0.71,13.38,2.11,0.15,0.01,1.58,0.32,0.23,1.27,3.24,0.4,0.01,1.35,0.69,1149.39
68.74,0.86,0.08,14.49,1.32,0.02,0.27,3.82,0.07,4.48,3.87,0.74,0.04,0.2,0.99,1439.9
61.84,1.03,9.14,14.39,1.48,0.04,0.51,1.86,0.8,3.84,2.61,0.4,0.05,1.25,0.76,1576.6
54.99,0.77,14.54,19.63,0.3,0.04,1.05,0.54,0.79,1.66,4.34,0.16,0.04,0.9,0.26,1384.7
70.65,0.07,8.67,7.83,0.12,0.01,0.97,4.04,0.93,2.58,2.02,0.95,0.05,0.57,0.53,825.81
68.36,0.83,8.49,8.07,1.61,0.01,0.86,2.83,0.83,1.87,2.74,0.28,0.04,2.36,0.82,1424.28
79.78,0.08,8.76,2.72,1.35,0.02,1.55,0.33,0.51,0.62,2.79,0.61,0.02,0.84,0.03,595.96
52.33,0.88,16.07,18.59,0.9,0.03,0.79,4.6,0.56,3.76,0.07,0.58,0.04,0.77,0.01,1691.66
74.8,0.89,6.09,8.58,1.12,0.01,0.21,4.8,0.34,1.28,0.24,0.17,0.02,1.03,0.42,1426.04
55.25,0.6,14.67,17.15,1.18,0.01,0.81,3.17,0.06,0.1,4.74,0.73,0.01,1.34,0.19,1355.02
68.19,0.02,7.05,12.97,1.91,0.04,0.46,1.68,0.52,0.96,4.16,0.17,0.01,1.73,0.12,691.15
62.87,0.83,14.63,8.77,0.73,0.02,1.32,2.59,0.47,0.5,3.37,0.73,0.01,2.28,0.88,1457.29
65.37,0.22,8.14,17.52,0.97,0.04,0.43,0.32,0.06,4.86,0.82,0.86,0.02,0.12,0.24,836.21
67,1.11,16.2,2.98,1.47,0.02,1.96,0.28,0.47,1.43,3.63,0.11,0.03,2.84,0.45,1575.66
72.12,0.55,8.92,8.31,0.89,0.02,2,0.58,0.29,1.05,2.72,0,0.05,1.59,0.9,1018.16
74.8,0.24,8.47,0.81,1.56,0.04,1.4,4.48,0.55,2.4,2.65,0.18,0.03,1.63,0.76,913.55
73.25,0.42,1.66,11.95,1.58,0.05,0.18,3.73,0.6,0.08,3.59,0.03,0.04,2.16,0.69,957.96
82.25,0.15,0.92,1.18,1.14,0.02,1.16,2.96,0.91,4.41,3.59,0.82,0,0.05,0.46,687.46
64.11,0.79,14.29,8.95,1.88,0.04,0.21,2.2,0.99,2.05,1.93,0.29,0.02,2.19,0.05,1401.78
56.54,0.09,15.06,19.05,0.6,0.03,0.6,1.89,0.48,3.95,0.73,0.16,0.01,0.16,0.64,939.2
66.84,0.24,7.88,13.71,0.9,0.05,1.54,1.37,0.13,4.47,1.98,0.38,0.04,0.03,0.45,922.37
66.13,1.06,8.38,16.95,0.07,0.02,0.02,0.83,0.72,0.02,2.62,0.41,0.01,2.06,0.69,1508.75
62.87,0.87,13.78,6.3,1.99,0,1.3,4.85,0.22,1.39,2.88,0.78,0.02,2.51,0.24,1539.61
70.68,0.74,6.44,6.44,0.71,0.02,1.69,3.8,0.45,1.41,4.27,0.87,0.02,2.09,0.37,1306.6
68.23,0.19,5.79,13.64,1.54,0.04,0.04,2.43,0.27,3.42,1.23,0.57,0.04,2.31,0.27,838.66
85.49,0.72,0.73,3.18,1.99,0.02,0.99,0.06,0.59,1.63,2.65,0.53,0.05,0.8,0.57,1010.19
80.81,0.46,7.6,1.11,1.38,0.01,0.94,2.17,0.47,1.88,1.21,0.45,0,0.73,0.78,989
66.98,0.76,14.6,2.56,1.05,0.01,1.56,2.6,0.81,4,2.33,0.5,0,1.57,0.68,1476.87
48.81,0.29,17.76,19.5,0.57,0.04,0.06,3.33,0.62,4.11,1.52,0.88,0.04,2.01,0.47,1268.65
76.35,1.17,2.19,6.26,1.56,0.02,1.34,0.67,0.71,3.37,2.93,0.77,0.04,2.49,0.13,1522
70.62,0.9,8.1,6.68,1.76,0.03,1,3.92,0.55,4.29,0.51,0.78,0.01,0.68,0.18,1517.68
79.34,0.79,4.14,5.4,0.2,0.02,0.76,0.73,0.83,4.26,0.55,0.27,0.04,2.61,0.07,1154.49
71.26,1.08,1.11,12.68,0.04,0.05,0.71,3.24,0.18,1.61,3.74,0.97,0.05,2.43,0.85,1493.37
62.08,0.7,10,16.53,1.86,0.03,1.79,0.88,0.5,1.82,1.66,0.21,0.04,1.35,0.53,1299.7
52.18,0.34,17.33,12.22,0,0.01,2,4.87,0.54,2.82,4.51,0.71,0.05,1.44,0.98,1352.58
64.55,0.11,11.01,15.36,0.88,0.03,0.79,4.85,0.48,0.63,0.14,0.77,0.03,0.01,0.38,902.65
68.83,1.1,17.06,1.07,0.25,0,1.74,0.35,0.11,1.14,4.59,0.69,0.03,2.35,0.69,1524.31
62.13,0.71,13.56,11.31,0.02,0.01,1.93,3.52,0.69,3.3,0.64,0,0.02,1.33,0.81,1453.68
83.57,0.23,4.95,1.56,0.8,0.01,0.53,1.27,0.23,1.6,2.68,0.44,0,1.28,0.85,683.25
66.67,0.68,5.69,16.14,1.47,0.02,1.12,3.04,0.27,0.7,1.88,0.09,0.02,1.66,0.54,1250.85
91.85,0.15,0.15,1.78,0.07,0.02,0.78,1.21,0.22,1.98,0.43,0.21,0.02,0.28,0.84,481.76
78.77,0.19,3.5,2.4,0.32,0.02,0.49,4.42,0.96,3.46,4.04,0.26,0.03,0.17,0.96,897.38
68.87,0.81,5.7,15.46,0.03,0.02,1.79,1.32,0.67,1.8,1.96,0.75,0.05,0.5,0.28,1355.56
58,0.57,14.5,15.36,0.81,0,0.39,2.43,0.93,2.84,2.65,0.72,0.01,0.44,0.35,1329.76
60.81,1.19,15.77,13.6,0.78,0.03,0.61,3.37,0.42,0.6,1.08,0.61,0.03,0.29,0.81,1782.74
65.99,0.82,4.17,18.39,0.54,0.01,1.28,1.82,0.93,2.3,0.82,0.96,0.03,1.56,0.39,1396.13
81.48,1,5.18,0.27,0.99,0.05,0.55,1.33,0.74,3.88,2.18,0.83,0.01,1.1,0.4,1331.12
72.42,0.41,0.32,14.07,1.37,0.02,0.65,2.17,0.94,3.02,3.66,0.23,0,0.25,0.47,985.57
55.8,0.86,13.93,14.41,1.83,0,1.71,3.3,0.18,3.41,2.56,0.36,0.01,1.39,0.24,1560.25
64.39,0.54,15.57,6.4,0.76,0.04,0.4,3.3,0.43,2.5,3.93,0.99,0.04,0.48,0.22,1249.85
68.05,0.5,12.95,10.19,1.8,0,0.52,1.1,0.74,2.32,0.08,0.77,0.02,0.78,0.18,1160.28
60.18,0.51,10.23,14.05,1.9,0.04,0.22,3.59,0.07,2.51,2.63,0.78,0,2.62,0.66,1275.61
87.29,0.05,2.88,0.79,1.53,0.01,0.09,0.69,0.56,2.48,1.23,0.94,0.04,0.94,0.47,540.24
64.78,0.52,9.84,8.25,1.53,0.03,1.66,0.27,0.9,4.1,4.09,0.14,0.01,2.94,0.95,1201.34
75.04,0.28,7.79,3.12,0.53,0.01,0.16,2.9,0.24,4.96,2.58,0.36,0.05,1.86,0.13,805.56
67.29,0.92,12.49,7.42,0.94,0.03,0.84,0.54,0.91,3.36,2.35,0.57,0.01,1.59,0.75,1470.9
68.19,0.65,8.65,9.25,1.52,0.04,1.5,1.23,0.62,3.89,2.81,0.78,0.04,0.52,0.31,1177.93
77.17,1.13,3.49,7.14,1.99,0.01,0.9,1.57,0.81,1.52,0.81,0.93,0.02,2.23,0.29,1509.35
71.1,0.22,14.44,1.11,0.66,0.04,1.02,3.45,0.07,3.75,0.86,0.81,0.03,2.22,0.21,945.42
68.54,1.09,4.08,15.87,0.22,0.02,1.88,4.73,0.3,0.96,0.75,0.48,0,1.07,0.02,1567.36
58.73,0.32,16.2,8.94,0.15,0.03,1.91,2.32,0.62,4.6,2.1,0.66,0.02,2.89,0.5,1145.53
62.16,0.81,6.95,18.35,1.29,0,0.03,3.38,0.11,3.58,1.61,0.54,0.01,0.74,0.44,1487.69
74.55,0.8,2.8,5.63,0.41,0.04,1.3,2.34,0.95,3.68,4.66,0.6,0.01,2.03,0.2,1292.61
78.21,0.2,0.37,6.54,1.65,0,0.22,4.03,0.31,4.69,1.9,0.8,0.01,0.19,0.88,792.96
60.69,1.11,12.75,15.4,0.01,0.04,0.94,2.26,0.54,1.36,3.48,0.3,0.03,0.41,0.68,1648.42
79.5,0.04,2.19,4.65,0.44,0.02,0.11,4.68,0.12,3.51,2.68,0.55,0.01,0.73,0.78,674.37
65.97,0.56,8.23,10.92,0.87,0.04,1.5,1.59,0.81,2.59,3.14,0.87,0.02,2.27,0.63,1220.99
77.52,0.14,10.46,0.93,0.31,0.03,0.62,1.31,0.96,1.83,2.82,0.53,0,2.02,0.51,705.09
77.55,0.46,1.19,5.86,1.77,0.01,0.44,1.03,0.89,3.5,4.41,0.91,0.05,1.46,0.48,946.23
71.11,0.04,5.97,14.33,0.25,0.04,1.63,0.5,0.1,0.99,1.78,0.53,0.02,2.56,0.14,604.75
67.27,0.84,9.88,14.74,0.68,0.02,0.06,0.58,0.37,2.41,0.43,0.82,0.05,1.79,0.05,1273.36
80.21,0.88,7.82,1.07,0.56,0.02,1.47,0.67,0.29,0.42,3.08,0.47,0.05,2.22,0.78,1215.94
78.76,0.21,4.8,10.26,0.03,0.04,1.56,0.29,0.85,0.02,0.57,0.06,0.02,2.35,0.18,616.99
58.07,1.19,15.36,14.74,1.18,0.01,0.24,2.3,0.4,3.37,0.85,0.56,0.03,0.9,0.78,1834.98
74.7,0.52,2.93,3.9,0.56,0.01,1.13,4.75,0.9,1.62,4.32,0.95,0.01,2.72,1,1126.36
60.86,0.73,6.56,19.92,0.14,0.04,0.15,0.21,0.94,4.34,1.81,0.96,0.04,2.71,0.6,1358.83
48.76,1.15,14.57,18.8,0.56,0.03,1.74,2.9,0.8,4.87,4.02,0.32,0.01,0.82,0.66,1975.27
75.33,0.07,0.9,11.04,0.36,0.01,0.37,2.91,0.06,4.7,0.62,0.95,0.04,2.48,0.17,664.14
64.53,0.81,14.71,11.16,1.1,0.01,0.83,0.75,0.97,3.42,0.24,0.48,0.03,0.29,0.66,1426.26
71.22,0.75,6.57,7.62,1.69,0.02,1.31,4.25,0.15,0.23,4.13,0.55,0.04,0.64,0.83,1262.6
52.75,0.12,15.9,16.45,1.13,0.03,0.69,1.01,0.46,3.29,4.99,0.82,0.02,2.23,0.11,915.13
75.76,1.2,7.04,1.67,0.13,0.03,0.58,4.34,0.48,1.65,3.8,0.42,0.04,2.14,0.72,1554.72
58.37,1.03,15.27,13.29,1.91,0,1.86,0.74,0.21,4.09,2,0.43,0.01,0.67,0.11,1672
60.78,0.85,13.3,7.4,1.84,0.02,0.22,4.73,0.54,4.86,1.97,0.76,0.01,2.56,0.17,1573.58
68.97,0.09,1.76,11.15,0.58,0.05,1.71,4.02,0.81,4.45,4.33,0.93,0.05,0.89,0.22,800.06
61.36,0.26,13.91,12.99,1.3,0.05,1.34,2.15,0.28,1.69,1.39,0.03,0.01,2.51,0.73,1012.02
65.41,0.75,16.24,5.28,1.16,0,1.78,2.24,0.18,1.2,4.24,0.11,0.05,1.12,0.25,1314.27
67.72,0.66,10.56,8.96,0.89,0.01,0.77,2.34,0.6,0.65,3.82,0.68,0.01,1.38,0.95,1199.49
61.62,0.03,14.6,10.23,1.24,0.03,0.91,0.96,0.91,3.7,2.8,0.45,0.02,2.47,0.01,778.81
81.57,0.82,1.54,11.12,1.71,0.02,0.17,0.19,0.62,0.35,0.36,0.43,0.01,0.61,0.48,1139.9
70.9,0.34,3.95,10.29,0.58,0,1.37,2.93,0.21,2.91,4.78,0.96,0.03,0.29,0.46,959.52
66.87,1.09,8.41,11.01,0.32,0,1.99,1.69,0.28,2.86,3.73,0.25,0.03,1,0.48,1575.74
75.48,0.2,9.18,0.95,1.68,0.03,1.88,3,0.18,2.42,3.32,0.37,0.03,0.49,0.78,834.96
82.36,0.95,1.66,4.93,0.92,0.02,1.24,2.81,0.09,0.66,0.26,0.95,0.03,2.57,0.54,1273.12
63.78,0.24,11.28,10.11,0.82,0.02,1.3,3.09,0.15,4.08,3.18,0.54,0.04,0.46,0.92,996.36
60.86,0.98,6.01,16.61,0.66,0.03,0.46,3.66,0.17,4.5,1.86,0.47,0,2.93,0.81,1600.86
50.35,0.54,16.56,18.62,1.07,0.01,0.97,1.62,0.45,4.56,1.41,0.84,0.05,2.42,0.53,1420.82
61.49,0.06,13.25,10.58,0.79,0.04,0.53,4.48,0.69,3.05,2.62,0.21,0.03,2.17,0.01,918.68
62.34,0.45,14.98,12.64,1.23,0.01,1.26,3.93,0.4,0.91,0.39,0.51,0.03,0.49,0.42,1149.7
57.49,0.33,10.95,14.5,1.27,0.04,1.16,4.18,0.83,3.98,2.88,0.99,0,0.59,0.81,1232.72
54.91,0.99,14.74,17.45,0.85,0.05,0.42,4.68,0.56,0.82,3.68,0.3,0.01,0.52,0.03,1678.85
61.21,1.17,7.91,16.87,1.94,0,0.21,1.74,0.87,4.19,1.83,0.2,0.04,1.79,0.03,1793.5
67.56,0.97,17.23,0.84,0.57,0.04,1.17,4.95,0.92,0.89,3.37,0.65,0.01,0.27,0.57,1634.1
67.37,0.29,10.02,7.67,1.78,0.02,1.74,1.95,0.58,1.43,4.05,0.84,0.04,1.92,0.3,881.19
52.07,0.77,17.27,12.97,1.91,0.02,1.69,3.59,0.82,3.55,2.4,0.69,0.05,1.25,0.95,1678.64
63.5,0.3,12.48,10.94,0.58,0.01,0.15,2.68,0.45,1.45,4.85,0.82,0.03,1.57,0.19,992.21
55.38,0.78,17.17,17.97,0.17,0,1.92,1,0.55,0.37,4.22,0.12,0.03,0.17,0.16,1409.22
83.84,0.24,2.45,0.81,1.94,0.02,1.72,1.79,0.04,3.48,0.19,0.55,0.01,2.01,0.89,752.46
62.6,1.15,9.5,10.65,0.08,0.04,1.91,2.19,0.79,3.99,3.93,0.76,0.01,2.25,0.14,1688.07
54.99,0.99,15.75,13.76,1.95,0,1.42,2.62,0.15,3.29,4,0.16,0.04,0.28,0.59,1719.72
76.27,0.96,2.63,11.43,0.85,0.03,0.85,1.25,0.25,4.32,0.78,0.12,0,0.22,0.01,1337.08
79.4,0.33,2.23,1.88,1.08,0.04,1.26,2.78,0.44,3.17,4.51,0.63,0,1.71,0.52,858.02
59.66,0.55,10.24,13.45,0.07,0.02,1.63,2.65,0.07,3.88,4.71,0.85,0.02,1.6,0.59,1290.46
58.3,0.25,15.17,16.98,0.81,0.01,1.22,1.79,0.74,1.58,1.31,0.87,0.03,0.26,0.69,1078.32
62.33,0.91,4.23,19.35,0.75,0.05,0.59,3.05,0.52,4.96,2.04,0.18,0.04,0.13,0.88,1545.4
65.14,0.86,6.05,16.89,1.19,0.02,0.65,0.56,0.64,1.82,1.6,0.95,0.01,2.63,0.97,1351.79
71.04,0.99,0.35,17.37,0.43,0.02,1.98,2.02,0.65,1.55,1.85,0.6,0.05,0.85,0.25,1396.56
76.13,0.68,2.28,10.22,0.38,0.05,0.61,0.46,0.84,2.01,4.1,0.31,0.03,1.34,0.56,1077.53
63.61,0.49,8.94,13.59,0.83,0.03,1.43,3.74,0.47,0.02,3.77,0.91,0.03,1.57,0.56,1138.95
60.01,0.74,13.56,14.84,1.29,0.02,1.15,3.65,0.85,0.64,1.39,0.4,0.03,1.19,0.24,1441.82
62.04,0.05,15.17,8.38,0.66,0.03,0.25,1.99,0.75,3.68,3.86,0.47,0.02,2.49,0.17,873.19
75.51,0.35,3.56,10.25,0.43,0.04,0.49,1.57,0.89,1.03,4.42,0.21,0.05,0.95,0.25,839.01
76.17,0.58,6.65,4.03,0.68,0.04,1.66,4.1,0.76,0.03,2.13,0.17,0,2.21,0.79,1153.93
69.76,0.14,2.68,11.81,0.25,0,0.39,3.94,0.93,1.67,4.87,0.81,0.01,1.76,0.98,859.25
74.91,1.02,6.54,6.13,1.64,0.03,0.33,1.64,0.66,0.77,3.49,0.71,0.01,1.19,0.94,1450.52
71,0.62,3.84,11.83,1.54,0,0.23,2.37,0.44,4.91,0.46,0.32,0.04,1.84,0.56,1239.98
72.54,0.89,0.72,18.95,0.38,0,0.68,3.51,0.23,0.25,0.29,0.26,0.01,1.12,0.17,1294.67
73.96,0.89,4.09,9.5,1.63,0.05,1.11,2.16,0.63,2.43,0.82,0.46,0.05,1.92,0.28,1268.04
73.24,1.14,6.99,7.8,1.23,0.03,0.58,2.34,0.33,3.69,0.61,0.75,0.01,0.92,0.33,1576.12
53.88,0.94,10,19.66,0.35,0.03,1.59,3.14,0.9,3,4.13,0.18,0.01,1.33,0.85,1683.45
66.96,0.52,11.29,7.92,1.61,0.01,1.19,2.89,0.4,3.53,0.14,0.84,0.02,2.38,0.31,1187.33
70.34,0.96,12.66,8.02,1.88,0.02,0.7,0.72,0.07,1.75,0.46,0.46,0.04,1.43,0.48,1362.45
79.97,0.31,2.99,4.45,1.14,0.03,0.44,1.99,0.57,3.8,1.6,0.27,0.04,1.54,0.86,866.73
71.72,0.2,10.53,5.67,0.2,0.03,1.01,2.43,0.59,1.86,3.35,0.13,0.04,1.74,0.49,812.37
73.39,0.16,5.01,5.91,0.47,0.05,1.83,2.73,0.21,4.56,3.75,0.04,0.02,1.81,0.07,790.56
84.25,0.01,0.84,3.3,1.82,0.04,0.9,2.4,0.69,2.37,0.32,0.74,0,1.46,0.86,549.46
68.92,0.15,12.72,0.93,1.99,0.03,1.94,3.34,0.24,4.63,3.13,0.58,0.02,0.85,0.53,966.87
60.5,0.04,9.54,16.73,0.06,0.01,0.1,2.98,0.32,4.8,3.08,0.56,0.05,0.67,0.56,861.76
63.91,0.66,1.48,18.64,1.4,0.04,1.97,2.4,0.8,2.89,4.89,0.25,0,0.56,0.13,1253.36
78.51,0.27,1.73,9.74,0.53,0.02,0.18,2.58,0.13,0.5,1.55,0.87,0.04,2.88,0.46,718.79
64.84,0.38,17.48,7.64,0.02,0.04,0.34,3.59,0.02,0.55,2.42,0.07,0.04,2.25,0.33,1080.24
57.9,0.91,7.12,17.98,1.88,0.01,1.82,3.56,0.89,2.12,3.31,0.24,0.04,1.75,0.48,1630.54
61.99,0.83,9.94,15.31,1.72,0.04,0.62,4.88,0.65,1.62,0.21,0.99,0.03,0.68,0.49,1528.94
60.13,0.6,8.72,15.89,0.78,0.01,1.54,4.55,0.05,4.3,2.19,0.29,0,0.62,0.33,1366.35
72.61,0.09,3.4,14.74,1.37,0.04,0.33,0.22,0.47,1.71,3.88,0.54,0.05,0.18,0.36,596.44
74.35,0.7,0.72,14.25,0.07,0.04,0.13,2.28,0.16,0.67,3.61,0.77,0.04,1.21,0.99,1096.51
63.1,0.41,4.42,19.93,1.95,0.03,0.42,1.19,0.52,3.88,0.39,0.69,0.01,2.53,0.53,1052.53
68.9,0.66,2.06,18.1,0.46,0.04,0.61,1.11,0.3,3.54,2.63,0.11,0.01,1.14,0.34,1156.89
69.65,1.02,10.3,3.73,0.06,0.01,1.4,4.24,0.78,3.95,1.3,0.99,0,2.46,0.1,1612.21
75.77,0.07,7.1,7,1.29,0.04,0.18,0.19,0.78,2.64,2.67,0.98,0.02,0.59,0.68,595.75
66.43,0.98,9.04,13.84,1.03,0.02,0.07,0.87,0.48,1.98,4.21,0.11,0,0.26,0.68,1527.86
59.92,0.2,9.29,15.35,1.37,0.02,0.21,4.35,0.53,4.45,2.19,0.24,0.02,1.25,0.61,1111.55
79.41,0.93,4.37,3.75,0.41,0.05,0.33,1.73,0.49,2.78,4.29,0.11,0.01,0.95,0.41,1246.72
52.93,1.02,15.06,16.11,1.51,0,0.3,3.66,0.59,3.37,3.58,0.91,0.03,0.83,0.08,1722.17
66.55,0.52,12.78,5.64,0.24,0.05,0.84,1.08,0.16,4.31,4.1,0.61,0.03,2.85,0.23,1104.03
63.06,0.51,6.92,18.99,0.72,0.04,1.53,0.74,0.96,3.15,2.98,0.01,0.03,0.17,0.19,1134.24
65.6,0.13,6.81,15.91,1.41,0.01,1.6,2.3,0.03,1.12,3.93,0.73,0.01,0.11,0.3,784.88
46.19,0.61,17.98,18.77,1.99,0.03,0.85,4.47,0.9,0.72,3.88,0.92,0.04,2.12,0.54,1520.37
69.47,0.93,9.29,6.42,0.52,0.03,0.91,2.62,0.26,2.95,3.31,0.81,0.03,2.27,0.17,1426.44
67.15,1.02,10.01,9.11,1.52,0.01,0.01,1.55,0.25,1.54,4.87,0.57,0.03,1.97,0.4,1484.71
55.01,1.17,17.52,15.38,0.42,0.04,0.2,3.15,0.46,0.2,4.52,0.96,0.05,0.58,0.33,1747.95
64.63,0.19,15.96,2.68,1.19,0.02,0.84,1.06,0.62,4.94,4.17,0.68,0.04,2.52,0.47,1037.81
55.65,0.68,16.12,13.92,0.27,0.04,0.05,4.24,0.79,4.15,0.12,0.97,0.03,2.4,0.57,1461.5
75,0.09,9.77,2.87,1.14,0.03,0.88,0.78,0.43,4.39,2.29,0.34,0.03,1.86,0.09,670.6
70.58,0.29,8.9,7.33,0.64,0.02,0.58,1.74,0.77,2.55,4.36,0.95,0.05,0.76,0.47,943.58
70.16,0.68,4.55,10.95,0.09,0.04,1.13,3.26,0.2,2.79,2.65,0.62,0.04,2.29,0.55,1209.92
76.12,1.07,6.45,9.85,1.3,0.02,0.72,0.56,0.64,0.96,0.69,0.18,0.03,0.42,0.98,1407.91
67.83,0.72,0.14,16.89,0.54,0,1.52,1.65,0.57,4.22,3.88,0.34,0.04,1.17,0.5,1312.08
75.11,0.74,1.28,11.94,1.15,0.04,0.71,1.21,0.48,3.44,2.81,0.14,0.02,0.19,0.74,1269.59
65.98,0.53,9.05,14.21,0.97,0.05,1.08,0.36,0.95,0.73,3.92,0.53,0.04,1.54,0.06,1092.47
63.08,0.46,11.17,12.58,1.95,0.03,0.57,0.22,0.79,4.45,3.07,0.48,0.04,0.72,0.4,1114.88
80,0.83,3.39,6.66,0.83,0.03,0.13,1.7,0.27,0.01,3.46,0.24,0.01,2.39,0.04,1127.19
71.15,1.08,12.36,3.43,0.7,0.05,1.24,3.04,0.65,2.31,0.84,0.15,0.03,2.65,0.3,1572.79
73.69,0.32,7.02,7.27,0.07,0.03,0.42,0.64,0.71,3.83,4.44,0.93,0.04,0.37,0.22,857.23
80.2,0.16,6.36,2.48,1.31,0.04,0.32,3.11,0.02,2.17,1.43,1,0.05,0.44,0.92,757.48
66.99,0.65,13.07,6.7,0.14,0.02,1.09,2.77,0.79,0.22,4.94,0.99,0,1.03,0.59,1195.92
71.4,0.45,8.78,6.52,1.42,0.02,0.86,2.88,0.97,3.21,0.48,0.32,0.02,2.22,0.45,1140.86
61.08,0.13,13.78,14.91,1.64,0.05,0.62,2.15,0.26,1.64,1.65,0.87,0,0.61,0.61,911.93
69.2,0.92,12.55,0.93,0.91,0.01,1.98,4.99,0.05,3.34,4.07,0.32,0.03,0.56,0.13,1540.26
78.71,0.98,9.59,3.09,0.75,0.04,0.03,1.04,0.25,1.31,0.49,0.85,0.01,2.49,0.36,1316.4
67.33,0.55,8.33,14.26,1.46,0.03,1.55,0.04,0.5,2.62,1.2,0.56,0.02,1.42,0.12,1140.87
56.96,0.5,8.77,19.35,1.74,0.05,0.16,3.09,0.22,2.02,3.4,0.58,0.03,2.44,0.68,1214.14
57.57,0.99,16.77,14.24,0.79,0.01,0.54,1.98,0.74,0.2,4.07,0.76,0.02,1.2,0.11,1570.13
70.26,0.98,9.17,4.94,0.04,0.03,1.5,3.83,0.21,4.98,2.84,0.33,0.02,0.37,0.49,1547.81
61.86,0.91,7.37,17.34,0.95,0.05,1.41,0.28,0.07,4,1.78,0.19,0.04,2.95,0.81,1448.36
74.34,0.5,0.35,14.82,0.84,0.03,0.94,0.13,0.64,3.94,0.78,0.89,0.01,1.27,0.53,959.88
61.23,0.38,9.01,14.37,1.43,0.05,1.72,4.93,0.6,2,1.2,0.24,0.01,2.18,0.65,1204.24
82.92,0.67,1.24,1.23,0.29,0.01,1.77,3.89,0.2,1.24,3.18,0.87,0.02,1.58,0.89,1084.44
65.25,0.93,16.05,5.56,1.38,0.01,1.23,1.52,0.7,0.71,3.33,0.71,0.04,2.06,0.52,1459.72
70.93,0.82,13.04,7.85,1.98,0.02,0.17,1.52,0.1,1.7,0.64,0.44,0.04,0.2,0.56,1339.15
53.33,0.06,15.92,18.43,0.98,0.04,1.19,1.7,0.25,3.79,2.15,0.92,0.05,0.63,0.56,971.03
68.54,0.83,10.93,13.58,0.78,0.05,0.12,0.15,0.42,0.77,2.72,0.01,0.02,0.88,0.2,1255.91
57.31,0.54,15.38,13.11,0.32,0.02,1.86,2.2,0.47,4.71,0.68,0.74,0.01,2.6,0.05,1340.05
63.89,1.11,2.03,18.27,0.72,0,0.22,4.42,0.98,4.48,2.21,0.96,0.02,0.34,0.34,1707.08
70.5,1.2,11.27,6.8,1.25,0.02,0.1,1.01,0.02,1.27,3.7,0.19,0.03,2.1,0.55,1510.43
69.78,0.66,9.24,3.75,1.5,0.01,0.92,3.78,0.7,2.16,3.94,0.71,0.02,2.69,0.14,1256.03
60.61,0.44,12.56,17.46,0.65,0.03,0.02,1.85,0.33,4.21,0.37,0.06,0.02,1.22,0.16,1121.93
77.8,0.07,0.75,7.78,1.73,0.04,0.74,3.87,0.75,2.41,2.02,0.18,0.01,1.02,0.81,719.28
77.77,0.67,3.62,1.92,0.99,0.03,1.64,3.99,0.82,2.24,4.33,0.44,0.01,1.19,0.34,1242.1
79.37,0.79,4.05,6.32,1.19,0,1.38,0.89,0.85,2.01,1.1,0.67,0.03,0.52,0.83,1175.33
69.43,0.55,2.74,15.92,0.27,0.05,0.88,3.64,0.45,0.94,3.79,0.29,0.03,0.77,0.24,1124.7
71.78,0.74,1.16,14.68,1.16,0.03,0.71,2.78,0.37,0.41,4.22,0.68,0.03,0.58,0.66,1194.39
68.69,0.29,12.38,6.67,0.32,0.05,0.21,3.81,0.1,3.42,0.55,0.51,0.01,2.6,0.4,1010.42
64.72,0.53,7.4,9.08,1.72,0.03,1.34,3.6,0.94,4.19,4.64,0.34,0.01,0.61,0.86,1289.69
73.2,1,11.71,1.26,0.64,0.04,0.5,3.12,0.54,1.31,4.67,0.26,0.04,1.62,0.09,1452.6
62.69,1,11.49,14.23,1.81,0.01,0.17,0.63,0.87,2.81,0.88,0.14,0.02,2.45,0.81,1597.02
71.53,1.02,13.84,1.23,1.44,0.03,1.45,2.42,0.48,0.63,4.53,0.37,0.03,0.62,0.37,1485.04
68.27,0.26,4.69,11.49,1.04,0.01,1.38,4.54,0.2,3.36,2.93,0.33,0.03,0.63,0.83,1010.12
63.97,0.04,10.21,6.38,1.76,0.02,1.6,4.62,0.33,4.4,3.63,0.11,0.01,2.45,0.47,954.09
78.25,1.09,2.03,7.47,1.79,0.04,1.44,0.51,0.62,2.91,0.84,0.77,0.02,1.86,0.36,1410.24
73.39,0.11,9.45,6.13,0.14,0.01,1.24,0.51,0.09,4.72,0.54,0.38,0.01,2.82,0.48,741.12
55.54,0.94,16.22,14.11,0.11,0.03,0.77,3.74,0.59,3.63,0.9,0.44,0.02,2.94,0.02,1649.44
82.69,0.98,1.75,1.61,0.66,0.04,1.36,3.14,0.77,1.16,3.17,0.64,0.03,1.78,0.22,1290.84
73.77,0.65,1.95,7.27,1.95,0.03,1.12,4.77,0.89,2.84,1.34,0.12,0.04,2.76,0.49,1307.21
67.51,0.12,10.91,7.35,0.32,0.05,0.48,3.56,0.43,4.14,3.5,0.12,0.02,0.78,0.71,829.75
74.87,0.4,2.06,4.28,1.43,0.03,0.71,4.18,0.48,3.97,3.91,0.85,0.04,2.04,0.75,1042.47
72.47,0.93,3.04,6,0.21,0.01,1.56,4.74,0.67,4.43,1.59,0.85,0.02,2.68,0.8,1495.45
59.56,1.05,10.28,17.16,0.77,0,0.1,3.35,0.11,3.73,2.1,0.56,0.04,0.76,0.41,1667.12
58.87,0.88,16.53,5.81,1.25,0.05,1.3,4.46,0.94,4.65,3.79,0.55,0,0.67,0.26,1657.19
74.34,0.21,0.98,8.33,1.64,0.04,1.81,3.73,0.24,3.51,3.77,0.54,0.04,0.21,0.59,841.23
73.77,0.58,14.49,2.56,0.43,0.03,1.89,0.42,0.74,1.03,0.53,0.39,0.03,2.48,0.63,1026.47
76.88,0.36,13.87,2.28,0.29,0.04,1.92,0.6,0.61,1.2,0.13,0.83,0.03,0.07,0.9,880.12
68.7,0.65,13.27,8.47,0.37,0.02,0.58,1.48,0.64,0.47,1.99,0.55,0.04,1.9,0.89,1213.6
62.51,0.05,9.6,13.27,0.83,0.02,1.09,4.53,0.26,2,3.27,0.19,0.04,2,0.35,890.99
62.74,0.87,5.03,15.49,0.14,0.02,0.52,4.08,0.75,4.21,3.26,0.8,0.02,2.03,0.03,1520.24
73.66,1.04,13.88,5.73,0.55,0.04,0.37,0.55,0.02,1.49,0.5,0.8,0.02,0.76,0.6,1424.26
63.87,0.09,13.07,10.03,0.01,0.02,1.5,0.94,0.96,4.48,3.89,0.08,0.02,0.89,0.14,891.88
60.6,0.18,8.45,19.51,0.49,0.04,0.16,3,0.34,3.5,2.16,0.3,0.03,0.42,0.81,956.35
70.66,0.9,9.81,7.34,1.83,0.03,0.57,4.03,0.64,0.64,0.57,0.94,0.01,1.99,0.04,1379.97
55.8,0.18,13.92,16.19,1.43,0,0.57,1.8,0.69,3.78,3.14,0.79,0.02,1.63,0.06,1038.09
67.06,0.52,7.79,12.23,0.76,0.01,0.48,0.67,0.7,3.11,2.9,0.53,0.02,2.31,0.92,1065.44
62.38,0.2,12.07,11.16,1.98,0.03,0.58,2.81,0.98,3.62,0.64,0.34,0.01,2.57,0.61,994.62
72.28,0.97,3.17,18.16,0.12,0.02,0.03,0.92,0.96,0.39,0.73,0.92,0.04,1.22,0.07,1318.63
65.42,0.39,6.49,10.11,1.1,0.04,1.54,3.84,0.73,3.79,3.39,0.87,0.03,1.56,0.7,1182.37
54.45,0.21,13.99,18.72,0.59,0.03,0.07,3.83,0.56,3.37,0.71,0.81,0.01,2.05,0.59,1091.08
57.68,0.89,14.31,9.5,0.82,0.02,1.86,3.78,0.7,4.63,1.74,0.63,0.03,2.99,0.43,1661.19
81.8,0.49,1.52,1.97,1.02,0.01,0.15,4.82,0.95,1.63,3.95,0.87,0.02,0.67,0.13,1011.12
65.69,0.47,12.48,10.77,0.79,0.01,0.67,4.2,0.81,0.14,0.7,0.76,0.02,1.93,0.56,1155.29
65.44,0.79,0.97,18.62,0.04,0,0.45,4.97,0.07,4.37,0.8,0.11,0.04,2.54,0.79,1440.83
70.83,0.1,6.16,9.26,0.14,0.03,1.12,4.96,0.62,1.99,3.95,0.33,0.03,0.17,0.32,806.24
69.07,0.64,12.64,1.98,1.59,0.05,0.56,3.83,0.18,2.62,3.99,0.39,0,1.62,0.84,1269.39
82.29,0.44,1.57,1.93,1.23,0.03,0.58,2.26,0.39,3.48,4.31,0.77,0,0.3,0.43,939.34
68.43,1.02,4.27,17.58,0.22,0,1.83,0.81,0.46,1.63,0.74,0.63,0.05,1.97,0.35,1410.49
69.39,0.7,8.45,7.2,1.48,0.01,1.07,4.27,0.2,1.32,3.3,0.77,0.01,1.08,0.74,1327.01
76.64,0.35,11.99,3.18,0.82,0.03,0.92,0.1,0.41,1.44,0.51,0.01,0,2.85,0.75,824.72
69.25,0.04,8.39,12.93,0.13,0.02,0.18,1.81,0.47,1.69,2.88,0.58,0.02,1.17,0.44,698.29
67.32,0.46,13.69,2.8,1.71,0.02,1.45,4.42,0.89,2.26,1.28,0.61,0.01,2.37,0.71,1217.75
69.64,0.67,1.85,13.75,0.97,0.03,1.69,3.86,0.54,1.78,2.23,0.35,0.01,1.94,0.69,1301.8
53.62,1.17,8.2,19.95,0.37,0.03,1.99,3.2,0.45,2.58,4.23,0.94,0.02,2.32,0.93,1821.71
67.46,1.19,6.36,12.39,1.31,0.01,1.61,2.06,0.5,3.21,2.05,0.33,0.03,1.04,0.43,1631.91
68.12,0.14,15.21,8.23,0.17,0.04,0.04,3,0.7,0.96,0.66,0.11,0.05,2.27,0.31,854.82
86.62,0.55,4.88,1.14,1.57,0.04,0.41,0.32,0.12,2.07,1.5,0.07,0.02,0.61,0.07,809.88
61.67,0.79,10.31,16.53,0.6,0.01,0.72,3.89,0.24,1.28,0.74,0.99,0.05,1.97,0.21,1422.07
61.17,0.9,15.49,6.37,1.83,0.04,1.09,3.42,0.41,3.28,2.74,0.32,0.02,1.95,0.96,1652.27
61.77,0.25,7.07,16.11,0.25,0.05,1.36,4.55,0.84,3.89,0.16,0.41,0.01,2.61,0.68,1070.42
66.78,0.09,13.32,8.37,0.47,0.03,0.08,1.29,0.18,4.65,1.89,0.58,0.03,1.98,0.28,776.94
86.13,0.15,1.47,3.87,0.97,0.01,0.87,0.15,0.63,4.39,0.24,0.22,0.02,0.86,0.04,631.02
64.38,0.98,15.75,0.78,1.31,0.03,1.09,2.52,0.8,4.84,4.14,0.87,0.02,2.07,0.42,1632.2
56.85,0.44,16.12,18.1,1.36,0.04,0.72,2.17,0.82,1.99,0.2,0.35,0.02,0.46,0.34,1266.9
61.51,0.19,13.55,9.52,1.45,0.03,0.47,4.17,0.57,3.92,0.47,0.62,0.01,2.58,0.95,1055.53
73.96,0.08,13.04,2.06,1.72,0.01,0.39,1.26,0.73,1.46,2.98,0.57,0.02,1.62,0.12,698.17
67.57,1.06,9.34,12.28,0.51,0.01,0.98,1.34,0.42,2.2,1.35,0.29,0.05,1.76,0.83,1542.21
79.38,0.06,0.03,10.38,1.65,0.03,1.24,0.7,0.98,2.65,0.51,0.41,0,1.25,0.71,588.54
65.66,0.62,8.97,9.34,1.03,0,0.95,4.96,0.76,1.44,3.39,0.33,0.01,2.32,0.21,1283.83
63.51,1.03,6.85,15.14,0.52,0.03,0.43,0.11,0.81,4.28,4.4,0.04,0.04,2.51,0.31,1457.73
63.25,0.53,15.24,8.36,0.6,0.01,1.35,0.42,0.06,3.41,3.47,0.2,0.05,2.36,0.69,1147.06
69.01,0.91,7.41,9.11,1.74,0,1.6,2.24,0.46,1.63,3.04,0.68,0.01,1.7,0.46,1444.12
66.44,0.52,9.52,9.81,1.87,0.02,0.07,3.31,0.6,4.55,0.59,0.52,0.01,1.37,0.8,1304.18
59.34,1.03,15.01,10.95,1.27,0.03,1.12,4.43,0.21,2.19,3.05,0.77,0.04,0.35,0.22,1680.32
63.38,0.01,3.6,19.39,0.62,0.03,1.45,3.23,0.38,2.15,4.19,0.66,0,0.61,0.29,789.2
70.9,0.44,10.38,7.33,1.65,0.02,1,2.14,0.31,3.62,1.15,0.69,0.03,0.31,0.02,1070.41
60.51,0.47,14.49,10.04,0.07,0.04,1.87,0.37,0.21,3.58,4.99,0.88,0,1.82,0.67,1125.04
71.79,0.76,10.23,5.84,1.34,0.04,1.15,2.49,0.22,2.72,0.64,0.07,0.04,2.03,0.65,1287.27
73.53,0.49,7.45,9.31,1.03,0.04,0.44,2.17,0.51,0.85,3.51,0.06,0.03,0.61,0.01,999.48
66.09,0.39,7.72,16.35,0.82,0.05,1.69,0.96,0.16,1.22,1.8,0.58,0.01,1.6,0.58,982.45
63.16,0.99,11.55,18.49,1.4,0.02,0.42,0.05,0.09,0.95,1.08,0.74,0.02,0.97,0.05,1497.18
61.85,0.65,11.03,17.56,1.01,0,0.13,1.36,0.14,3.85,0.54,0.16,0.03,0.72,0.97,1326.84
79.12,0.42,1.02,6.73,0.75,0.01,0.24,3.34,0.23,3.39,2.74,0.9,0.04,0.45,0.61,955.27
55.64,0.79,15.52,12.82,0.28,0.01,1.28,4.56,0.89,1.8,4.15,0.51,0.02,1.05,0.68,1533.56
69.62,0.92,6.83,11.69,0.78,0.01,0.32,3.28,0.81,2.34,1.63,0.34,0.03,1.4,0,1484.06
73.47,0.93,2.56,13.5,0.69,0.03,1.71,0.77,0.78,0.19,4.61,0.2,0.04,0.2,0.33,1328.27
68.39,0.84,6.32,13.32,0.86,0.03,1.09,0.84,0.85,4.34,1.02,0.42,0.02,1.65,0.02,1398.33
66.95,0.91,15.52,2.84,1.79,0.04,1.08,1.37,0.21,2.45,2.54,0.65,0.04,2.8,0.8,1452.36
82.78,0.06,0.93,5.37,1.23,0.02,0.33,4.25,0.98,0.08,0.45,0.5,0.02,2.35,0.65,651.96
71.39,0.09,9.81,6.73,1.93,0.02,1.86,0.15,0.1,1.93,4.43,0.54,0.04,0.85,0.11,696.08
75.42,1.05,8.19,3.87,1.28,0.01,1.14,0.51,0.81,4.03,2.71,0.04,0.01,0.41,0.52,1451.85
55.53,0.13,15.66,17,0.31,0.03,1.39,1.98,0.15,0.66,3.7,0.22,0.03,2.6,0.59,914.41
68.44,0.38,15.34,6.22,1.94,0.02,1.91,0.92,0.01,0.98,0.49,0.73,0.01,1.92,0.67,998.79
69.4,0.83,14.99,2.98,0.1,0,0.21,1.9,0.97,1.77,2.26,0.81,0.05,2.91,0.83,1336.57
79.08,0.72,3.54,1.11,1.84,0.02,1.02,3.05,0.45,2.22,4.58,0.82,0.01,0.88,0.66,1197.75
56.01,0.69,13.79,14.55,1.42,0.04,1.53,1.21,0.87,1.68,4.55,0.82,0,2.31,0.5,1390.04
73.19,0.09,5.28,8.6,1.18,0.01,1.03,2.42,0.84,1.51,2.25,0.39,0.03,2.51,0.68,753.66
69.72,0.56,11.48,6.44,0.29,0.02,0.89,2.2,0.74,4.68,1.94,0.09,0,0.01,0.94,1284.7
63.44,0.22,10.7,16.27,1.72,0.04,0.16,1.74,0.97,0.96,2.27,0.33,0.01,0.97,0.19,889.41
69.17,1.05,3.14,12.47,1.88,0.05,1.2,1.35,0.25,3.74,4.9,0.08,0.04,0.37,0.3,1442.35
75.32,0.78,7.51,4.38,1.06,0,1.48,2.61,0.95,0.51,3.66,0.3,0.02,1.05,0.36,1289.98
70.06,0.52,0.38,16.94,1.76,0,1.55,0.36,0.81,3.06,1.53,0.61,0.03,1.91,0.48,1091.85
81.97,0.71,3.05,1.49,0.04,0.02,0.66,2.84,0.45,1.97,4.22,0.62,0.03,1.15,0.78,1053.85
82.47,0.19,7.24,0.94,0.23,0,0.88,3.49,0.31,0.13,3.54,0.21,0.04,0.02,0.31,720.47
64.62,0.91,8.09,14.37,1.08,0.04,1.54,4.88,0.1,1.7,0.96,0.63,0.03,0.61,0.42,1515.75
70.03,0.73,11.86,2.05,1.84,0,1.95,1.58,0.32,2.23,3.47,0.16,0.01,2.88,0.88,1320.99
69.08,0.25,9.9,7.32,0.72,0.03,0.5,2.02,0.93,3.78,1.92,0.23,0.03,2.42,0.86,913.04
67.94,0.68,9.3,14.39,0.35,0.04,0.15,3.02,0.59,1.55,0.18,0.72,0,0.54,0.54,1204.25
59.51,0.81,17.15,5.37,1.91,0.04,1.21,3.79,0.86,4.02,1.63,0.81,0.02,2.6,0.26,1603.17
68.32,0.69,12.47,8.52,1.57,0.05,0.37,0.17,0.63,3.01,1.71,0.79,0.04,1,0.68,1188.4
68.21,1.16,6.24,12.41,0.76,0,0.18,1.16,0.81,2.21,2.94,0.94,0.01,2.59,0.38,1640.19
55.25,0.41,11.26,17.97,0.7,0.04,0.04,3.12,0.63,2.78,4.69,0.94,0.02,1.37,0.79,1210.04
64.38,0.43,14.77,7.54,0.81,0.01,1.09,1.63,0.59,2.24,3.74,0.28,0.01,2.11,0.38,1149.55
62.76,0.68,16.94,9.68,0.3,0.02,0.96,3.83,0.2,1.73,0.25,0.7,0.04,1.37,0.54,1332.24
57.77,0.73,17.35,13.16,0.16,0.01,1.04,0.36,0.68,3.27,4.38,0.5,0.03,0.55,0,1412.59
82.27,0.21,1.12,8.55,0.94,0.03,0.28,1.07,0.8,2.88,0.15,0.85,0.03,0.56,0.25,735.52
66.74,0.97,6.45,10.99,1.17,0.03,0.15,2.06,0.34,4.96,2.33,0.44,0.02,2.76,0.61,1572.71
55.1,0.47,16.43,18.6,0.53,0.02,1.93,2.71,0.43,0.98,1.92,0.63,0,0.25,0.01,1221.89
70.76,1.02,3.33,13.22,0.24,0.03,0.87,2.04,0.86,0.84,2.98,0.82,0.04,2.95,0,1394.11
73.46,1.06,11.04,0.05,0.93,0.04,0.37,3.39,0.14,4.02,2.84,0.03,0,2.59,0.03,1558.69
64.13,0.26,4.04,15.52,0.58,0,1.44,4.77,0.83,2.74,2.12,0.93,0.04,1.71,0.88,1007.98
50.21,0.73,17.52,17.17,1.1,0.05,0.68,3.5,0.17,4.48,1.24,0.95,0,2.05,0.15,1557.52
62.89,1.09,12.87,15.37,0.24,0,1.7,1.13,0.87,0.71,1.54,0.93,0.04,0.16,0.45,1650.82
81.49,1.09,0.27,2.15,1.29,0.01,0.9,2.54,0.86,4.79,2.56,0.51,0.04,0.58,0.94,1464.58
74.28,0.48,3.99,8.16,1.66,0.03,0.19,0.28,0.51,3.65,3.32,0.86,0.01,1.82,0.77,1030.47
80.03,1.13,1.82,4.79,0.71,0.03,0.82,4.31,0.95,0.35,3.5,0.11,0.04,0.43,0.99,1448.9
72.59,0.71,7.1,4.69,1.26,0.04,1.89,2.05,0.71,4.17,4.16,0.03,0.02,0.04,0.56,1247.24
58.09,1.04,14.67,16.22,0.7,0,0.34,3.35,0.13,0.63,1.77,0.09,0.02,2.91,0.02,1653.74
53.46,0.32,17.68,17.23,1.77,0.01,1.74,4.71,0.82,0.46,0.42,0.36,0.04,0.04,0.95,1258.05
68.88,0.64,6.45,11.22,1.43,0.01,0.58,2.34,0.67,3.53,1.62,0.32,0.02,1.63,0.65,1205.82
70.89,0.36,5.54,12.91,0.87,0.01,0.01,0.15,0.87,2.29,3.29,0.93,0.01,1.34,0.54,962.61
52.23,1.01,17.89,14.23,1.28,0.05,1.67,4.33,0,2.57,3.91,0.18,0.04,0.03,0.58,1760.04
66.41,0.89,9.55,12.95,1.03,0.02,1.68,0.46,0.58,0.57,2.81,0.96,0,1.27,0.8,1419.16
71.99,0.45,9.37,2.29,0.45,0.03,1.66,3.23,0.84,3.03,4.05,0.98,0,1.44,0.19,1084.47
72.6,0.75,7.91,6.49,0.09,0,0.35,2.24,0.42,0.95,4.11,0.68,0.02,2.39,0.99,1143.67
62.09,0.3,6.53,19.86,0.28,0,1.04,2.34,0.08,1.45,2.09,0.82,0.04,2.74,0.33,943.86
81.97,0.02,3.73,4.23,0.12,0.02,1.81,0.02,0.63,4.4,0.54,0.92,0.04,0.64,0.91,498.46
63.87,0.97,2.01,16.61,1.08,0.04,1.24,1.96,0.6,3.18,3.83,0.83,0.03,2.97,0.78,1494.84
74.99,0.39,6.52,8.79,1.92,0,1,0.81,0.81,0.16,2.28,0.39,0,1.13,0.81,937.01
69.1,0.17,17.7,1.17,0.58,0.04,0.72,2.4,0.19,3.58,0.9,0.85,0.03,1.64,0.93,924.68
71.98,1.03,1.65,14.52,0.47,0.01,0.03,4.47,0.74,0.7,1.64,0.48,0.02,1.79,0.47,1515.98
62.86,0.78,15.91,7.96,1.75,0.01,0.24,1.2,0.21,4.93,1.91,0.65,0.03,1.34,0.22,1392.09
58.64,1.15,10.24,19.4,1.15,0.01,0.77,3.96,0.42,0.5,0.48,0.24,0.03,2.49,0.53,1666.08
69.25,0.9,11.62,10.48,0.43,0.04,0.55,1.26,0.26,0.48,2.49,0.33,0.03,1.36,0.52,1357.61
65.57,0.65,3.75,18.04,0.22,0.04,1.36,0.36,0.9,1.58,3.7,0.28,0.03,2.92,0.61,1147.94
65.83,0.36,8.25,13.52,0.89,0.05,1.73,0.73,0.78,4.71,1.58,0.24,0,0.35,0.96,1022.27
73.07,0.33,2.95,10.18,1.45,0.03,0.07,4.02,0.93,2.2,1.83,0.23,0.02,1.93,0.77,936.88
71.47,0.41,6.11,9.02,0.34,0.05,1.41,2.17,0.12,4.24,2.42,0.8,0,0.82,0.62,949.79
68.44,0.25,5.43,14.85,0.37,0.03,0.85,3.82,0.2,1.35,1.99,0.17,0.02,1.25,0.99,913.64
75.19,0.72,1.25,9.2,1.76,0.04,1.92,4.47,0.18,0.02,3.08,0.7,0.01,0.5,0.96,1231.89
64.24,0.53,14.37,7.92,1.47,0.02,1.8,1.63,0.52,2.61,3.24,0.31,0.03,0.42,0.89,1215.06
57.08,0.18,15.13,13.86,0.68,0.02,1.93,0.97,0.72,0.92,4.53,0.74,0.05,2.64,0.55,934.36
73.65,0.25,3.97,9.53,1.74,0,0.48,2.98,0.87,1.49,1.91,0.37,0.01,2.1,0.66,872.02
48.19,1.01,16.52,18.01,1.08,0.01,0.44,2.95,0.92,2.65,4.68,0.26,0,2.39,0.88,1804.1
79.39,0.06,1.13,8.78,0.47,0.02,0.98,2.29,0.62,3.4,1.98,0.34,0.02,0.21,0.32,631.7
64.84,0.25,5.24,14.29,1.98,0.05,1.64,3.69,0.94,3.76,2.35,0.6,0.02,0.01,0.35,1080.08
62.39,1.03,17.33,7.04,1.91,0.04,0.06,2.98,0.37,0.17,2.66,0.58,0.01,2.82,0.61,1590.21
65.16,0.22,12.98,9.98,0.95,0.04,0.28,2.45,0.78,3.3,0.03,0.79,0.05,2.11,0.88,926.99
49.68,0.39,13.23,18.84,1.77,0.01,1.25,4.98,0.3,3.17,4.53,0.9,0.02,0.28,0.65,1317.26
72.09,1.14,9.14,9.15,1.73,0.02,1.36,1.94,0.38,0.94,0.44,0.89,0.01,0.19,0.58,1629.16
84.86,0.57,2.55,0.42,0.09,0.05,1.06,2,0.41,3.26,1.88,0.8,0.01,1.1,0.93,1017.09
70.43,0.32,11.91,7.29,0.94,0,0.33,0.51,0.84,4.81,0.34,0.08,0.03,1.51,0.65,1013.72
71.88,0.19,0.68,17.78,0.94,0.05,1.07,2.55,0.62,0.85,1.27,0.91,0.01,0.7,0.51,787.05
70.79,0.77,0.02,9.14,0.8,0.04,1.68,4.53,0.84,3.93,4.3,0.17,0.02,2.05,0.92,1358.36
58.95,1.13,13.69,14.33,1.53,0.03,0.04,1.27,0.96,1.44,3.86,0.42,0.05,1.67,0.63,1716.14
70.76,0.3,1.04,15.13,0.14,0.04,1.11,4.1,0.21,2.71,3.07,0.07,0.04,1.17,0.13,875.62
76.93,1.07,8.22,2.76,0.5,0.04,1.57,0.21,0.06,4.59,1.65,0.19,0.01,1.43,0.77,1437.79
74.37,0.63,0.37,9.68,0.62,0.03,1.05,4.83,0.6,3.16,2.6,0.31,0.03,1,0.72,1188.95
65.02,0.7,11.31,13.37,1.4,0.02,1.79,0.15,0.19,0.35,3.36,0.27,0.01,1.44,0.62,1192.08
56.45,0.75,10.03,19.84,1.72,0.01,1.52,2.85,0.07,0.25,4,0.54,0.03,1.01,0.93,1436.6
61.08,0.13,10.51,12.75,0.25,0.02,0.43,4.92,0.54,1.58,3.32,0.66,0.02,2.98,0.81,970.19
63.01,0.49,11.88,14.21,0.35,0.04,1.65,3.78,0.22,0.68,0.9,0.09,0.05,2.55,0.09,1095.86
75.58,0.03,5.26,8.8,0.04,0.02,1.4,1.14,0.48,4.44,0.14,0.79,0.02,1.62,0.23,666.18
72.19,0.7,13.15,4.03,0.69,0.03,0.83,1.47,0.45,1.45,1.51,0.61,0.02,2.03,0.84,1248.41
52.76,1.04,16.13,15.21,1.19,0.01,0.55,3.01,0.14,0.92,4.56,0.96,0,2.59,0.94,1792.55
58.26,0.64,8.08,18.38,0.02,0.04,0.59,3.21,0.32,2.61,4.04,0.18,0.03,2.7,0.9,1326.78
74.16,0.92,8.04,9.2,0.57,0.01,0.08,2.66,0.31,0.94,0.61,0.35,0.04,1.55,0.56,1372.33
62.55,0.07,9.36,13.35,0.3,0.05,1.83,4.97,0.36,4.11,1.64,0.75,0.05,0.47,0.14,912.14
61.3,0.8,9.4,15.48,1.7,0.05,0.4,2.21,0.92,2.31,2.44,0.94,0.04,1.66,0.36,1419.12
77.75,1.1,0.16,6.42,1.89,0.02,1.25,2.66,0.4,3.33,3.83,0.36,0.03,0.25,0.55,1509.38
67.99,1.06,5.15,9.84,0.17,0.04,0.89,2.65,0.13,4.99,3.86,0.4,0.03,1.86,0.96,1625.57
64.67,0.92,6.29,19.55,0.6,0.03,1.4,1.36,0.96,1.08,2.21,0.18,0.04,0.66,0.03,1411.93
82.54,0.63,0.75,1.86,0.19,0.03,0.6,2.81,0.07,4.46,1.52,0.78,0.04,2.96,0.74,1034.84
80.89,0.54,2.75,0.96,1.77,0.02,1.5,2.48,0.88,3.75,0.43,0.75,0.01,2.32,0.95,1051.03
73.54,0.82,0.28,12.62,1.66,0.03,0.13,4.95,0.36,1.9,0.42,0.17,0.01,2.4,0.69,1364.97
47.56,0.7,15.55,19.96,0.77,0.02,1.47,3.22,0.01,3.28,3.6,0.99,0.03,2.05,0.79,1556.22
73.99,0.66,1.8,13.4,0.47,0.03,0.56,0.52,0.25,2.19,2.47,0.15,0.02,2.58,0.91,1072.58
68.71,0.65,8.83,11.63,0.43,0.05,1.49,1.19,0.27,3.24,1.61,0.36,0.04,0.8,0.71,1175.15
63.97,0.37,4.08,18.35,1.55,0.03,0.91,0.72,0.93,3.75,1.39,0.95,0.05,1.98,0.99,1060.91
71.5,0.23,13.17,3.04,1.38,0.05,1.07,3.82,0.14,3.17,0.32,0.04,0.03,1.72,0.33,983.97
65.83,0.78,1.33,13.56,1.32,0.03,1.69,2.88,0.94,4.9,3.76,0.36,0.01,2.46,0.15,1413.76
56.59,0.18,16.54,11.2,0.59,0.05,1.41,2.67,0.33,3.38,3.65,0.71,0.01,2.09,0.58,1047.36
68.11,0.18,5.73,14.88,1.48,0.01,0.71,0.08,0.33,0.13,4.36,0.67,0.05,2.68,0.6,764.51
70.99,0.61,15.91,5.97,0.45,0.02,0.11,1.51,0.08,0.26,2.76,0.71,0.03,0.21,0.39,1112.46
82.93,0.99,2.1,1.34,0.81,0.02,0.52,1.06,0.32,4.83,4.29,0.6,0.04,0.04,0.11,1280.81
59.37,0.36,11.59,17.67,0.46,0.01,1.7,2.05,0.7,2.74,0.88,0.7,0.02,0.86,0.9,1132.4
78.38,0.11,3.1,10.1,0.57,0.04,0.48,3.6,0.21,0.21,1.32,0.84,0,1.03,0.01,618.56
61.59,0.76,16.97,7.69,1.15,0.02,1.95,3.68,0.04,0.54,2.35,0.63,0.01,2.02,0.58,1486.82
67.57,1.1,4.38,15.82,0.02,0,1.9,3.49,0.63,1.67,0.92,0.38,0.03,1.9,0.17,1544.91
55.7,0.54,10.2,19.2,1.1,0.03,1.53,2.09,0.38,2.95,3.92,0.64,0.01,1.19,0.51,1226.97
67.34,0.63,12.11,9.36,0.9,0.04,1.51,2.11,1,0.33,1.63,0.04,0.04,2.27,0.68,1228.99
66.36,0.27,12.74,7.11,1.74,0.01,0.44,4.8,0.52,2.23,1.76,0.83,0.02,1.07,0.12,1065.27
55.16,1.15,17.92,9.46,1.55,0.03,1.1,4.03,0.84,0.1,4.71,0.82,0.04,2.56,0.54,1829.5
62.36,0.93,10.78,10.86,0.42,0.04,1.77,4.86,0.12,1.46,3.43,0.86,0.04,1.37,0.73,1561.41
78.45,0.02,0.86,15.15,0.96,0,0.96,0.31,0.35,0.79,1.1,0.2,0.02,0.32,0.53,495.32
52.67,0.49,15.12,16.52,1.65,0.02,0.58,2.08,0.69,2.65,3.12,0.69,0.05,2.83,0.84,1344.78
68.38,0.04,8.63,12.53,0.56,0,1.06,2.23,0.04,2.6,0.54,0.42,0.01,2.91,0.03,747.87
75.38,0.68,2.73,6.39,0.37,0.05,0.06,2.71,0.61,3.86,3.13,0.23,0.03,2.92,0.85,1139.03
71.06,0.17,10.26,5.6,0.22,0.02,0.09,0.6,0.22,4.95,4.04,0.54,0.01,1.56,0.65,727.66
55.1,0.02,17.78,12.54,1.98,0.02,1.25,2.31,0.01,4.25,2.25,0.47,0.02,1.3,0.73,979.53
68.87,1.17,7.04,6.78,0.99,0.01,1.52,2.91,0.21,4.32,3.1,0.03,0.01,2.67,0.38,1704.7
70.83,1.18,9.54,4.16,1.19,0.01,1.62,3.14,0.96,3.45,0.25,0.48,0.03,2.75,0.43,1676.53
64.51,0.3,9.87,13.94,0.87,0.02,0.51,3.49,0.01,2.56,0.02,0.59,0,2.82,0.48,1026.58
67.04,0.82,15.36,4.71,1.08,0.04,1.08,1.96,0.37,1.92,3.08,0.05,0.02,1.68,0.79,1421.18
72.59,0.54,11.71,0.35,0.48,0.04,1.17,4.73,0.75,2.25,3.89,0.47,0.02,0.14,0.87,1207.3
68.06,0.51,12.33,3.06,1.66,0.04,0.96,3.36,0.52,2.76,4.44,0.97,0.02,1,0.3,1198.91
68.19,0.06,1.59,12.92,0.55,0,0.83,4.39,0.37,3.48,4.5,0.17,0.03,2.72,0.19,825.36
75.87,1.19,6.57,4.35,1.68,0.02,1.34,2.45,0.64,0.18,1.75,0.66,0.02,2.33,0.96,1573.55
53,0.58,13.65,18.36,0.46,0.02,0.84,4.23,0.14,3.12,1.75,0.89,0.02,2.93,0.02,1400.26
69.68,0.3,8.23,5.13,1.47,0.04,1.4,4.85,0.46,4.9,0.62,0.85,0,1.6,0.48,1083.5
52.76,0.53,16.12,17.72,0.05,0.04,1.05,4.19,0.18,0.76,3.61,0.28,0.03,2.07,0.61,1345.55
73.65,0.84,11.17,7.58,0.18,0.04,1.69,0.03,0.84,0.75,1.66,0.41,0.03,0.28,0.83,1306.31
63.61,1.12,11.9,9.13,1.05,0.03,1.89,4.45,0.58,1.06,1.73,0.36,0.01,2.24,0.84,1742.85
59.59,0.39,15.23,14.69,0.88,0.03,1.54,2.81,0.44,0.51,0.01,0.94,0.01,1.99,0.94,1134.56
67.25,0.96,13.08,6.59,1.38,0.04,0.58,4.35,0.08,2.64,1.17,0.73,0.01,1.02,0.13,1547.29
69.56,0.98,2.38,14.46,1.41,0.01,1.13,2.48,0.59,4.69,0.4,0.82,0.04,0.38,0.66,1531.24
69.72,0.61,5.72,13.78,0.57,0.02,1.71,0.45,0.53,2.43,1.89,0.6,0,1.48,0.49,1182.36
77.39,0.62,3.82,4.15,1.29,0,0.61,4.15,0.1,2.34,3.34,0.14,0.02,1.68,0.33,1132.76
63.02,0.14,17.7,4.71,1.06,0.02,1.14,2.49,0.73,4.37,1.43,0.18,0.05,2.6,0.36,960.48
63.31,1.07,12.07,8.75,1.75,0.03,1.65,2.09,0.8,1.83,3.68,0.44,0.02,2.39,0.13,1631.41
61.88,0.77,7.29,12.92,1.42,0.04,1.71,1.79,0.62,3.9,3.82,0.89,0.04,2.15,0.75,1430.03
65.18,0.97,15.08,7.05,1.56,0.05,0.47,0.24,0.07,1.08,4.6,0.13,0.04,2.6,0.88,1436.42
79.23,0.39,2.65,4.24,0.27,0.02,0.34,2.02,0.85,3.27,3.31,0.81,0,2.38,0.2,816.33
79.42,0.42,5.54,2.11,0.35,0.05,1.2,2.37,0.76,4.07,0.55,0.74,0.05,1.76,0.61,959.6
59.38,1.19,5.09,16.91,1.22,0.02,1.77,4.98,0.06,4.63,1.02,0.21,0,2.77,0.76,1893.53
71.68,0.07,11.4,2.4,1.5,0.02,0.1,4.15,0.57,3.86,3.37,0.43,0.03,0.04,0.34,860.14
58.81,1.07,11,18.84,1.12,0.03,0.39,3.89,0.69,2.3,0.44,0.13,0.01,1.13,0.16,1738.1
51.76,1.03,16.19,17.14,1.22,0.03,1.78,2.03,0.06,2.35,2.77,0.55,0.01,2.35,0.73,1739.73
84.96,0.95,0.14,5.5,0.94,0.04,1.6,0.75,0.46,1.52,2.01,0.54,0.02,0.42,0.12,1132.28
75.87,0.17,15.14,0.4,0.4,0.05,0.13,0.18,0.39,0.76,2.83,0.34,0.01,3,0.34,698.57
59.01,1.11,7.38,19.52,1.45,0.03,1.39,1.8,0.42,2.93,1.63,0.77,0.01,2.39,0.15,1678.79
69.41,0.27,13.56,5.26,1.59,0.04,0.51,0.37,0.17,3.76,4.23,0.38,0.01,0.23,0.22,913.12
58.65,0.54,12.63,13.97,0.85,0.01,1.68,0.82,0.53,3.46,3.19,0.62,0.03,2.63,0.37,1310.99
60.4,0.76,12.55,11.81,1.81,0.03,0.85,4.23,0.49,2.65,2.91,0.32,0.04,0.29,0.87,1475.59
62.63,0.28,6.98,16.1,0.06,0.02,0.51,4.37,0.41,3.49,1.79,0.33,0.02,2.03,0.96,1109.28
71.02,0.26,11.59,5.31,1.1,0.03,0.9,2.49,0.88,0.44,4.15,0.46,0.02,0.53,0.81,959.84
56.63,0.38,7.07,18.27,1.92,0.04,1.5,3.47,0.59,2.98,4.82,0.75,0.03,0.57,0.98,1230.69
60.53,0.63,16.99,14.27,0.08,0.03,1.79,0.26,0.87,3.07,0.22,0.37,0,0.01,0.9,1302.41
61.41,0.15,0.98,18.34,1.25,0.01,1.36,4.99,0.79,2.23,4.07,0.74,0,2.78,0.88,1022.01
69.49,0.71,9.15,4.55,1.67,0.02,1.16,0.85,0.21,4.93,2.47,0.82,0.04,2.94,0.98,1305.47
55.42,0.44,10.94,16.43,1.83,0.03,0.84,3.64,0.46,3.36,4.02,0.84,0.01,1.71,0.03,1259.95
69.56,0.96,2.25,17.43,0.81,0.01,1.59,1,0.39,2.83,1.8,0.18,0.02,0.43,0.72,1420.44
68.96,0.68,17.01,1.57,1.86,0.01,1.68,0.45,0.99,4.04,0.31,0.21,0.03,1.57,0.63,1284.33
66.22,0.56,13.21,6.97,0.35,0,0.65,2.13,0.66,4.03,1.2,0.49,0.01,2.85,0.65,1259.5
69.36,0.35,3.61,13.13,1.84,0.01,1.14,2.65,0.64,2.94,1.36,0.69,0.01,1.96,0.3,1059.86
68.12,0.11,2.29,16.68,0.24,0.02,0.58,0.29,0.6,3.99,4.96,0.94,0,0.77,0.41,734.51
69.47,0.69,11.87,5.96,1.16,0,0.96,1.89,0.36,1.17,4.09,0.88,0.04,1.19,0.26,1244.45
72.53,0.13,12.1,6.6,0.55,0.02,1.11,0.81,0.96,3.66,0.23,0.31,0,0.69,0.29,828.17
56.98,0.06,10.59,19.22,1.26,0.05,0.76,2.3,0.5,4.62,1.9,0.98,0.03,0.65,0.1,937.92
71.29,0.22,0.71,13.85,1.03,0.04,1.56,4.66,0.12,0.93,2.74,0.13,0,2,0.72,870.95
66.95,0.06,15.66,6.43,1.84,0.01,1.48,2.13,0.38,0.3,3.53,0.18,0.02,0.42,0.6,789.56
60.37,0.28,10.7,18.93,1.84,0.01,0.2,0.21,0.83,1.25,1.42,0.23,0.04,2.94,0.76,990.94
73.42,0.64,12.99,0.72,0.12,0.03,0.67,2.44,0.78,2.89,4.03,0.42,0.01,0.7,0.13,1226.97
79.62,0.05,0.96,5.42,0.56,0.02,1.18,3.8,0.2,3.8,0.69,0.99,0.01,2.51,0.19,621.9
78.23,0.01,4.53,5.79,0.91,0.01,0.96,3.34,0.37,1.16,2.74,0.03,0.02,1.58,0.34,560.92
51.69,0.42,15.27,18.68,1.65,0,0.58,3.56,0.97,1.21,4.49,0.74,0.05,0.28,0.39,1352.4
51.62,0.79,16.31,16.77,0.11,0.02,0.81,4.99,0.43,3.41,1.42,0.61,0.01,1.81,0.87,1640.64
59.93,0.03,9.08,19.65,0.32,0.01,0.94,4.35,0.56,2.54,0.43,0.96,0.02,0.76,0.41,860.74
74.46,0.83,15.62,1.15,0.98,0.02,0.02,4.08,0.1,0.57,0.24,0.2,0.01,1.04,0.66,1282.33
70,0.07,15.48,6.53,1.21,0,0.73,0.01,0.17,2.24,2.68,0.15,0.04,0.57,0.12,720.57
68.71,1.19,7.54,8.52,0.12,0.04,0.36,3.72,0.91,3.84,3.21,0.6,0.02,0.43,0.78,1667.24
67.77,0.58,11.26,7.48,0.4,0.04,0.68,4.33,0.97,4.15,0.64,0.86,0.03,0.72,0.09,1255.57
50.19,0.04,17.78,16.63,1.48,0.01,0.06,2.43,0.74,4.81,4.22,0.89,0.01,0.47,0.25,1030
54.78,0.17,14.37,18.06,0.61,0.04,0.11,3.39,0.53,1.38,3.84,0.21,0.02,2.13,0.34,997.17
68.46,0.52,7.38,10.04,0.15,0.04,0.58,0.01,0.69,3.25,4.92,0.72,0.02,2.86,0.37,1008.63
80.69,0.99,6.04,0.97,1.47,0.02,0.68,3.58,0.32,0.59,2.02,0.82,0.01,1.66,0.13,1349.46
71.85,0.79,4.95,8.91,0.98,0.04,1.64,0.01,0.41,3.28,4.26,0.05,0.03,2.53,0.26,1205.8
60.81,0.25,8.42,19.25,1.39,0.02,0.04,2.78,0.35,0.93,2.5,0.34,0,2.18,0.73,1019.56
76.8,0.25,5.15,9.17,0.12,0.04,0.98,1.62,0.48,1.63,1.43,0.45,0.02,1.3,0.55,769.35
65.87,0.94,1.03,16.23,0.46,0.01,1.2,4.88,0.02,3.37,3.48,0.57,0,1.82,0.12,1522.4
70.17,0.84,16.02,0.07,0.76,0,0.73,2.46,0.53,1.78,3.63,0.42,0.03,2.4,0.17,1373.61
60.07,0.39,9.39,15.35,0.85,0,1.98,3.54,0.72,2.33,2.74,0.99,0.03,0.66,0.96,1183.58
73.18,0.69,1.27,10.55,1.65,0.03,0.75,4.41,0.93,1.74,2.49,0.98,0.01,0.89,0.43,1261.22
73.42,0.13,4.9,10.89,0.46,0.03,0.7,0.45,0.76,2.84,4.12,0.36,0,0.14,0.8,737.5
72.04,1,0.29,17.4,0.43,0.02,1.01,0.3,0.13,2.12,3.21,0.26,0.03,1.14,0.63,1340.07
51.53,0.52,15.33,19.67,1.83,0.01,0.91,2.29,0.84,1.79,2.75,0.61,0.01,1.67,0.25,1328.42
71.76,0.13,1.26,12.94,1.88,0.03,0.62,1.68,0.54,4.33,1.01,0.47,0.02,2.79,0.54,750.86
76.36,0.94,1.58,6.54,1.22,0.03,1.77,2.95,0.29,2.7,3.56,0.78,0.05,0.57,0.66,1345.5
55.59,0.18,13.91,18.28,0.06,0.04,0.48,2.43,0.75,2.53,1.16,0.91,0.03,2.79,0.85,982.93
63.36,1.05,6.51,19.75,1.7,0.02,1.79,3.78,0.73,0.03,0.11,0.69,0.01,0.18,0.29,1614.67
66.89,0.74,14.41,6.47,0.02,0.02,1.91,2.41,0.57,3.8,0.57,0.73,0.01,1.16,0.27,1413.78
79.57,0.19,6.51,1.89,1.69,0.02,1.31,1.48,0.21,3.57,3.12,0.22,0.03,0.02,0.18,720.87
70,0.25,9.11,9.3,1.27,0,1.64,0.29,0.45,3.55,1.72,0.91,0.04,1.28,0.18,912.88
67.26,0.06,14.43,3.89,0.54,0,0.04,1.15,0.87,3.9,3.85,0.83,0.01,2.94,0.23,794.33
65.95,0.64,2.24,14.77,0.74,0.03,1.47,4.51,0.82,2.69,4.96,0.53,0.03,0.48,0.15,1267.3
71.52,0.21,10.65,8.3,0.77,0.01,0.76,1.89,0.62,1.94,2.09,0.27,0.01,0.9,0.04,824.24
72.85,0.18,11.97,5.62,1.23,0.03,0.89,2.25,0.58,1.31,0.11,0.65,0.03,1.43,0.88,794.76
68.96,0.62,5.46,14.27,1.92,0.04,1.82,0.56,0.12,0.77,3.51,0.39,0.02,0.79,0.74,1099.06
79.71,0.24,6.11,5.6,1.06,0.04,1.59,1.04,0.18,1.82,0.74,0.09,0.01,1.18,0.59,734.86
68.98,0.87,4.01,16.37,0.07,0.02,1.27,1.46,0.68,4.34,0.45,0.51,0,0.84,0.14,1345
75.87,0.35,3.7,4.88,0.45,0.03,1.91,2.45,0.6,4.09,2.38,0.3,0.05,2.72,0.22,929.24
57.31,0.85,11.65,12.99,1.66,0.03,1.04,4.23,0.26,3.4,3.51,0.87,0.05,1.67,0.48,1621.55
69,0.86,5.06,9.74,0.74,0,1.22,4.37,0.92,2.59,3.83,0.71,0.01,0.19,0.75,1517.9
62.04,0.35,9.89,10.48,1.64,0.03,1.69,3.76,1,4.32,1.06,0.96,0.02,1.82,0.94,1213.12
57.17,1.14,15.37,16.38,0.53,0.02,1.52,0.59,0.89,1.05,2.82,0.11,0.01,1.76,0.63,1711.37
76.22,0.33,2.14,10.99,1.68,0.01,1.38,1.93,0.94,0.41,0.2,0.12,0.04,2.77,0.82,861.59
57.92,0.26,16.84,12.46,0.94,0.03,0.36,4.46,0.66,2.36,2.29,0.82,0.02,0.41,0.19,1128.06
61.31,0.11,9.14,13.55,1.87,0.04,1.17,4.32,0.89,3.56,0.28,0.29,0.02,2.99,0.46,1007.63
86.66,0.79,0.33,0.39,1.64,0.04,1.07,1.24,0.09,0.82,2.9,0.55,0.05,2.87,0.58,1044.18
58.2,1.01,14.62,15.05,0.87,0.02,0.53,4.69,0.83,0.89,1.26,0.58,0.02,0.64,0.79,1738.44
85.22,1.08,0.95,2.56,0.77,0.05,1.69,0.24,0.51,3.6,1.38,0.72,0.02,0.82,0.39,1314.98
51.61,1.14,16.3,18.28,1.83,0.01,1.79,1.06,0.84,2.71,1.2,0.4,0.02,2.2,0.61,1833.04
76.52,0.89,14.27,1.26,0.75,0.04,1.41,2.09,0.18,0.48,1.15,0.24,0.02,0.53,0.15,1329.75
74.18,1.01,4.49,11.23,0.4,0.02,0.55,0.43,0.98,2.29,1.97,0.2,0.02,1.91,0.3,1338.24
69.99,0.64,14.17,1.2,1.04,0.02,0.15,4.7,0.26,2.82,1.86,0.27,0.03,2.07,0.79,1303.92
63.05,0.76,9.47,15.55,1.03,0.05,1.05,1.59,0.45,2.45,1.42,0.16,0.02,2.69,0.26,1374.74
55.35,0.11,14.85,14.41,1.1,0.01,0.19,1.16,0.76,4.67,3.69,0.53,0.05,2.49,0.66,963.6
76.64,0.06,5.18,6.16,0.69,0.02,1.88,3.71,0.69,2.13,1.69,0.12,0.02,0.62,0.39,702.21
68.53,0.06,0.11,17.4,1.28,0.03,1.03,3.63,0.74,4.68,1.22,0.79,0.05,0.09,0.37,778.99
69.73,0.53,14.79,0.27,1.2,0.04,0.3,0.58,1,4.13,3.49,0.4,0.04,2.77,0.73,1190.75
73.04,0.13,2.84,15.66,0.06,0,1.02,0.85,0.29,1.99,2.61,0.28,0.02,1.11,0.08,610.39
67.98,1.04,5.06,12.19,1.14,0.01,0.06,4.28,0.5,2.07,3.81,0.03,0.04,1.23,0.55,1588.81
55.89,0.08,13.11,15.73,0.92,0.02,0.5,3.22,0.88,3.28,3.86,0.84,0.01,1.21,0.44,1040.98
74.02,0.68,0.89,11.77,0.18,0.04,1.93,1.45,0.51,4.12,1.57,0.16,0.04,2.1,0.57,1139.91
57.16,0.28,15.04,13.03,0.79,0.02,1.71,0.82,0.94,3.17,3.96,0.37,0.03,2.25,0.44,1098.12
73.95,0.59,10.48,1.27,1.73,0.04,0.56,4.4,0.75,2.42,1.74,0.4,0.03,1.24,0.42,1227.39
65.63,0.74,17.85,2.82,0.23,0.03,0.3,3.05,0.2,2.41,3.06,0.46,0.02,2.35,0.85,1349.68
63.5,0.34,14.64,7.83,0.98,0.01,1.25,0.5,0.59,4.95,3.77,0.9,0.02,0.43,0.29,1069.18
65.99,0.78,7.64,11.26,0.64,0,0.86,2.74,0.98,1.74,3.39,0.82,0.02,2.79,0.34,1356.79
76.81,1.16,0.04,12.68,1.58,0.01,0.23,0.12,0.07,2.72,4.2,0.06,0.01,0.02,0.28,1434.78
83.65,0.53,3.22,2.33,0.36,0.01,0.26,3.96,0.48,2.7,1.87,0.21,0,0.23,0.19,1016.71
74.73,1.02,3.9,7.1,1.15,0.03,1.33,0.97,0.52,3.84,1.94,0.97,0.03,2.02,0.46,1421.98
64.82,1.13,5.53,17.32,1.28,0.04,0.08,1.39,0.85,1.59,3.56,0.99,0.01,1.25,0.17,1618.01
72.84,0.19,11.39,3.83,0.97,0.05,0.67,4.37,0.4,1.31,1.68,0.13,0.03,1.53,0.61,892.54
68.56,0.21,11.74,1.62,0.8,0.03,1.71,4.06,0.53,4.42,2.53,0.52,0.04,2.63,0.6,947.91
61.27,1.13,4.19,18.49,0.44,0.03,1.59,4.01,0.28,4.93,0.4,0.03,0.04,2.46,0.71,1772.82
64.58,1.09,11.76,12.57,0.72,0.01,1.37,4.09,0.54,0.25,0.72,0.1,0.03,1.69,0.47,1656.27
67.36,0.66,4.97,16.09,0.66,0.03,0.78,0.36,0.26,4.83,0.95,0.1,0.01,2.63,0.31,1140.3
56.67,1.19,18,9.66,1.57,0.01,0.75,3.4,0.29,1.12,4.61,0.24,0,2.25,0.24,1805.36
82.71,0.55,2.01,1.37,0.92,0.02,1.01,4.83,0.41,3.01,0.49,0.89,0.04,1.57,0.18,986.46
70.96,1.19,8.84,8.44,0.34,0.01,1.42,2.67,0.36,1.49,1,0.03,0.05,2.26,0.93,1611.96
62.15,0.5,15.65,5.12,1.02,0.01,1.54,2.49,0.54,4.3,3.7,0.97,0.02,1.38,0.62,1206.82
63.12,0.42,14.97,10.67,1.21,0.01,0.5,1.7,0.47,0.22,4.44,0.9,0.03,0.95,0.39,1024.81
62.37,0.88,5.15,12.18,1.81,0.02,1.17,4.64,0.34,3.8,3.78,0.93,0.04,2.25,0.64,1582.39
67.46,0.34,7.92,14.19,1.35,0.02,0.37,2.42,0.27,1.28,1.63,0.71,0.02,1.12,0.9,943.56
68.16,0.85,8.9,8.43,1.64,0.01,1.33,0.11,0.01,4.66,2.57,0.32,0.04,2.95,0.03,1373.04
77.04,0.84,8.47,3.23,0.78,0.04,0.47,3.56,0.25,2.32,0.43,0.45,0.03,1.69,0.41,1297.23
66.09,0.45,4.96,15.34,1.57,0.02,0.77,3.19,0.56,3.34,1.53,0.79,0.02,1.26,0.13,1132.32
59.6,0.29,15.33,14.1,0.88,0.05,0.67,0.5,0.73,3.79,0.29,0.82,0.04,2.79,0.12,1039.63
79.58,0.72,3.95,7.99,0.53,0.02,0.23,1.52,0.07,2.46,1.48,0.59,0.02,0.73,0.1,1104.88
57.28,0.05,17.81,12.85,0.41,0.04,1.76,2.87,0.89,0.15,4.73,0.06,0.03,1.04,0.04,916.49
66.72,1.12,2.44,17.07,0.66,0.04,0.51,2.92,0.8,2.83,1.53,0.23,0.01,2.52,0.61,1571.56
79.22,0.53,11.16,1.44,0.72,0.01,1.29,3.03,0.3,0.21,0.91,0.16,0.03,0.51,0.48,1014.58
68.82,0.74,15.83,4.9,0.37,0.01,0.72,3.25,0.67,1.05,0.66,0.45,0.01,2.44,0.08,1345.06
64.74,0.39,7.3,13.47,0.37,0.04,0.97,3.8,0.51,2.26,2.35,0.36,0.04,2.54,0.85,1124.83
72.09,0.15,13.7,4,0.02,0.01,0.59,4.05,0.74,0.42,1.63,0.25,0.03,1.62,0.68,841.34
53.86,0.79,16.53,10.83,0.62,0.02,1.51,3.6,0.75,3.72,4.6,0.76,0.04,1.72,0.64,1628.27
57.75,1.16,15.67,15.55,1.37,0.02,1.1,0.28,0.42,0.56,3.64,0.89,0.01,0.74,0.86,1756.83
81.03,0.68,3.93,4.87,1.9,0.04,0.18,1.11,0.63,1.42,1.26,0.2,0.01,1.84,0.91,1128.59
76.85,0.44,2.19,2.49,1.87,0.03,0.93,4.45,0.51,2.4,4.63,0.47,0.02,1.74,0.98,1077.17
71.53,0.51,11.52,3.59,1.32,0.01,1.54,2.07,0.4,3.73,2.13,0.71,0.04,0.41,0.48,1126.62
53.38,1.13,14.62,19.47,1.72,0.02,0.36,1.05,0.22,0.38,4.53,0.5,0.01,2.29,0.33,1744.54
80.62,0.31,10.39,0.02,0.56,0.01,0.15,2.42,0.63,0.23,0.69,0.93,0.01,2.28,0.75,840.27
73.16,0.39,3.67,4.88,1.13,0.02,0.99,4.06,0.5,4.98,3.33,0.21,0.02,2.44,0.22,1058.16
75.39,0.2,15.74,1.64,0.81,0.04,1.87,1.74,0.83,0.98,0.18,0.03,0.03,0.46,0.05,812.18
70.27,1.17,4.36,9.25,1.23,0.01,0.71,3.24,0.64,4.21,2.19,0.89,0.03,1.69,0.12,1719.48
63.32,0.91,12.94,10.6,1.19,0.04,0.7,0.67,0.87,4.83,2.15,0.99,0.02,0.2,0.57,1573.65
75.05,1.04,11.11,0.19,0.02,0.04,1.69,1.27,0.47,4.81,2.3,0.14,0.05,1.49,0.34,1474.14
65.36,0.93,12.91,9.93,1.44,0.02,1.47,0.43,0.2,4.39,1.47,0.21,0,1.18,0.07,1450.34
56.65,0.6,16.55,15.74,0.08,0.01,0.38,0.33,0.11,4.54,1.55,0.39,0.02,2.23,0.8,1278.49
66.03,0.54,14.53,4.79,1.57,0.01,1.42,4,0.85,2.55,1.64,0.77,0.02,0.44,0.83,1272.97
58.49,0.5,10.28,18.37,0.27,0.03,1.12,4.31,0.34,2.01,2.6,0.17,0.02,1.31,0.2,1235.73
80.81,0.37,2.35,1.79,1.92,0.05,1.8,2.29,0.81,4.17,1.5,0.59,0.05,0.84,0.66,952.04
67.38,0.8,8.15,9.81,0.91,0.03,0.3,3.97,0.66,4.87,1.23,0.15,0.02,1.53,0.21,1511.92
55.21,0.08,13.64,18.79,0.54,0.04,0.84,3.32,0.74,1.47,3.94,0.11,0.05,1.01,0.22,908.33
63.29,0.17,14.62,11.72,1.9,0.03,0.68,4.18,0.28,1.45,0.14,0.25,0.01,0.89,0.37,930.05
63.81,0.77,2.4,18.62,0.05,0.05,1.09,3.55,0.3,0.87,4.74,0.44,0.02,2.96,0.34,1314.68
64.86,0.13,10.56,11.1,1.55,0.05,0.62,3.61,0.43,3.92,0.82,0.5,0,1.68,0.17,920.93
58.83,0.64,17.5,9.97,1.35,0,1.42,0.52,0.78,4.38,1.58,0.88,0.02,1.71,0.41,1395.63
54.13,0.58,16.35,18.95,0.89,0.03,0.23,1.63,0.51,1.01,2.88,0.69,0.03,1.33,0.77,1294.99
63.26,0.33,10.87,8.81,0.43,0.02,0.56,4.55,0.52,3.26,4.67,0.18,0.05,1.62,0.86,1067.42
79.91,0.21,4.91,3.88,1.31,0.01,1.59,1.25,0.26,1.41,3.73,0.92,0.05,0.3,0.26,720.01
65.56,0.43,15.53,2.61,1.28,0.01,1.05,1.94,0.98,2.43,4.88,0.26,0.04,2.15,0.85,1196.25
62.61,0.84,12.28,13.21,1.97,0.01,0.06,3.39,0.17,3.4,1.6,0.04,0.04,0.15,0.22,1464.95
60.56,1.1,11.19,17.51,1.36,0.05,1.05,0.27,0.16,2.94,1.74,0.11,0.01,1.42,0.52,1598.76
77.65,1.12,1.63,7.16,1.01,0.01,1.38,2.58,0.46,3.28,1.44,0.34,0.01,1.57,0.37,1499.54
80.37,0.04,3.48,4.95,0.97,0.01,1.64,2.37,0.62,1.04,2.08,0.6,0.02,1.01,0.81,601.24
56.13,1.01,9.59,17.93,1.47,0,1.12,3.49,0.54,4.16,1.5,0.07,0.03,2.19,0.77,1758.72
74.87,0.61,12.87,1.14,1.66,0.01,0.96,2.43,0.78,0.96,1.5,0.66,0.02,0.9,0.62,1223.92
64,0.11,14.22,10.49,0.41,0.02,0.26,3.08,0.67,2.03,1.7,0.85,0.03,2,0.13,856.65
67.22,0.45,16.73,1.08,0.39,0.02,0.65,2.55,0.4,3.94,3.84,0.77,0.02,1.22,0.72,1209.83
64.34,0.16,15.33,10.83,1.7,0.04,0.75,0.51,0.92,1.72,1.87,0.91,0.05,0.79,0.09,795.67
69.51,0.32,6.42,5.26,1.72,0.03,1.66,4.3,0.44,2.39,4.89,0.82,0.04,1.75,0.46,1022.88
66.34,1.07,14.48,10.34,0.54,0.01,1.11,1.48,0.26,0.53,0.17,0.78,0.01,2.67,0.21,1558.89
61.72,0.95,15.71,6.79,1.97,0.01,1.87,2.19,0.06,3.92,3.94,0.2,0.04,0.47,0.15,1605.97
76.08,0.97,5.22,1.54,1.91,0.03,0.9,2.52,0.67,4.31,3.36,0.74,0.01,1.15,0.58,1422.9
82.51,1.17,2.13,2.25,0.46,0.04,0.07,4.94,0.99,0.8,2.01,0.2,0.02,1.6,0.82,1554.76
53.17,0.05,17.76,18.81,1.14,0.02,1.1,0.09,0.74,2.48,1.43,0.46,0.01,2.1,0.61,868.91
59.52,1.05,12.28,14.32,1.24,0,0.12,2.15,0.93,2.62,4.38,0.1,0.04,0.74,0.52,1656.65
71.46,0.36,12.82,8.02,0.92,0.01,0.56,0.9,0.55,0.72,1.34,0.53,0.01,1.77,0.01,928.78
75.1,1.05,6.6,2.32,0.5,0.01,1.5,2.74,0.85,2.45,3.85,0.32,0.03,1.92,0.76,1511.29
77.73,0.96,4.98,7.7,0.41,0.04,0.54,1.96,0.8,1.7,1.46,0.65,0.05,0.19,0.83,1331.99
55.73,0.51,12.94,18.53,0.2,0.04,0.64,4.51,0.28,3.47,0.82,0.96,0,0.7,0.68,1312.05
63.52,1.03,17.88,3.47,0.61,0.04,0.06,3.67,0.42,3.44,2.62,0.63,0.03,1.89,0.66,1708.76
58.6,0.93,14.18,17.07,0.63,0.04,1.89,1.84,0.78,1.46,0.88,0.45,0.04,0.92,0.29,1562.47
71.08,0.34,3.93,12.22,0.49,0.05,0.69,2.71,0.41,4.81,2.12,0.56,0.04,0.51,0.03,1011.37
67.9,0.35,8.33,12.3,1.95,0.03,0.9,0.11,0.31,1.79,2.38,0.78,0.04,2.54,0.29,848.31
68.35,0.42,2.7,17.15,1.3,0,0.61,0.76,0.97,1.62,2.48,0.32,0.02,3,0.29,960.1
70.44,0.21,13.3,7.59,1.16,0.03,0.07,3.22,0.53,0.41,0.62,0.44,0.02,1.31,0.64,832.81
63.91,0.19,11.92,16.36,0.01,0.02,0.55,2.16,0.62,0.94,0.67,0.73,0.03,1.38,0.5,856.97
60.3,0.39,13.07,11.11,1.46,0.03,1.09,1.6,0.4,4.44,2.88,0.52,0,2.01,0.69,1129.26
84.66,0.83,1.64,6.01,0.74,0.04,1.96,2.07,0.55,0.04,0.04,0.07,0.04,0.53,0.76,1167.5
60.01,1.05,15.84,10.87,1.58,0.03,0.37,1.91,0.96,3.86,1.31,0.28,0.01,0.99,0.93,1720.18
74.64,0.53,6.56,4.78,1.78,0.05,0.65,3.08,0.96,2.5,2.34,0.53,0,0.9,0.7,1125.97
73.88,0.24,7.68,9.8,0.3,0.02,0.89,1.31,0.35,1.38,3.06,0.58,0.03,0.29,0.18,783.12
85.57,0.14,1.14,4.94,0.39,0.04,1.39,1.01,0.17,0.72,1.6,0.29,0,1.7,0.9,525
58.61,0.72,8.73,18.14,0.73,0.04,0.08,3.61,0.04,1.72,4.74,0.7,0.05,1.49,0.61,1367.06
69.04,0.63,8.62,11.56,0.08,0.01,0.43,1.91,0.43,3.7,0.83,0.57,0.01,1.55,0.63,1173.03
56.94,0.85,11.77,18.64,1.27,0.04,1.62,0.53,0.7,1.59,4.12,0.48,0.03,0.78,0.65,1486.03
72.45,0.05,13.47,3.27,0.46,0,0.63,1.94,0.23,1.15,4.46,0.33,0.04,0.71,0.81,738.68
64.12,0.53,15.83,7.48,1.2,0.03,1.9,0.67,0.14,2.31,4.59,0.02,0.01,0.85,0.3,1181.24
68.07,0.04,14.86,0.18,0.96,0,1.6,3.73,0.72,3.68,4.7,0.42,0.04,0.55,0.45,898.89
63.3,0.39,12.1,16.68,0.65,0.01,1.18,1.42,0.65,0.67,0.76,0.68,0.05,0.74,0.71,1040.47
55.67,0.64,15.19,7.78,1.94,0,1.97,4.23,0.87,4.21,4.31,0.82,0.04,1.38,0.94,1584.7
54.94,0.86,14.78,14.77,0.07,0.04,0.05,2.67,0.84,4.15,4.21,0.6,0.01,1.52,0.52,1576.53
59.23,0.4,7.63,17.44,1.04,0.04,0.99,3.09,0.09,4.66,2.18,0.75,0.03,2.4,0.03,1132.39
62.78,0.96,10.35,10.07,1.57,0.03,0.15,1.57,0.62,4.52,4.67,0.84,0.01,1.42,0.43,1601.05
84.11,0.53,0.9,3.47,0.31,0.03,0.82,1.62,0.44,1.62,3.79,0.17,0,1.95,0.23,871.81
75.14,0.3,2.77,5.81,0.66,0.02,1.04,3.15,0.33,2.66,4.95,0.21,0.01,2.53,0.41,886.81
76.39,1.02,7.64,0.43,0.75,0.03,0.9,2.3,1,2.72,3.48,0.72,0,1.66,0.96,1464.65
68.61,0.44,5.47,12.6,0.19,0.01,1,2.68,0.61,3.99,0.82,0.23,0.04,2.49,0.82,1133.08
79.8,0.26,1.05,10.47,1.74,0.01,1.81,0.71,0.3,1.49,0.76,0.87,0.02,0.57,0.15,698.52
86.57,0.15,0.07,0.49,1.99,0.02,1.46,3.69,0.88,0.52,2.63,0.32,0.03,1,0.18,645.37
69.74,0.81,0.69,17.91,0.29,0.03,1.51,0.36,0.9,1.78,4.98,0.07,0.04,0.48,0.4,1178.91
52.19,0.41,13.81,16.4,0.67,0.02,0.84,2.97,0.15,4.03,3.99,0.59,0.04,2.97,0.92,1230.12
66.84,0.74,9.21,10.69,0.93,0.02,1.46,4.96,0.05,1.15,1.05,0.83,0.02,1.58,0.47,1353.67
78.02,0.8,0.35,13.05,0.48,0.04,1.5,0.55,0.1,1.46,0.63,0.74,0.05,1.97,0.25,1125.73
55.61,0.68,14.5,19.24,0.01,0.03,0.91,2.07,0.5,2.02,1.72,0.11,0.02,2.46,0.1,1340.12
51.61,0.46,17.79,13.5,1.44,0.03,0.64,3.38,0.46,4.16,2.86,0.77,0.04,2.46,0.4,1376.5
68.38,0.45,15.64,2.86,0.56,0.01,0.08,3.08,0.9,0.65,3.98,0.38,0.03,2.29,0.71,1105.21
70.49,0.99,10.85,11.42,1.38,0.04,0.47,0.09,0.13,0.83,0.2,0.75,0.04,2.13,0.19,1297.61
64.89,0.73,9.37,16.4,1.88,0.04,1.03,2.56,0.81,0.61,0.77,0.34,0.04,0.2,0.34,1316.5
64.55,0.56,12.86,12.51,1.81,0.01,0.86,2,0.11,0.82,1.68,0.73,0.01,0.8,0.68,1134.42
66.87,0.72,1.88,18.87,0.3,0,0.61,0.13,0.03,2.89,4.46,0.4,0.02,2.74,0.06,1120.73
69.91,0.46,7.39,10.9,0.91,0.05,0.05,3.79,0.05,2.16,1.01,0.95,0.04,1.39,0.95,1063.28
58.23,0.87,17.13,14.09,0.16,0.03,1.96,1.07,0.79,0.92,2.26,0.08,0.02,2.33,0.05,1507.18
76.49,1.14,4.42,3.46,0.41,0.01,1.28,4.99,0.52,1.36,3.73,0.16,0,1.82,0.21,1532.27
67.17,0.49,4.16,18.36,0.68,0.02,0.47,0.42,0.51,4.34,1.76,0.78,0,0.71,0.13,1086.82
56.33,0.45,10.86,17.96,0.72,0.02,0.18,1.75,0.75,4.22,3.61,0.01,0.01,2.19,0.94,1251.7
81.79,0.84,4.07,2.15,1.75,0,0.3,2.98,0.19,1.14,0.71,0.94,0.01,2.79,0.33,1259.69
72.25,0.33,6.89,11.06,1.7,0.03,0.04,1.52,0.86,1.2,1.84,0.39,0.01,1.05,0.82,921.88
54.69,1.02,10.46,13.57,1.07,0,1.39,4.98,0.23,4.91,4.99,0.14,0.05,2.03,0.47,1830.91
71.31,1.01,0.61,10.71,1.3,0,1.78,4.76,0.61,0.59,4.66,0.81,0,1.74,0.11,1464.65
69.93,0.18,3.47,7.92,1.75,0,1.38,4.82,0.64,4.08,4.51,0.71,0.03,0.05,0.52,1016.8
52.18,0.52,16.32,17.78,0.25,0.03,1.92,2.99,0.8,1.87,1.89,0.33,0,2.77,0.35,1279.8
60.17,0.45,13.67,10.54,0.72,0.04,1.65,4.88,0.64,3.45,1.62,0.1,0.01,1.94,0.11,1278.33
64.55,0.28,5.03,14.2,1.65,0.04,1.2,0.78,0.82,3.96,4.18,0.16,0.03,2.88,0.26,965.1
76.82,0.86,4.66,6.14,0.97,0.04,0.08,4.95,0.77,1.8,1.77,0.48,0.04,0.05,0.55,1322
81.19,0.06,2.96,4.17,1.54,0.03,1.47,1.85,0.11,4.03,0.7,0.38,0.01,0.89,0.6,651.18
69.43,0.21,8.03,12.77,1.74,0.02,0.64,1.84,0.5,1.57,1.25,0.38,0.04,0.76,0.84,879.56
56.83,1.17,17.13,8.69,0.14,0.05,0.25,4.62,0.73,4.67,3.33,1,0.02,0.99,0.39,1840.89
60.05,0.43,7.21,17.7,1.18,0.04,0.58,4.95,0.28,0.8,3.89,0.84,0.02,1.62,0.41,1184.18
67.9,0.91,8.74,9.11,0.36,0.03,1.85,3.59,0.51,0.19,4.65,0.31,0.01,1.41,0.43,1417.92
64.69,1.16,2.97,13.78,0.21,0.01,1.44,4.02,0.47,3.95,4.68,0.94,0.02,0.94,0.73,1695.58
70.93,0.28,11.13,8.6,0.26,0.03,1.4,1.82,0.83,0.37,2.48,0.96,0.01,0.52,0.38,928.54
61.67,0.33,3.99,19,0.69,0,1.8,2.24,0.74,1.84,4.68,0.29,0.03,2.47,0.24,1037.71
59.43,1.16,16.61,7.77,1.18,0.05,0.01,3.14,0.22,3.69,3.98,0.71,0.05,1.44,0.56,1789.63
46.41,0.5,17.53,18.46,1.97,0.05,1.79,4.65,0.12,0.87,4.43,0.73,0.04,2.31,0.14,1383.17
67.31,0.69,9.58,11.48,0.78,0.04,1.82,1.26,0.04,1.01,3.79,0.87,0.02,0.46,0.86,1214.68
78.26,0.27,4.35,1.85,1.82,0.02,0.34,4.77,0.34,3.74,1.15,0.73,0.01,1.91,0.44,930.68
63.02,1.12,6.78,15.09,1.94,0.02,0.58,3.85,0.45,1.99,2.73,0.94,0,1.4,0.11,1715.31
74.99,1.06,2.46,1.79,1.93,0.03,1.65,2.35,0.44,4.56,4.95,0.62,0.05,2.59,0.54,1499.84
55.48,0.05,14.17,18.6,0.43,0.03,1.5,1.66,0.15,1.96,2.28,0.74,0.01,2.45,0.5,885.21
66.35,1.09,10.18,8.94,0.57,0.01,0.74,2.07,0.57,4.3,2.32,0.31,0.04,2.2,0.31,1607.62
63.7,0.16,16.26,12.23,1.73,0.04,0.31,2.22,0.97,1.17,0.25,0.35,0.03,0.17,0.43,894.54
71.74,0.31,3.82,5.28,0.21,0,1.19,4.74,0.8,4.17,3.68,0.96,0.05,2.33,0.72,1009.37
75.98,0.12,13.25,0.57,1.63,0.02,0.38,2.04,0.7,1.38,0.87,0.74,0.04,1.76,0.52,732.08
74.97,0.91,13.19,0.13,0.56,0.05,1.92,2.55,0.56,0,3.36,0.21,0.01,0.91,0.66,1304.95
49.32,0.87,14.65,17.38,0.89,0.04,1.77,4.54,0.49,1.78,4.5,0.26,0.04,2.73,0.74,1662.32
83.94,0.82,0.91,4.07,1.33,0.04,0.13,0.1,0.31,3.22,2.56,0.01,0.01,2.26,0.3,1097.76
74.74,0.61,1.1,9.77,1.29,0.01,1.81,3.92,0.8,2.68,1.67,0.64,0.01,0.41,0.54,1233.44
69.17,0.58,2.71,10.61,1.09,0.04,1.52,1.09,0.82,4.85,3.58,0.79,0.01,2.98,0.18,1133.17
70.48,0.43,5.13,8.82,1.58,0.05,0.83,3.26,0.79,0.5,4.8,0.21,0.05,2.96,0.1,1040.9
57.59,1.07,11.54,16.36,0.22,0.04,1.25,2.55,0.56,3.72,1.49,0.94,0.02,2.63,0.01,1697.66
77.15,0.46,8.64,1.37,0.43,0.05,0.84,0.13,0.52,4.97,1.66,0.14,0.03,2.76,0.86,948.3
64.99,0.79,3.31,15.69,1.65,0.04,0.81,2.04,0.16,3.86,3.69,0.1,0,2.86,0.02,1320.6
67.52,0.94,1.58,13.65,1.23,0.04,1.04,3.64,0.44,4.92,2.8,0.75,0,1.39,0.06,1566.4
71.47,0.15,9.11,7.05,0.92,0.02,0.32,1.83,0.86,4.28,2.45,0.75,0.04,0.13,0.61,857.94
70.2,0.65,9.56,10.16,1.56,0.03,0.43,2.17,0.53,2.09,1.19,0.12,0.01,0.89,0.4,1257.16
52.91,0.82,17.73,17.95,1.63,0.04,1.19,1.26,0.47,0.71,2.83,0.02,0.01,2.14,0.28,1539.53
83.71,0.06,0.41,4.58,1.37,0.01,1.73,1.76,0.28,1.16,2.87,0.86,0.02,0.76,0.42,530.82
62.24,1.09,6.02,13.11,0.66,0.03,1.76,2.99,0.95,3.01,4.87,0.72,0.03,2.49,0.01,1627.63
65.33,0.14,16.88,2.62,0.53,0.02,1.25,3.84,0.6,3.74,2.01,1,0.01,1.2,0.83,976.67
65.22,0.3,13.52,7.29,0.36,0.02,1.57,0.56,0.52,3.71,3.76,0.39,0.02,2.57,0.21,974.03
83.89,0.34,0.05,2.5,1.51,0.03,0.49,4.64,0.84,1.35,1.65,0.18,0.03,2.1,0.4,846.94
55.4,0.89,17.85,12.24,1.3,0.02,0.02,4.77,0.77,3.48,0.15,0.76,0.03,1.71,0.62,1709.15
81.22,0.77,0.91,4.22,1.8,0.04,0.12,4.06,0.42,2.8,0.54,0.4,0.02,2.01,0.66,1247.21
82.68,0.66,0.57,3.23,0.32,0.04,1.8,4.03,0.17,4.2,0.94,0.55,0.04,0.15,0.6,1119.2
59.72,0.47,12.36,9.78,0.6,0.05,1.92,4.01,0.58,4.42,3.01,0.15,0,2.18,0.75,1250.67
62.09,1.11,14.84,12.79,0.38,0.03,0.87,1.16,0.8,0.75,3.15,0.61,0.02,1.29,0.12,1619.5
66.37,0.63,2.11,18.11,1.14,0,1.53,2.37,0.53,3.07,0.47,0.95,0.01,1.87,0.86,1251.73
57.13,0.4,11.3,19.78,1.7,0.04,0.88,2.26,0.49,3.45,0.72,0.86,0,0.51,0.48,1172.52
78.2,0.41,4.84,7.61,1.01,0.02,1.62,1.54,0.28,2.52,0.24,0.11,0.04,1.48,0.07,835.49
74.69,0.53,7.17,4.92,0.74,0.01,0.9,2.04,0.61,4.71,0.93,0.42,0.03,1.64,0.66,1145.39
70.03,0.25,2.26,16.63,0.95,0.02,1.86,3.55,0.68,0.97,1.05,0.48,0.03,1.19,0.06,833.9
55.66,0.82,13.93,18.89,0.82,0.01,1.85,3.58,0.06,2.9,0.14,0.23,0,0.61,0.49,1555.58
75.75,0.58,12.75,1.06,1.76,0.03,1.04,1.98,0.39,1.68,0.58,0.08,0.02,2,0.29,1093.29
68.41,0.98,6.85,12.62,0.86,0.02,0.5,2.57,0.11,1.93,2.24,0.7,0.02,2,0.17,1439.58
67.68,0.57,12.06,6.27,0.06,0.04,1.88,1.97,0.61,2.72,2.83,0.87,0.04,2.31,0.09,1148.23
64.93,0.18,11.94,10.81,1.55,0,1.13,2.43,0.85,0.94,1.74,0.15,0.02,2.64,0.67,922.5
49.19,0.55,15.1,16.75,1.98,0.03,0,4.5,0.96,4.64,3.86,0.21,0.01,2.1,0.14,1512.74
78.03,1.14,8.02,0.62,0.3,0.01,1.41,3.69,0.21,3.24,0.16,0.1,0.03,2.11,0.91,1551.8
68.83,1.12,7.87,9.95,1.71,0.03,0.6,2.7,0.62,4.45,1.17,0.56,0.05,0.14,0.19,1631.23
60.64,0.42,12.21,16.84,0.4,0.01,1.65,0.74,0.26,3.66,0.83,0.83,0.02,1.34,0.14,1123.43
70.13,0.83,5.7,13.98,1.02,0.04,0.92,1.19,0.1,1.41,2.82,0.17,0,1.35,0.35,1277.14
62.36,0.51,8.17,15.32,1.92,0.01,1.88,1.14,0.75,3.41,0.26,0.72,0.05,2.79,0.69,1186.21
63.37,0.64,6.95,13.14,0.89,0.04,1.43,3.74,0.83,4.17,3.9,0.07,0.03,0.06,0.74,1348.45
60.55,0.08,17.7,12.28,0.36,0.02,1.65,0.9,0.54,0.02,3.94,0.19,0.02,1.59,0.14,804.51
53.91,0.29,13.23,17.88,1.83,0.02,0.72,4.65,0.05,3.75,0.89,0.47,0.05,1.74,0.52,1212.7
85.68,0.08,4.99,0.06,1.75,0.03,0.24,1.82,0.81,0.7,1.15,0.54,0.01,1.15,0.98,641.89
67.92,0.8,3.81,16.92,0.24,0.05,0.43,4.77,0.8,0.85,0.8,0.08,0.01,1.98,0.52,1379.34
86.76,0.74,0.56,1.6,1.38,0.04,0.72,0.83,0.31,2.06,3.15,0.41,0.04,1.2,0.18,985.23
69.24,0.94,15.65,3.71,0.01,0.04,0.46,4.11,0.55,2.02,0.73,0.67,0.04,1.38,0.45,1449.08
64.55,0.91,9,15.71,0.11,0.04,0.52,0.85,0.03,4.17,0.3,0.95,0.03,2.1,0.73,1448.6
61.91,1.14,6.66,16.71,1.54,0.03,0.74,2.08,0.31,2.13,4.95,0.36,0.03,0.96,0.47,1630.29
58.72,0.11,13.74,13.22,0.69,0.03,1.74,0.22,0.93,2.35,4.3,0.86,0,2.34,0.73,869.95
78.33,0.16,10.12,1.18,0.33,0.05,1.49,3.07,0.21,1.09,2.23,0.75,0,0.13,0.87,754.52
64.28,0.98,12.5,9.99,0.29,0.01,1.81,1.91,0.7,2.28,3.65,0.19,0.02,1.13,0.25,1573.74
76.3,0.6,10.64,2.85,0.74,0.02,1.54,0.18,0.28,4.59,1.5,0.15,0.04,0.14,0.43,1164.3
66.67,1.03,17.17,4.98,0.59,0.03,0.45,0.75,0.43,0.36,4.47,0.33,0.02,2.37,0.34,1461.23
67.48,0.64,13.83,9,0.14,0.04,0.99,1.58,0.99,4.38,0.19,0.59,0.02,0.11,0.01,1284.23
64.77,0.7,5.76,14.07,0.91,0.04,1.63,3.29,0.42,4.94,1.53,0.51,0.03,1.29,0.12,1319.91
66.13,1.08,11.8,5.76,1.13,0.04,1.87,0.38,0.79,4.83,2.34,1,0.05,1.97,0.85,1599.74
54.01,0.36,16.51,11.84,1.02,0.04,1.78,3.51,0.03,2.99,4.11,0.55,0.05,2.69,0.53,1183.09
66.91,0.76,4.79,13.37,1.6,0.02,0.03,4.33,0.55,1.57,3.17,0.67,0.01,1.94,0.29,1357.36
72.35,0.97,16.95,2.05,1.83,0.05,0.69,0.14,0.66,1.72,0.96,0.11,0.01,0.71,0.8,1432.86
47.66,0.67,16.52,18.16,1.66,0.02,0.73,4.44,0.93,3.99,3.79,0.56,0.02,0.72,0.14,1655.67
67.66,0.88,13.99,7.17,0.01,0.05,0.87,4.87,0.68,0.62,1.63,0.66,0.03,0.7,0.18,1479.04
59.57,0.3,12.63,17.4,0.78,0,0.28,1.56,0.19,1.45,2.72,0.02,0,2.57,0.52,995.9
81.11,1.12,0.06,0,1.48,0.02,1.83,3.93,0.5,2.39,4.06,0.8,0.01,2.02,0.64,1525.4
75.81,1.11,1.97,11.47,0.87,0.02,1.41,0.65,0.82,0.13,2.89,0.23,0.03,1.58,1,1420.22
74.82,1.04,6.06,10.57,0.64,0.04,0.84,0.58,0.66,0.06,1.49,0.91,0,1.51,0.8,1377.8
62.37,0.19,16.94,14.99,0.79,0.01,0.1,0.96,0.78,0.54,0.65,0.2,0.02,0.57,0.9,949.64
57.85,0.32,16.55,19.7,1.51,0,0.48,1.34,0.54,0.79,0.39,0.18,0.02,0.15,0.2,1079.42
62.72,0.21,14.25,10.16,1.52,0.02,1.8,1.38,0.77,0.82,4.41,0.03,0.02,1.26,0.62,931.66
61.7,0.53,10.6,17.23,0.28,0.01,1.61,1.14,0.91,2.7,0.41,0.02,0.04,2.57,0.24,1164.64
58.26,0.54,16.39,12.42,0.81,0.01,1.45,1.38,0.57,3,2.78,0.25,0.04,1.7,0.4,1292.78
74.09,0.07,5.96,7.05,1.58,0.03,1.86,3.75,0.54,0.84,1.11,0.16,0.02,2.17,0.76,747.35
71.13,0.58,7.9,6.02,0.95,0.03,1.2,1.89,0.95,1.69,4.48,0.8,0.02,1.49,0.87,1130.08
56.1,0.6,12.23,16.19,1.82,0.01,1.95,4.83,0.3,3.07,0.23,0.17,0.03,1.95,0.53,1466.63
64.22,0.21,11.87,11.25,0.24,0.01,0.84,4.32,0.22,0.91,3.6,0.98,0.02,1.05,0.25,962.15
81.04,0.07,3.21,1.87,0.99,0.05,1.57,3.01,0.49,3.09,1.88,0.18,0.03,1.58,0.94,700.03
52.33,0.12,13.7,19.66,1.31,0.04,1.96,1.96,0.82,2,2.13,0.66,0.01,2.98,0.33,1019
66.78,0.16,5.81,17.12,0.63,0.03,1.87,1.3,0.13,0.48,2.2,0.1,0.02,2.59,0.78,802.02
72.99,0.13,10.97,2.31,0.96,0.02,0.53,4.15,0.23,2.76,2.41,0.43,0,2.09,0.01,827.47
80.7,0.99,4.8,2.4,0.83,0.03,0.62,0.61,0.02,3.52,4.43,0.1,0.01,0.06,0.89,1343.68
50.15,0.57,15.52,19.04,0.67,0.03,1.33,0.11,0.44,4.28,4.73,0.9,0.05,1.96,0.23,1319.68
76.23,0.69,7.58,5.17,1.55,0.03,1.58,1.35,0.9,1.19,3.01,0.06,0.03,0.3,0.33,1139.07
73.41,0.7,4.03,13.57,0.69,0.01,1.17,0.56,0.69,0.94,2.77,0.39,0.03,0.74,0.31,1160.33
74.07,0.18,13.99,1.4,0.75,0.02,0.39,1.92,0.42,1.12,3.2,0.03,0.01,1.87,0.63,817.58
74.42,0.57,9.49,6.65,1.97,0.04,0.5,1.18,0.77,1.94,0.46,0.04,0.02,1.24,0.71,1064.5
65.76,0.69,13.86,6.36,1.25,0.04,0.14,3.54,0.72,3.97,1.35,0.42,0.01,0.93,0.97,1443.84
60.89,0.96,8,19.84,1.68,0.02,0.62,0.38,0.46,1.8,3.56,0.02,0.04,1.25,0.47,1469.56
60.7,0.23,16.87,7.97,1.69,0.01,0.19,3.18,0.98,3.23,3.04,0.44,0.01,1.29,0.15,1080.17
74.29,0.18,14.25,0.23,0.64,0.03,1.86,2.87,0.29,1.76,1.7,0.18,0.01,1.44,0.27,775.86
71.43,0.12,3.9,10.41,0.51,0.01,1.24,3.45,0.24,2.36,3.82,0.69,0,1.08,0.72,783.51
71.41,0.76,5.11,6.48,1.05,0.04,1,4.47,0.11,3.77,2.72,0.82,0.02,1.45,0.82,1337.18
63.25,1,6.77,16.44,1.36,0.02,1.94,0.15,0.38,1.53,4.68,0.1,0.03,2.15,0.18,1476.45
60.6,1.13,16.23,7.31,1.45,0.04,1.62,0.31,0.21,4.69,3.7,0.83,0.03,1.18,0.65,1697.46
70.6,0.57,6.73,6.96,0.32,0.03,1.04,2.95,0.12,4.57,3.71,0.13,0,1.93,0.34,1202.2
65.36,0.42,11.38,10.74,0.53,0.02,1.89,1.66,0.78,4.31,0.36,0.66,0.04,1.3,0.57,1116.14
63.91,0.2,5.73,14.15,1.21,0.01,1.98,4.69,0.22,4.38,1.34,0.56,0.04,1.03,0.56,1071.61
59.95,0.58,10.2,16.91,1.4,0.03,0.92,0.63,0.06,4.76,0.93,0.28,0.03,2.48,0.83,1248.78
66.58,1,17.61,1.11,0.8,0.05,0.93,4.36,0.02,2.52,4.61,0.26,0.05,0.03,0.08,1543.67
71.46,0.28,5.36,9.63,0.78,0.05,1.77,3.74,0.66,1.02,3.01,0.15,0.02,1.38,0.69,916.75
85.36,1,5.77,0.82,0.09,0.04,0.97,1.24,0.03,2.64,0.69,0.42,0.03,0.69,0.2,1244.32
57.69,0.25,15.81,12.08,1.11,0.03,0.43,4.85,0.97,1.61,3.88,0.12,0.04,0.86,0.29,1116.43
77.12,0.61,7.06,2.36,1.19,0.01,0.89,1.16,0.86,1.69,4.44,0.33,0.01,1.73,0.56,1049.63
65.77,0.39,4.27,18.57,1.37,0.04,0.39,3.31,0.76,1.71,0.79,0.7,0.03,1.73,0.18,1064.11
65.63,0.32,11.25,12.27,1.11,0.04,1.63,1.38,0.16,1.01,1.41,0.95,0.01,2.64,0.2,906.97
79.26,0.13,1.71,6.86,1.05,0.01,1.87,2.93,0.89,0.74,0.72,0.85,0.03,2.82,0.15,671.32
56.03,0.04,16.5,13.98,1.61,0.01,0.01,2.41,0.99,4.54,0.36,0.19,0.02,2.49,0.82,1008.91
72.34,0.61,7.46,10.72,0.59,0.03,1.37,0.31,0.97,0.83,1.8,0.47,0,1.65,0.87,1064.75
72.93,1.08,5.87,11.18,1.55,0.01,1.06,1.83,0.38,0.47,2.03,0.16,0.02,0.99,0.43,1480.59
58.93,1.17,10.63,16.11,1.67,0.04,1.34,2.09,0.57,0.97,3.09,0.51,0.04,2.71,0.13,1719.67
49.94,0.83,17.1,18.36,1.67,0,0.5,0.74,0.93,3.74,2.66,0.98,0.01,1.92,0.61,1621.67
66.77,0.29,12.19,8.36,0.05,0.05,1,3.53,0.2,0.64,4.51,0.59,0.02,1.56,0.24,866.83
74.98,1.1,3.86,3.16,1.86,0.01,1.72,3.86,0.38,1.27,3.79,0.6,0.01,2.67,0.72,1545.76
55.74,0.16,16.63,12.03,1.21,0.03,0.94,1.28,0.61,3.59,4.58,0.07,0.01,2.33,0.78,1054.26
72.96,0.26,3.32,7.34,0.13,0.04,1.34,4.29,0.43,3.18,4.77,0.96,0,0.01,0.96,993.04
74.09,1.1,7.8,8.81,0.33,0.05,1.3,0.9,0.56,1.64,0.74,0.18,0.03,1.69,0.79,1472.35
58.19,0.31,16.49,10.37,0.41,0.02,1.85,2.39,0.87,0.8,4.57,0.43,0.05,2.6,0.66,1054.48
66.21,0.73,9.89,6.68,1.01,0.05,0.01,2.09,0.33,4.81,4.87,0.59,0.03,2.71,0.01,1329.03
65.95,0.68,0.44,19.36,0.64,0.03,0.84,4.47,1,0.34,3.66,0.37,0.01,1.22,1,1267.18
65.58,1.02,15.62,6.78,0.6,0.03,0.41,2.42,0.14,1.52,1.49,0.69,0.01,2.7,0.98,1531.16
76.87,0.11,7.16,6.04,0.7,0.01,0.77,0.71,0.28,3.74,1.72,0.21,0.01,1.04,0.64,678.4
69.22,1.14,9.94,10.64,0.82,0.03,1.97,1.27,0.94,0.75,0.56,0.65,0.01,1.33,0.73,1550.28
76.14,0.65,0.25,6.12,0.13,0.05,1.59,4.92,0.89,2.38,4.41,0.67,0.03,1.11,0.68,1247.37
77.01,0.49,13.31,1.63,1.45,0.04,1.03,1.32,0.52,0.62,1.43,0.42,0.03,0.56,0.16,1002.08
68.78,0.73,12.23,1.67,0.07,0.01,1.8,3.36,0.92,3.32,4.83,0.44,0.03,1.8,0,1280.44
58.08,0.65,14.41,16.44,1.95,0.03,0.69,1.54,0.34,1.62,1.96,0.07,0.03,1.7,0.46,1339.22
72.4,0.11,1.68,10.9,0.07,0.04,1.99,2.99,0.72,2.19,3.34,0.65,0.04,2.13,0.75,723.1
71.43,0.56,7.06,5.32,0.07,0.03,1.8,4.65,0.58,0.47,4.39,0.75,0.01,2.41,0.47,1229.96
65.33,1.07,4.46,16.02,1.42,0,1.13,3.58,0.16,2.66,1.52,0.7,0.03,1.86,0.07,1601.27
64.31,0.23,8.98,13.8,1.62,0.01,1.48,1.82,0.68,0.73,2.58,0.84,0.01,2.48,0.45,892.02
64.37,0.99,17.25,3.19,1.35,0.01,0.27,3.14,0.11,2.33,3.18,0.5,0.03,2.4,0.87,1549.9
73.56,0.62,6.98,4.52,1.06,0,1.21,4.11,1,4.61,0.45,0.16,0.01,1.68,0.05,1287.58
78.12,1.13,1.11,7.83,1.79,0.05,0.93,2.44,0.64,2.04,1.62,0.74,0.03,1.45,0.1,1456.77
54.6,0.75,11.84,17.9,1.63,0.01,1.59,3.38,0.83,4.22,1.73,0.26,0.03,0.9,0.35,1543.85
61.23,0.09,17.84,6.19,1.56,0.05,1.94,3.17,0.54,1.55,4.31,0.34,0.01,0.88,0.32,903.09
69.94,0.39,1.38,16.97,1.45,0.02,0.86,0.83,0.38,4.53,0.69,0.77,0,0.94,0.85,1010.49
68.53,0.54,12.65,2.07,1.37,0.04,1.61,2.19,0.9,2.87,4.09,0.21,0.01,2.26,0.65,1170.77
82,0.49,4.65,1.36,0.41,0.05,0.47,0.8,0.7,3.01,3.73,0.65,0.01,1.5,0.18,909.99
53.63,0.31,17.76,14.57,1.57,0,0.76,2.78,0.15,4.24,0.7,0.64,0.03,2.55,0.31,1220.57
72.99,0.27,13.43,3.82,1.75,0.04,1.57,2.46,0.03,0.66,2.28,0.04,0,0.38,0.26,856.48
70.57,0.9,0.86,19.67,0.55,0.02,0.5,3.01,0.02,0.47,0.49,0.66,0.02,1.31,0.95,1305.42
62.68,0.18,7.38,13.39,0.49,0.04,0.72,4.67,0.49,3.63,4.25,0.53,0.04,1.13,0.36,969.44
67.01,0.95,4.34,14.34,0.15,0.03,1.88,2.28,0.42,2.7,3.6,0.36,0,1.51,0.42,1520.33
74.45,0.35,9.09,5.07,0.92,0.02,0.74,2.9,0.69,0.06,4.38,0.36,0.03,0.37,0.57,925.65
65.42,0.82,2.83,18.24,1.51,0.03,0.33,4.33,0.07,0.58,3.49,0.25,0.02,1.62,0.46,1373.49
61.09,0.3,13.29,17.31,1.07,0.04,0.07,0.18,0.2,1.79,0.91,0.63,0.01,2.54,0.56,936.84
56.44,0.46,16.08,16.57,1.64,0.04,1.23,1.83,0.42,3.24,0.86,0.83,0.05,0.29,0.02,1227.78
76.94,0.14,6.7,1.26,0.87,0.03,1.26,2.59,0.94,2.66,4.3,0.99,0.01,0.8,0.52,753.93
67.72,0.23,10.15,13.69,0.12,0.03,0.32,1.5,0.74,0.82,2.66,0.59,0.01,0.82,0.61,916.53
81.47,1.03,2.43,1.41,1.33,0.04,0.9,1.97,0.6,2.76,2.45,0.82,0.01,2.04,0.74,1365.27
62.17,1.08,17.01,10.16,0.87,0.03,1.47,0.09,0.17,4.54,0.98,0.23,0.05,0.88,0.29,1618.95
60.6,0.6,10.09,17.37,0.16,0.01,1.17,2.17,0.28,2.05,4.83,0.02,0.01,0.06,0.59,1284.95
63.29,0.03,8.17,17.18,0.19,0.02,0.76,1.81,0.73,0.02,3.9,0.84,0.02,2.66,0.38,690.62
74.06,0.06,1.5,8.84,1.98,0.01,1.79,4.6,0.41,2.31,2.51,0.77,0.01,0.99,0.17,803.19
66.84,1.06,1.27,14.95,0.88,0.04,1.78,1.7,0.23,3.25,4.99,0.73,0.04,1.89,0.37,1476.95
60.6,0.59,10.32,18.13,1.84,0,1.26,3.98,0.54,0.48,1.16,0.31,0.03,0.2,0.55,1324.76
68.78,0.14,7.11,8.51,0.9,0.04,0.16,1.34,0.64,4.72,3.1,0.88,0.05,2.65,0.97,841.94
62.8,0.59,6.22,19.99,0.2,0.05,0.86,0.11,0.8,2.22,3.99,0.04,0.05,2.01,0.05,1133.44
55.72,0.02,10.69,19.53,1.05,0.02,1.88,4.92,0.78,3.59,0.01,0.31,0.05,1.1,0.33,913.24
73.81,1.03,1.47,13.17,1.39,0.04,0.83,1.48,0.63,3.62,0.85,0.16,0.01,0.74,0.75,1511.64
77.51,0.64,9.86,0.29,1.99,0.04,0.89,0.33,0.69,2.68,3.39,0.68,0.01,0.99,0.02,1139.35
57.74,0.13,13.99,12.95,1.97,0.01,1.26,4.74,0.74,1.68,0.6,0.96,0,2.93,0.3,1049.4
59.47,1.03,9.98,18.25,0.85,0.04,0.48,2.33,0.85,0.59,3.64,0.44,0.03,1.74,0.28,1537.65
67.19,0.76,12.89,10.07,1.24,0.03,0.01,4.21,0.06,2.05,0.56,0.66,0.02,0.21,0.05,1346.84
58.98,0.29,12.01,14.36,0.26,0.01,1.19,4.79,0.55,3.56,2.88,0.1,0.05,0.22,0.76,1173.22
52.04,0.96,17.09,13.87,0.67,0.02,1.52,3.94,0.07,3.07,4.84,0.79,0,0.67,0.45,1691.56
73.07,0.85,9.99,1.55,1.48,0.04,0.41,0.34,0.79,3.2,4.02,0.57,0.02,2.89,0.78,1348.48
62.22,1.19,5.55,17.85,0.09,0.01,0.32,1.78,0.56,3.6,4.51,0.16,0.03,1.66,0.46,1697.15
64.16,0.84,9.24,11,1.81,0.04,1.15,0.78,0.96,3.11,4.04,0.06,0.04,2.08,0.69,1430.33
78.04,0.1,1,6.51,0.05,0.01,1.45,4.17,0.18,4.12,2.4,0.96,0.01,0.16,0.85,740.02
66.96,0.44,8.23,10.24,1.65,0,1.1,2.15,0.34,1.74,4.65,0.27,0.02,1.48,0.72,1155.4
62.93,0.48,12.94,9.32,0.45,0.04,1.53,3.14,0.52,1.04,4.34,0.1,0.02,2.56,0.6,1181.79
55.66,0.53,14.24,19.79,0.38,0,0.93,1.44,0.67,2.47,2.5,0.35,0.01,0.64,0.39,1248.54
59.61,0.4,7.65,19.82,0.18,0.01,0.58,4.87,0.41,2.83,0.99,0.01,0.02,1.92,0.69,1235.49
67.3,0.91,15.49,2.31,0.17,0.04,0.87,4.74,0.94,0.71,3.46,0.07,0.02,2.53,0.46,1515.14
64.14,0.84,11.89,14.38,0.77,0.01,0.11,4.71,0.12,0.89,0.13,0.32,0.04,1,0.67,1434.22
66.87,1.16,16.07,3.6,0.72,0.04,1.96,3.58,0.25,0.66,2.48,0.19,0.01,1.9,0.51,1689.02
67.54,0.5,13.35,8.14,1.58,0.01,0.31,0.39,0.24,0.73,3.99,0.24,0.03,2.27,0.68,1068.76
68.97,0.25,1.39,18.24,1.24,0.04,0.77,1.21,0.53,0.39,4,0.65,0.04,1.71,0.58,837.5
62.74,0.28,12.27,11.05,0.99,0.03,0.54,0.19,0.76,4.58,2.4,0.84,0.03,2.79,0.51,1008.72
54.06,0.25,15.66,16.01,0.8,0.04,0.02,4,0.69,1.9,3.96,0.13,0.01,1.6,0.88,1153.9
60.65,0.91,13.38,12.56,1.88,0.02,1.76,3.1,0.74,2.32,0.84,0.11,0.03,1.13,0.57,1560.42
61.55,0.9,14.16,10.19,0.63,0.04,0.83,4.68,0.82,3.73,1.21,0.36,0.04,0.07,0.78,1669.78
61.57,0.67,9.48,14.03,1.61,0.03,0.9,1.6,0.85,2.6,3.92,1,0.03,0.84,0.87,1319.23
85.79,0.34,4.69,1.48,0.16,0.04,0.46,0.54,0.35,3.57,1.7,0.31,0.02,0.06,0.49,735.12
69.82,0.56,14.87,1.97,0.47,0.04,1.7,2.65,0.02,4.47,1.91,0.04,0.04,1.25,0.19,1162.18
62.62,0.96,8.24,12.16,1.65,0.03,0.22,4.82,0.29,4.97,0.03,0.48,0.04,2.72,0.78,1631.74
66.08,0.43,1.99,13.39,1.88,0.03,1.07,2.52,0.59,3.55,3.97,0.7,0.04,2.86,0.9,1079.08
68.94,0.99,0.78,13.38,0.91,0.03,1.37,3.57,0.87,4.55,3.03,0.89,0.04,0.61,0.04,1531.07
57.93,0.63,12.53,16.86,0.33,0.04,0.2,4.42,0.85,3.48,1.5,0.09,0.04,0.65,0.44,1407.28
63.66,0.64,12.34,9.75,1.39,0.04,1.43,1.5,0.89,2.75,2.33,0.58,0.02,2.27,0.42,1312.16
71.11,0.34,1.73,17.02,0.34,0,0.8,1.27,0.22,0.86,3.75,0.78,0,1.64,0.14,864.59
75.83,0.6,6.26,4.04,1.9,0.05,1.13,0.94,0.58,4.64,1.89,0.14,0.03,1.97,0,1109.8
69.33,0.24,0.06,19.45,1.51,0.02,0.87,2.69,0.72,0.86,0.98,0.05,0.05,2.63,0.55,878.81
70.08,0.52,4.27,11.9,1.38,0.03,0.01,3.51,0.87,0.57,3.78,0.82,0.01,2.14,0.1,1090.75
70.06,1.02,8.14,8.56,1.87,0.05,0.07,2.43,0.16,1.37,3.33,0.13,0,2.18,0.64,1546.3
55.22,1.08,9.76,18.91,1.22,0.02,1.22,3.75,0.35,1.86,3.15,0.46,0.03,2.95,0.04,1742.28
75.31,0.29,3.82,7.26,0.15,0.03,1.29,4.1,0.07,2.18,3.92,0.77,0,0.03,0.78,899.19
78.14,0.17,10.4,1.88,0.59,0.01,1.47,3.36,0.14,0.3,2.33,0.2,0,0.79,0.22,771.73
77.79,0.29,4.01,7.76,0.35,0.05,0.49,0.47,0.56,2.69,3.16,0.97,0.02,1.08,0.34,767.4
62.39,0.76,10.87,10.58,0.73,0.02,1.59,3.05,0.72,1.38,4.56,0.04,0.03,2.44,0.87,1404.5
72.16,0.05,14.22,2.49,0.86,0.05,1.84,1.65,0.22,1.26,3.42,0.73,0.01,0.72,0.32,626.96
70.74,0.53,16.51,0.53,1.28,0.04,1.45,1.08,0.48,4.55,0.58,0.99,0.01,0.43,0.81,1198.83
83.64,1.1,2.79,4.49,0.88,0.04,1.32,1.64,0.07,1.26,1.1,0.02,0.05,0.77,0.84,1317.06
67.67,0.59,17.5,2.99,0.22,0,1.44,1.53,0.87,3.17,2.89,0.49,0.01,0.19,0.44,1266.89
69.34,0.55,8.18,9.29,1.49,0.01,1.06,4.06,0.51,0.07,1.22,0.67,0.05,2.68,0.82,1197.93
83.2,1.14,5.04,0.25,0.71,0.03,0.63,0.22,0.51,1,3.64,0.09,0.05,2.63,0.87,1375.01
56.81,0.07,11.92,14.94,0.26,0.03,0.96,2.36,0.2,3.7,4.63,0.79,0.02,2.95,0.36,935.93
59.2,0.29,17.43,15.8,1.52,0,0.38,0.09,0.78,1.39,0.66,0.18,0.03,1.3,0.94,1070.46
68.76,0.66,12.7,3.37,1.5,0,1.38,2.33,0.23,2.4,4.28,0.15,0.01,1.6,0.63,1265.65
78.9,0.51,4.8,1.34,0.1,0,1.8,0.66,0.3,4.93,4.64,0.04,0.03,1.9,0.05,930.03
59.45,0.79,13.26,15.8,0.16,0.04,1.73,0.23,0.04,2.75,2.48,0.98,0.01,1.77,0.51,1303.79
67.09,0.65,11.87,10.75,0.01,0.04,0.4,1.16,0.65,2.39,2.87,0.5,0.02,1.45,0.14,1191.36
58.43,0.35,12.83,17.6,0.59,0.02,0.88,1.09,0.81,2.92,0.29,1,0.03,2.67,0.5,1109.6
67.56,0.7,8.18,8.46,0.44,0.05,0.36,2.63,0.09,4.97,2.78,0.81,0.03,2.41,0.53,1237.52
60.53,0.01,6.67,19.04,1.35,0.05,0.4,2.46,0.03,3.39,3.92,0.75,0,0.74,0.66,735.77
72,0.91,4.94,8.12,0.7,0,1.15,3.35,0.28,3.44,1.21,0.72,0.02,2.62,0.54,1448.48
82.91,0.94,1.52,0.96,0.27,0.04,0.64,2.52,0.6,3.72,4.15,0.52,0.02,0.59,0.61,1285.16
73.06,0.66,5.24,8.92,1.48,0.03,0.96,1.36,0.67,3.14,2.29,0.24,0.01,1.02,0.91,1216.1
70.16,1.01,8.26,10.61,0.34,0.04,0.84,0.81,0.1,3.48,2.41,0.01,0.04,1.86,0.04,1422.96
71.28,0.37,13,1.18,1.47,0.03,1.57,4.28,0.77,0.39,2.3,0.32,0.03,2.9,0.12,993.77
65.11,0.73,10.99,6.33,1.23,0.01,1.27,4.48,0.47,3.82,3.18,0,0.01,2.32,0.04,1436.52
62.83,1.15,16.09,7.25,0.62,0.03,1.22,0.45,0.22,3.18,4,0.19,0.04,2.61,0.12,1671.31
63.89,0.45,4.85,14.91,0.8,0.04,0.25,2.77,0.38,4.99,2.96,0.68,0.01,2.98,0.05,1123.96
66.36,0.09,1.36,17.41,1.46,0.05,0.13,3.46,0.53,3.2,2.56,0.68,0.05,1.76,0.9,834.25
73.02,0.79,9.33,1.39,1.67,0.01,0.07,2.6,0.63,3.31,3.35,0.65,0.04,2.31,0.81,1357.86
71.54,0.56,1.13,12.79,0.42,0.04,1.44,3.83,0.29,3.17,2.64,0.27,0.04,1.65,0.19,1077.62
80.74,0.38,3.39,7.42,1.39,0.05,0.42,1.5,0,1.13,2.09,0.46,0.01,0.45,0.56,771.1
61.58,0.5,7.67,17.9,1.12,0.02,0.51,2.14,0.86,4.83,1.89,0.21,0.05,0.43,0.3,1231.52
70.09,0.5,5.17,15.36,1.33,0.05,0.62,4.23,0.3,0.05,0.75,0.51,0.04,0.17,0.83,1032.93
86.89,0.86,0.62,2.13,0.15,0.03,1.12,1.79,0.09,1.96,3.41,0.09,0.04,0.19,0.61,1155.82
67.37,0.15,8.56,8.12,0.85,0.05,0.7,4.96,0.54,4.21,1.74,0.08,0,1.72,0.93,942.56
68.4,0.09,12.4,11.27,1.3,0.01,0.14,0.37,0.25,1.07,0.63,0.26,0.03,2.85,0.92,724.74
56.9,1.19,8.58,19.57,1.08,0.04,0.89,3.11,0.54,1.1,3.82,0.05,0.02,2.61,0.5,1765.57
80.89,0.1,3.74,2.19,0.56,0.01,1.42,3.3,0.14,2.22,1.48,0.34,0.03,2.7,0.9,623.41
72.84,0.63,8.53,1.24,1.16,0.03,0.9,2.07,0.94,3,4.08,0.95,0.04,2.83,0.76,1150.02
81,0.21,4.08,3.88,0.64,0.02,1.62,1.8,0.73,4.52,0.57,0,0.04,0.71,0.15,735.43
70.53,0.95,11.42,3.35,1.17,0.01,0.4,2.98,0.66,1.73,3.82,0.84,0.05,1.88,0.22,1443.58
78.79,0.9,1.94,3.62,1.67,0.05,0.13,1.56,0.63,4.69,2.85,0.82,0.05,1.56,0.74,1349.8
63.56,0.63,11.22,11.09,1.28,0.03,0.44,3.47,0.38,0.64,4.26,0.18,0.03,2.16,0.65,1306.57
80.87,0.2,3.49,2.98,0.15,0.01,1.05,0.86,0.97,3.49,2.92,0.68,0.02,1.41,0.89,757.12
68.27,1.14,11.93,7.97,0.09,0.02,1.85,0.22,0.18,4.04,1.82,0.19,0.04,1.68,0.55,1633.79
54.69,0.36,12.15,17.24,1.5,0.03,0.7,4.27,0.57,4.45,1.27,0.65,0.05,1.12,0.95,1235.25
65.02,0.97,4.69,14.12,0.6,0.03,1.55,0.13,0.09,4.67,4.08,0.88,0.02,2.15,1,1411.38
73.52,0.52,15.24,1.59,1.09,0.02,1.05,0.57,0.37,0.38,2.27,0.44,0.02,2.84,0.08,991.3
60.37,0.25,4.91,18.04,1.65,0,0.29,3.38,0.32,4.6,3.93,0.88,0.01,0.45,0.93,1112.4
71.47,0.49,7.48,13.69,0.79,0.04,1.92,1.66,0.21,0.38,1.07,0.14,0,0.14,0.51,1020.36
69.59,0.67,8.61,14.44,0.48,0.02,0.77,0.91,0.48,0.66,1.59,0.11,0,1.07,0.62,1143.6
65.95,0.19,17.88,5.49,0.05,0,1.33,3.35,0.9,0.45,1.88,0.89,0.04,0.7,0.89,927.62
61.65,0.06,8.95,14.26,0.54,0.01,0.15,4.21,0.05,3.05,3.82,0.78,0.03,1.96,0.47,897.64
73.07,0.51,2.47,10.71,0.14,0.02,1.46,2.21,0.51,4.21,3.23,0.13,0.03,1.09,0.21,1020.28
70.2,0.92,10.56,2.09,0.7,0.01,0.3,4,0.38,3.07,4.41,0.54,0.01,2.37,0.44,1538.9
61.63,0.68,16.24,9.79,0.67,0.04,0.27,4.57,0.92,2.9,0.77,0.45,0.02,0.89,0.18,1443.76
65.88,0.83,17.63,4.32,0.41,0.01,1.88,1.91,0.92,4.45,0.22,0.28,0.02,0.83,0.43,1454.31
69.7,0.6,13.65,5.35,0.6,0.03,0.36,2.37,0.25,0.99,3.98,0.71,0.01,1.25,0.15,1147.59
80.22,0.44,3.73,2.29,1.36,0.01,1.81,0.96,0.24,4.26,2.86,0.11,0.03,0.92,0.74,921.74
59.43,0.1,16.52,9.56,1.47,0.04,0.36,4.4,0.23,0.95,2.6,0.98,0.02,2.89,0.44,943.28
67.44,0.25,15.84,1.44,1.37,0.04,1.66,3.28,0.25,2.66,3.15,0.89,0.01,1.39,0.33,1026.14
78.56,0.52,3.29,4.35,1.54,0.02,1.03,4.49,0.24,1.65,1.54,0.66,0.03,1.41,0.67,1091.21
73.4,0.5,16.03,2.39,0.19,0.03,0.78,2.28,0.7,1.07,0.22,0.44,0.04,1.35,0.57,1055.77
69.67,0.26,8.35,9.61,0.47,0.01,0.7,0.19,0.17,3.66,3.25,0.31,0.03,2.49,0.84,836.53
66.12,0.2,5.25,13.41,0.52,0.02,1.65,4.46,0.84,0.58,4.55,0.68,0.03,0.74,0.93,955.73
82.77,0.03,1.48,3.07,1.39,0.03,1.89,1.74,0.35,3.35,0.87,0.46,0,1.78,0.78,570.31
63.24,0.17,11.08,11.28,1.65,0.05,1.97,0.54,0.55,3.95,3.29,0.9,0.02,1.28,0.03,852.57
64.12,0.03,12.47,9.43,1.32,0.01,1.73,4.51,0.66,1.39,1.08,0.63,0.05,1.73,0.84,934.53
58.85,0.69,10.36,14.79,0.79,0.05,1.73,3.63,0.74,2.07,4.16,0.93,0.04,0.4,0.79,1428.94
56.12,0.56,10.96,19.82,0.72,0.02,0.53,0.64,0.17,2.57,4.55,0.81,0.01,1.69,0.85,1273.06
54.78,1.09,6.27,17.48,1.17,0.02,1.55,3.95,0.68,4.05,4.76,0.87,0,2.55,0.78,1821.86
55.55,1.11,13.31,17.56,0.02,0.05,0.38,4.32,0.93,0.01,4.57,0.83,0.05,0.53,0.78,1701.72
59.07,0.91,8.52,18,1.42,0.01,0.5,1.32,0.34,3.33,4.47,0.59,0.04,0.95,0.52,1514.98
63.19,0.61,12.62,10.36,0.67,0.01,0.51,4.9,0.36,4.03,0.36,0.09,0.03,1.37,0.88,1397.51
56.03,0.98,15.67,15.67,1.05,0.01,1.57,1.59,0.24,0.86,3.14,0.24,0.02,2.13,0.79,1629.92
68.7,0.38,15.17,1.16,1.97,0.02,0.65,4.62,0.13,1.79,1.79,0.42,0.04,2.55,0.59,1067.5
74.02,0.66,3.85,6.03,1.37,0.01,0.18,2.66,0,3.04,4.51,0.19,0.02,2.75,0.7,1194.43
65.55,0.17,6.88,15.12,1.33,0.01,0.12,3.41,0.61,0.3,4.87,0.25,0.02,0.53,0.83,922.38
65.17,0.64,1.89,18.57,1.22,0.02,0.98,2.5,0.53,2.49,2.81,0.39,0.01,1.99,0.79,1225.03
76.22,1.01,0.4,8.09,1.96,0,1.57,0.63,0.82,3.36,3.63,0.98,0.05,0.91,0.38,1361.45
60.98,0.46,17.62,9.79,1.91,0,0.08,2.88,0.74,1.09,2.52,0.87,0.04,0.7,0.33,1198.26
55.75,0.37,12.95,19.36,0.56,0.03,1.98,0.79,0.66,1.66,4.96,0.11,0.02,0.76,0.03,1097.74
71.47,0.84,11.16,2.97,0.34,0.03,1.56,3.06,0.57,3.73,1.22,0.73,0.02,2.02,0.27,1417.36
72.5,0.17,0.52,16.07,0.39,0.02,1.54,2.25,0.22,0.97,2.04,0.57,0.02,2.71,0,753.28
66.13,1.07,6.45,13.47,1.16,0.01,1.36,1.25,0.78,4.33,2.39,0.05,0.04,1.4,0.09,1572.99
66.46,0.4,5.23,14.53,0.85,0.03,1,3.62,0.72,2.24,0.68,0.41,0.01,2.88,0.95,1091.22
60.75,0.46,16.11,5.76,1.24,0.01,1.65,4.46,0.62,3.12,1.89,0.71,0.02,2.24,0.97,1310.25
53.33,0.99,9.31,19.58,1.21,0,1.46,4.1,0.13,3.4,4.6,0.25,0.03,0.82,0.77,1689.79
65.29,0.04,17.01,9.95,1.61,0.02,1.7,0.8,0.23,1.67,0.44,0.44,0.02,0.34,0.43,826.98
59.84,0.24,15.75,10.19,1.9,0.02,0.68,1.69,0.27,3.92,1.41,0.29,0,2.9,0.89,1075.9
76.33,0.58,1.58,10.62,0.23,0.02,0.18,2.94,0.05,3.14,3.54,0.57,0.02,0.18,0.01,985.83
62.72,0.42,13.88,12.95,0.25,0.03,1.15,0.83,0.76,4.15,1.16,0.64,0.02,0.18,0.86,1122.34
68.49,0.64,9.22,3.55,0.29,0.04,1.73,3.63,0.07,4.55,4.9,0.78,0.02,1.22,0.87,1322.32
69.71,0.34,2.55,16.46,0.39,0.05,1.19,2.78,0.78,0.08,3.57,0.6,0.03,0.65,0.83,921.33
64.45,0.2,17.53,3.89,1.61,0.01,0.51,2.11,0.85,3.44,4.36,0.05,0.05,0.23,0.72,954.99
49.06,0.26,15.14,17.25,1.1,0.02,1.59,4.37,0.74,4.53,3.13,0.67,0.03,1.46,0.65,1326.6
69.93,1.12,6.71,8.22,0.03,0.03,0.26,3.58,0.78,3.61,2.73,0.53,0.03,1.66,0.75,1652.64
80.65,1.07,9.65,2.21,0.26,0.02,0.99,1.13,0.45,0.68,1.2,0.73,0.05,0.56,0.34,1317.41
68.76,0.25,2.37,18.15,1.3,0.01,0.52,2.95,0.7,1.27,1.74,0.29,0,1.16,0.53,886.19
60.74,0.79,7.5,19.67,1.25,0.04,1.83,4.11,0.27,2.16,0,0.45,0.01,0.34,0.84,1410.62
71.88,0.32,7.84,6.2,1.98,0.01,0.04,0.65,0.89,3.47,3.92,0.32,0.03,2.12,0.33,929.05
70.28,0.87,11.33,5.92,0.11,0.01,1.24,3,0.51,1.26,2.22,0.14,0.03,2.61,0.46,1406.96
72.23,0.38,10.69,1.51,1.44,0.02,0.85,4.67,0.49,0.08,4.8,0.01,0.03,1.9,0.89,1024.4
55.96,0.82,14.6,15.4,0.43,0.04,1.28,1.22,0.13,3.76,4.86,0.74,0.04,0.5,0.25,1456.13
78.17,0.8,2.61,8.27,0.64,0.01,1.16,1.81,0.04,2.22,2.95,0.13,0.03,0.91,0.26,1184.76
69,0.96,8.42,7.56,1.63,0.05,0.63,0.25,0.54,3.58,2.94,0.69,0.03,2.87,0.87,1429.42
62.5,0.55,8.21,18.61,0.65,0.03,1.79,0.25,0.88,3.82,1.04,0.33,0.02,0.66,0.64,1175.28
79.76,1.18,3,4.64,0.58,0.05,1.25,1.06,0.8,4.61,2.02,0.17,0.02,0.65,0.2,1511.43
77.07,0.11,7.44,0.29,0.59,0.04,0.41,4.99,0.05,0.68,3.93,0.98,0.05,2.39,0.97,724.69
68.69,1.01,1.04,16.91,0.97,0.02,0.01,3.1,0.67,3.95,1.63,0.13,0.02,1.09,0.75,1528.25
67.1,0.53,11.3,5.62,0.23,0.02,1.92,4.84,0.71,3.89,1.02,0.37,0.03,2.25,0.17,1253.44
71.28,0.55,2.93,12.67,1.54,0.04,1.46,0.8,0.83,1.67,4.18,0.25,0.02,1.73,0.03,1042.94
74.72,0.24,2.89,13.73,0.16,0.02,1.08,1.17,0.13,2.45,1.7,0.14,0.01,1.41,0.13,773.42
66.18,1.12,13.96,6.51,0.52,0.04,0.85,4.31,0.74,0.46,4.07,0.54,0.03,0.66,0,1616.41
68.5,0.53,1.64,17.9,0.24,0.04,1.88,0.74,0.35,3.66,3.57,0.04,0,0.36,0.57,1059.27
67.93,0.08,10.59,6.85,1.34,0.04,1.58,0.19,0.95,2.93,4.48,0.62,0.02,2.19,0.22,752.91
75.24,0.19,10.94,7.08,0.69,0.04,0.18,0.19,0.7,1.3,1.93,0.31,0.03,0.46,0.72,739.04
53.2,1.11,15.05,18.14,1.87,0.02,1.59,2.47,0.27,3.73,1.22,0.11,0.04,0.86,0.31,1795.53
68.7,1.07,7.93,8.18,0.86,0.04,0.02,3.52,0.21,4.41,1.88,0.34,0.04,2.17,0.63,1641.6
69.28,0.4,10.99,1.09,1.91,0.02,0.61,4.3,0.32,4.99,3.45,0.65,0.01,1.83,0.16,1130.85
63.32,0.44,8.58,16.1,1.27,0.04,0.49,1.19,0.38,0.09,4.15,0.37,0,2.62,0.97,1057.27
77.43,0.78,6.42,8.28,0.51,0.04,0.71,0.16,0.05,3.07,1.45,0.17,0.03,0.84,0.07,1145.54
56.55,1.02,15.7,10.7,1.9,0.01,1.36,3.52,0.05,1.41,4.75,0.76,0,1.62,0.65,1695.08
59.01,1.17,12.9,12.77,1.82,0.03,1.86,2.46,0.72,3.16,2.76,0.32,0.05,0.81,0.16,1795.54
66.26,0.32,15.67,5.72,0.13,0,1.85,2.01,0.21,2.84,2.44,1,0.04,0.81,0.7,1075.04
74.61,0.47,6.56,7.34,1.28,0.03,1.51,0.76,0.43,4.3,0.02,0.62,0.04,1.15,0.88,1043.25
51.89,0.25,12.06,16.68,1.46,0.03,1.43,4.88,0.01,3.32,3.96,0.64,0.01,2.47,0.91,1238.05
73.88,0.82,9.2,7.33,0.66,0.04,1.21,0.78,0.14,0.36,3.42,0.31,0,1.01,0.83,1249.21
61.83,0.53,9.88,11.92,0.91,0,1.14,1.99,0.2,4.48,3.68,0.28,0.03,2.89,0.25,1187.03
67.69,1.14,12.3,10.82,1.97,0.02,0.56,1.7,0.75,1.69,0.51,0.64,0.01,0.01,0.2,1593.96
65.95,0.53,3.5,17.62,1.33,0,0.73,2.69,0.8,4.6,0.66,0.83,0,0.72,0.02,1240.43
84.96,0.09,0.58,2.92,1.75,0.01,0.96,2.44,1,1.82,1.33,0.96,0.03,0.87,0.29,605.49
61.5,0.87,8.54,17.69,0.97,0.02,0.5,1.22,0.32,4.96,1.8,0.52,0.01,0.43,0.65,1469.7
66.94,0.66,1.22,17.66,1.02,0.02,1.56,0.56,0.47,2.74,3.88,0.37,0.04,2.09,0.77,1220.43
59.67,1.04,9.45,13.66,0.34,0.04,1.51,4.44,0.71,4.38,0.81,0.81,0.05,2.45,0.62,1686.84
83.57,1.11,1.7,0.34,1.93,0.03,0.23,1.7,0.75,3.75,0.85,0.47,0.04,2.9,0.62,1414.59
77.68,0.65,1.78,6.99,1.01,0.01,0.72,4.86,0.01,1.51,2.92,0.28,0.03,0.9,0.64,1212.61
71.59,1.02,11.86,1,1.59,0.01,1.27,3.23,0.8,2.53,1.88,0.52,0.03,2.46,0.21,1546.82
59.91,0.9,6.04,14.18,1.6,0.03,1.24,3.54,0.69,3.64,4.25,0.22,0.01,2.91,0.85,1626.93
68.78,0.71,0.15,17.1,1.5,0.05,0.03,0.14,0.52,4.28,4.96,0.32,0,0.59,0.88,1257.77
75.35,0.54,0.96,12.35,0.87,0.02,1.9,2.29,0.8,0.29,2.4,0.59,0.01,0.91,0.74,1029.57
80.78,0.23,2.31,5.99,1.72,0.04,1.55,1.61,0.1,0.16,2.93,0.7,0.02,1.59,0.28,700.63
66,0.86,0.51,18.88,0.54,0.05,1.02,2.5,0.45,4.61,1.04,0.61,0.02,2.75,0.17,1378.02
63.22,0.81,7.59,13.22,0.32,0.02,0.21,4.84,0.21,4.97,2.09,0.07,0,1.8,0.61,1499.32
62.44,0.4,6.46,14.1,0.84,0.03,0.57,3.63,0.05,4.94,3.21,0.15,0.04,2.36,0.79,1153.92
74.28,0.33,17.26,0.35,0.76,0.01,0.77,0.29,0.64,0.31,3.08,0.23,0.01,1.04,0.64,941.34
71.33,1.1,3.66,8.27,0.53,0.03,0.57,2.79,0.82,2.75,4.19,0.61,0.04,2.79,0.51,1572.36
64.08,0.95,8.44,14.1,0.08,0.05,1.79,4.47,0.28,1.42,2.01,0.88,0.04,0.87,0.54,1585.67
82.73,0.26,1.53,0.55,0.76,0.05,1.37,3.75,0.95,2.11,2.37,0.36,0.01,2.3,0.91,807.68
74.81,0.98,0.86,5.98,1.18,0.02,0.3,2.69,0.52,3.55,5,0.65,0.02,2.87,0.57,1387.08
66.02,0.55,7.54,18.72,1.62,0,0.63,0.28,0.52,1.4,0.37,0.77,0,0.81,0.77,1164.7
60.58,0.62,14.71,8.29,1.63,0.03,0.18,2.36,0.55,3.06,4.64,0.18,0.03,2.26,0.89,1301.9
69.72,0.98,16.29,2.13,0.46,0.04,0.97,0.85,0.65,2.29,4.84,0.22,0.02,0.5,0.05,1455.11
69.53,0.34,14.76,5.34,1.39,0.03,1.04,3.91,0.62,0.8,1.1,0.54,0.04,0.46,0.11,968.05
80.66,1.19,0.08,8.98,0.33,0.03,1.26,4.04,0.56,0.95,0.27,0.72,0.02,0.67,0.25,1503.11
66.27,0.19,5.1,15.84,1.24,0.05,1.05,2.61,0.19,2.93,3.04,0.21,0,1.11,0.17,965.26
63.55,0.73,10.85,13.5,0.46,0.04,1.05,2.19,0.65,2.51,2.63,0.02,0.04,1.27,0.52,1359.46
72.11,0.47,9.93,1.08,0.77,0.03,1.88,4.25,0.96,3.91,3.16,0.42,0.01,0.75,0.27,1232.61
77.55,0.75,8.2,5.49,0.11,0.05,1.88,0.91,0.61,1.48,0.97,0.68,0.04,1.22,0.06,1079.9
58.81,0.49,9.58,17.86,1.31,0.04,0.41,3.6,0.5,4.1,1.08,0.51,0.01,0.86,0.83,1324.23
63.95,0.09,13.12,9.83,0.92,0.02,1.7,0.89,0.81,4.64,0.84,1,0.05,1.86,0.27,888.14
77.79,0.52,3.07,2.4,1.41,0.03,1.13,1.24,0.23,4.95,3.14,0.82,0.02,2.53,0.72,1066.19
72.73,1.11,3.85,10.95,1.93,0.04,1.24,0.35,0.41,3.25,2.05,1,0.04,0.56,0.49,1457.23
68.78,0.47,10.69,8.93,0.48,0.04,0.21,2.66,0.31,4.83,1.52,0.34,0.04,0.39,0.32,1122.93
84.56,0.55,2.81,1.56,0.11,0,0.19,0.43,0.06,3.49,4.71,0.86,0.01,0.61,0.05,851.23
57.32,0.2,10.22,19.96,1.72,0.03,0.85,0.74,0.42,2.97,2.98,0.56,0.04,1.53,0.47,924.74
69.11,0.01,5.8,12.66,1.12,0.03,1.54,1.16,0.68,3.04,1.69,0.22,0.03,2.84,0.08,663.37
67.2,1.14,8.37,14.2,1.61,0.01,0.09,0.64,0.34,4.78,0.21,0.92,0.03,0.31,0.15,1643.31
73.49,0.21,16.28,2.66,1.02,0.03,1.74,0.11,0.14,0.85,0.31,0.63,0.01,1.73,0.78,825.67
55.66,0.5,13.84,15.56,0.53,0,0.21,4.12,0.41,4.2,2.74,0.2,0.04,1.67,0.35,1353.94
71.45,0.88,11.36,6.75,0.88,0.04,1.32,3.87,0.24,0.02,1.33,0.35,0.05,0.65,0.83,1351.11
74.91,0.75,3.02,8.07,1.02,0.02,0.45,1.26,0.59,3.44,2.34,0.94,0.04,2.68,0.48,1201.44
63.25,0.98,9.66,11.36,1.95,0.02,1.6,2.53,0.46,0.73,3.74,0.82,0.02,2.29,0.58,1541.47
61.58,0.32,16.63,13.94,1.76,0.01,1.83,1.82,0.01,0.38,0.45,0.21,0.01,0.17,0.9,1063.77
67.41,0.58,7.65,8.51,0.52,0.03,0.12,3.29,0.51,4.08,4.86,0.88,0.04,1.3,0.21,1228.53
78.26,0.8,3.63,0.41,1.15,0.02,1.75,3.23,0.65,3.94,1.68,0.96,0.01,2.62,0.91,1326.46
65.29,0.9,17.17,5.03,1.12,0.04,0.3,4.26,0.4,3.2,0.21,0.22,0.02,0.87,0.96,1571.4
60.66,0.96,15.57,9.33,0.95,0.04,0.78,2.4,0.53,3.04,3.25,0.68,0.02,0.89,0.92,1556.27
78.81,0.77,9.05,0.42,1.46,0.01,0.52,0.16,0.83,2.89,2.42,0.68,0.02,1.71,0.25,1192.56
71.99,0.08,10.1,4.42,1.5,0.02,0.5,3.04,0.12,3.81,2.26,0.81,0.01,1.15,0.18,757.58
82.1,0.3,3.68,0.86,0.21,0.01,1.33,2.97,0.57,3.67,1.26,0.34,0.01,1.76,0.93,906.55
60.93,1.04,9.99,12.89,1.98,0.03,1.74,2.5,0.05,4.67,0.56,0.7,0.01,2.7,0.2,1653.54
55.18,0.6,14.74,15.25,0.66,0.02,1.15,2.76,0.86,2.36,4.47,0.21,0.04,0.91,0.79,1359.14
69.25,0.68,15.76,4.63,1.4,0.04,1.55,2.83,0.68,0.98,1.08,0.27,0.04,0.5,0.3,1275.58
62.39,0.88,8.19,14.05,1.13,0,1.15,2.26,0.11,1.72,4.47,0.8,0.05,2.15,0.63,1453.68
78.64,0.18,1.93,4.94,0.63,0.03,1.75,4.45,0.68,2.87,1.22,0.94,0.03,1.6,0.1,766.63
83.26,1.08,3.03,0.97,0.87,0,0.12,3.57,0.26,3.19,2.85,0.14,0.02,0.2,0.42,1472.33
77.17,0.23,1.73,6.34,0.01,0.04,0.32,3.13,0.83,4.59,2.79,0.79,0.02,1.47,0.55,869.38
56.04,0.94,11.1,17.65,1.42,0.05,1.5,3.69,0.86,3.28,0.9,0.08,0.02,2.44,0.02,1698.81
90.39,0.19,1.91,0.74,1.62,0.01,1.46,0.71,0.41,0.58,0.01,0.61,0.02,1.25,0.08,569.26
69.85,0.09,7.44,6.23,1.78,0.01,1.89,4.14,0.1,2.4,3.25,0.59,0.03,1.28,0.9,856
63.46,0.33,1.69,19.56,1.3,0.03,1.64,2.11,0.39,4.75,1.93,0.08,0.02,2.62,0.09,994.8
62.72,0.9,9.26,12.73,0.49,0.01,0.13,4.13,0.71,1.47,4.18,0.83,0.01,2.14,0.29,1548.85
65.25,0.57,7.74,12,0.69,0,1.35,4.8,0.67,2.7,0.82,0.63,0.03,1.86,0.89,1330.79
82.98,0.38,4.87,4.14,1.56,0.03,0.68,0.71,0.85,1.92,0.95,0.14,0.05,0.39,0.36,826.55
69.76,0.76,7.35,9.55,1.61,0.05,0.93,1.89,0.41,1.85,2.37,0.33,0.02,2.84,0.29,1252.39
74.24,0.88,8.5,3.21,1.74,0.03,1.05,4.16,0.98,2.05,1.77,0.75,0.02,0.26,0.35,1496.09
54.95,0.97,12.72,17.26,0.29,0.01,0.43,4.86,0.17,2.99,3.16,0.62,0.03,1.45,0.08,1649.97
74.32,0.1,3.06,5.74,0.86,0.04,1.07,2.36,0.19,4.8,4.54,0.82,0.02,1.68,0.39,760.06
82.37,0.49,1.3,2.8,1.92,0.03,0.01,4.05,0.09,3.54,3.1,0.06,0.03,0.14,0.06,954.55
69.93,0.77,2.25,18.66,1.01,0,1.07,0.92,0.2,3,1.13,0.21,0.03,0.71,0.11,1269.66
67.27,0.5,0.94,18.11,0.9,0,0.45,4.79,0.5,1.79,1.58,0.42,0.01,2.25,0.51,1130.29
58.09,0.01,17.39,10.24,0.16,0.01,0.87,3.48,0.4,4.1,1.65,0.05,0,2.58,0.98,989.18
65.11,0.17,1.12,18.29,0.2,0.01,1.6,4.99,0.49,1.05,4.24,0.39,0.01,1.47,0.86,906.66
57.49,0.54,14.99,13.52,1.56,0.03,1.19,0.66,0.83,3.04,3.51,0.78,0.02,1.31,0.54,1229.94
66.11,0.42,4.65,15.54,1.51,0.04,1.39,1.56,0.33,2.64,4.18,0.35,0.04,0.92,0.34,1041.92
53.74,0.26,14.89,15.69,1.59,0.02,0.66,4.25,0.59,4.65,1.27,0.98,0.02,1.15,0.24,1237.72
73.58,1.16,0.71,9.47,0.73,0.01,1.43,4.49,0.24,2.49,2.89,0.39,0.05,1.38,0.98,1603.83
62.73,0.69,14.82,7.77,0.37,0.04,0.54,3.85,0.26,2.79,4.44,0.2,0.04,0.8,0.66,1372.58
73.33,0.3,2.06,13.28,1.19,0.02,0.07,2.38,0.15,1.8,2.93,0.94,0.03,0.58,0.95,860.3
68.67,0.32,13.64,6.62,0.86,0.04,1.8,0.91,0.3,0.02,4.28,0.95,0.01,1.15,0.43,888.57
66.84,0.5,7.07,9.52,0.31,0,1.45,4.23,0.81,3.13,4.84,0,0.02,0.93,0.35,1196.56
63.1,0.64,11.05,16.91,1.23,0.02,1.39,2.58,0.53,1.68,0.01,0.36,0.02,0.3,0.2,1320.97
70.05,1.18,5.04,10.36,1.1,0.03,0.09,3.86,0.73,4.89,0.92,0.55,0.04,0.37,0.79,1691.56
71.01,1.14,5.65,11.68,0.88,0,1.9,1.07,0.27,1.89,2.49,0.14,0.03,1.54,0.3,1494.56
61.55,0.83,9.25,16.81,1.71,0.05,0.13,2.03,0.5,1.17,4.61,0.09,0.02,0.56,0.68,1439.19
65.29,0.5,13.95,10.99,1.62,0,0.93,0.75,0.79,0.76,0.04,0.93,0.02,2.96,0.45,1127.29
69.2,0.71,13.4,5.62,0.27,0.03,1.02,4.13,0.05,2.72,0.93,0.62,0.04,0.79,0.48,1360.75
69.13,0.72,2.17,19.53,1.82,0.03,1.55,0.1,0.2,3.84,0.53,0.04,0.03,0.1,0.18,1189.52
69.81,0.11,9.62,13.54,0.37,0.02,0.04,1.32,0.18,0.83,1.13,0.81,0.05,2.12,0.07,709.18
76.31,0.14,5.3,8.57,0.62,0.03,0.26,2.22,0.73,2.3,1.05,0.8,0.02,1.28,0.36,746.39
71.45,0.35,10.84,3.76,1.54,0.02,1.77,4.69,0.38,0.79,2.53,0.27,0.02,1.13,0.45,1100.07
74.26,0.01,4.62,3.41,1.42,0.04,1.45,4.87,0.08,2.32,4.5,0.32,0.04,1.69,0.98,720.08
72.81,0.45,7.51,3.28,0.32,0.04,0.81,3.1,0.75,2.19,4.77,0.94,0.03,2.99,0,1011.32
81.1,1.11,2.29,0.64,1.09,0.01,1.72,2.1,0.77,2.58,2.64,0.68,0.02,2.85,0.4,1480.56
62.59,0.48,12.73,12.73,1.99,0.04,0.57,0.51,0.11,1.81,2.39,0.64,0.04,2.97,0.41,1147.28
81.63,0.67,1.63,2.3,1.78,0.03,1.36,4.07,0.08,2.08,1.23,0.66,0.01,2.08,0.39,1149.89
66.61,0.53,14.72,6.96,0.51,0.04,1.37,2.02,0.5,1.74,2.76,0.14,0.04,1.66,0.39,1106.14
74.92,0.1,9.87,1.41,1.32,0.04,1.98,3.85,0.97,0.11,2.79,0.16,0.01,2.2,0.25,774.65
80.85,0.22,6.69,1.67,0.29,0.01,0.45,4.35,0.3,1.37,0.63,0.02,0.01,2.17,0.97,830.18
65.27,0.95,5.33,14.62,1.5,0.01,1.84,4.99,0.56,1.58,1.79,0.58,0,0.93,0.05,1575.62
61.32,0.75,10.87,11.82,0.3,0.05,1.07,2.78,0.54,2.62,4.69,0.6,0.02,2.3,0.25,1374.59
73.36,0.03,5.28,8.4,1.16,0.03,0.73,1.72,0,4.41,1.16,0.36,0,2.87,0.49,637.63
66.99,0.04,4.52,17.59,0.75,0.03,1.23,2.36,0.83,0.2,4.56,0.72,0.04,0.05,0.08,699.58
56.03,0.12,16.77,14.97,1.62,0.03,1.26,1.11,0.91,3.24,2.09,0.88,0.04,0,0.92,958.96
70.46,0.44,7.6,1.71,1.76,0.03,1.81,3.9,0.9,4.74,4.43,0.21,0,1.86,0.16,1160.83
63.14,0.75,13.05,10.25,0.74,0.02,1.33,3.72,0.29,1.63,2.3,0.45,0.04,1.31,0.98,1408
61.14,0.38,12.47,15.18,1.26,0.02,0.51,3.02,0.66,1.29,1.68,0.86,0.04,0.55,0.93,1128.77
53.76,0.25,13.14,18.42,0.13,0.03,1.75,4.76,0.07,3.96,1.41,0.54,0.04,1.64,0.11,1209.03
78.65,0.71,2.12,6.95,1.12,0.05,1.45,1.52,0.88,1.13,1.92,0.65,0.02,2.19,0.65,1089.41
68.61,0.08,15.71,1.48,0.93,0.02,0.59,1.13,0.27,4.78,4.86,0.57,0.03,0.15,0.8,879.62
73.78,0.21,2.57,8.48,0.7,0,0.3,4.96,0.73,2.99,1.52,0.43,0.03,2.35,0.95,911.71
58.93,0.69,16.89,9.05,1.27,0.01,1.62,3.03,0.38,2.71,3.47,0.21,0.02,0.75,0.96,1449.95
81.57,0.06,1.02,7.11,1.08,0.02,1.71,0.85,0.36,2.44,1.01,0.29,0.05,1.56,0.87,587.24
63.85,0.92,7.59,12.49,1.73,0.01,0.71,4.12,0.23,2.78,2.19,0.66,0.03,1.74,0.95,1518.29
62.82,0.22,15.03,9.79,1.32,0.01,0.19,3.89,0.25,1.95,0.24,0.65,0.03,2.7,0.89,984.84
74.76,0.46,6.87,2.59,1.89,0.04,0.29,4.73,0.84,4.59,1.43,0.34,0.02,0.67,0.47,1174.7
66.32,0.02,15.8,3.25,1,0.05,1.64,3.88,0.61,2.18,2.23,0.09,0,2.53,0.41,844.6
77.61,0.82,4.09,8.21,1.15,0.03,1.02,1.82,0.07,0.11,2.3,0.2,0.05,1.92,0.59,1153.64
72.09,0.49,5.93,3.6,0.12,0.03,1.56,4.29,0.72,4.48,4.91,0.96,0.03,0.67,0.11,1137.78
64.14,0.9,16.03,9.55,0.59,0.04,1.01,0.43,0.89,3.28,0.18,0.01,0,2.47,0.48,1472.16
74.57,0.41,4.49,10.14,0.17,0.03,0.76,4.29,0.75,0.09,0.83,0.47,0.03,2.15,0.82,1021.22
69,0.95,2.8,19.37,0.46,0.01,0.31,0.22,0.81,0.03,2.32,0.09,0,2.8,0.83,1369.38
60.6,0.48,8.25,17.36,1.59,0.03,1.07,3.04,0.39,2.64,2.7,0.86,0.01,0.74,0.21,1244.86
61.42,0.29,12.19,12.56,0.64,0.01,1.76,2.85,0.7,4.63,1.03,0.35,0.02,0.7,0.84,1155.92
79.12,0.11,4.3,3.82,1.91,0.03,1.43,0.54,0.19,4.05,2.84,0.05,0.03,1.43,0.15,606.07
55.2,0.98,11.13,17.43,0.85,0.03,1.52,2.73,0.57,2.77,2.46,0.81,0.02,2.7,0.81,1678.37
61.67,0.83,16.18,10.74,1.64,0.01,0.15,3.43,0.3,3.17,0.39,0.96,0.03,0.03,0.48,1540.33
68.16,0.56,2.27,18.12,1.96,0,0.16,2.83,0.53,2.94,1.59,0.05,0.03,0.45,0.34,1181.48
71.88,0.7,3.75,10.85,1.43,0,1.24,2.55,0.1,3.53,1.55,0.18,0.01,1.64,0.58,1216.9
67.56,0.23,2.17,19.64,1.35,0.04,0.8,2.07,0.99,1,1.63,0.2,0.01,1.99,0.31,833.65
75.93,1.05,0.88,7.09,1.72,0.03,1.54,1.62,0.37,4.44,3.75,0.38,0.01,0.32,0.86,1510.37
58.93,0.93,16.47,15.23,0.84,0.01,1.43,1.23,0.78,1.69,0.78,0.25,0.01,1.14,0.26,1611.82
61.29,0.28,7.05,17.36,0.14,0.01,1.12,4.37,0.28,1.74,3.99,0.37,0.04,1.37,0.57,998.89
69.84,0.43,4.35,13.66,1.87,0.01,0.18,2.53,0.39,0.18,4.61,0.94,0.04,0.84,0.12,974.34
81.13,0.72,5.07,4.03,1.28,0.04,1.05,1.6,0.51,3,0.26,0.44,0.03,0.39,0.45,1152.29
73.38,0.59,7.67,4.88,1.91,0.05,0.73,4.65,0.62,3.91,0.45,0.02,0.03,0.23,0.89,1246.1
72.82,0.99,12.87,0.63,0.92,0,1.86,3.06,0.16,2.8,0.59,0.15,0,2.62,0.55,1557.04
73.3,0.41,8.72,2.01,1.84,0.01,1.9,2.46,0.86,2.89,4.22,0.01,0.01,1.06,0.3,964.17
58.8,1.14,7.1,19.44,1.3,0.04,0.79,0.95,0.05,3.28,4.86,0.12,0.04,1.09,0.99,1658.85
57.63,0.92,13.22,15.27,0.17,0.04,0.52,2.95,0.12,2.79,4.53,0.18,0.04,1.31,0.32,1561.13
73.15,0.08,9.51,4,1.88,0.01,1.17,2.79,0.34,4.26,0.92,0.82,0.01,0.12,0.94,867.24
69.28,0.33,2.51,14.12,1.04,0.02,0.63,4.45,0.89,1.37,3.97,0.23,0.04,0.38,0.76,1050.67
66.26,0.67,2.12,12.32,0.38,0.01,0.89,4.82,0.89,4.13,4.26,0.5,0.02,2.65,0.08,1348.05
81.21,0.65,5.26,3.41,1.36,0.02,0.6,0.81,0.54,2.94,2.22,0.01,0.02,0.82,0.14,1053.93
64.86,0.7,12.08,10.38,1.23,0.03,0.25,1.08,0.01,4.91,1.06,0.81,0.04,2.12,0.45,1254.7
62.81,0.14,6.33,16.51,1.13,0.04,1.78,2.8,0.37,4.28,1.15,0.02,0,1.75,0.89,955.68
67.07,0.68,7.37,11.54,1.34,0.04,0.69,1.93,0.02,3.25,3.88,0.51,0.02,1,0.65,1279.25
76.32,1.11,5.95,1.37,1.75,0.01,1.98,4.2,0.43,3.14,1.39,0.08,0.03,1.27,0.97,1570.05
69.09,0.72,13.45,2.7,1.45,0,1.23,4.19,0.48,1.08,2.22,0.84,0.04,1.82,0.69,1346.98
64.46,1.01,14.52,9.55,0.81,0.05,1.64,4.94,0.64,0.16,0.77,0.82,0.03,0.59,0.01,1605.55
73.84,0.32,2.48,17.52,1.77,0.04,0.19,0.68,0.14,1.29,0.36,0.98,0.04,0.21,0.14,797.35
62.71,0.86,11.35,18.24,0.07,0.01,0.38,0.3,0.62,1.05,2.41,0.69,0.03,0.87,0.41,1347.52
65.48,0.41,15.34,8.4,0.12,0.03,0.4,1.69,0.33,0.36,4.75,0.55,0.01,1.67,0.45,1011.23
68.03,0.81,3.59,10.76,1.63,0.01,1.03,4.83,0.8,2.97,3.75,0.53,0.05,0.51,0.72,1389.67
70.57,0.02,2.26,14.44,1.52,0,0.67,0.59,0.89,2.27,2.21,0.82,0.03,2.77,0.94,700.94
64.35,0.65,10.72,12.51,0.12,0.04,0.28,2.12,0.29,2.77,4.81,0.41,0.03,0.42,0.46,1205.62
54.16,1.1,16.78,10.93,1.54,0,1.06,3.66,0.33,4.51,3.9,0.77,0,0.55,0.71,1944.29
63.36,0.03,7.96,15.73,1.33,0.03,1.39,4.25,0.85,2.28,1.54,0.37,0.03,0.27,0.59,920.62
69.88,0.55,13.66,5.48,0.13,0.04,0.14,4.64,0.5,0.28,0.63,0.53,0,2.75,0.8,1201.01
52.79,0.32,15.36,16.1,1.16,0.02,1.12,4.79,0.08,1.01,3.22,0.68,0.01,2.42,0.93,1215.18
62.98,0.1,17.54,5.62,0.62,0,0.99,4.77,0.16,2.88,1.37,0.02,0.05,2.15,0.74,945.57
59.27,0.26,6.94,19.91,1.35,0.02,0.97,4.61,0.2,1.6,1.85,0.9,0.04,1.77,0.31,1044.05
63.75,0.25,5.95,18.59,1.82,0.02,0.65,4.42,0.45,0.19,1.73,0.61,0.05,1.27,0.24,939.55
84.13,1.08,0.6,0.02,1.23,0.01,0.59,2.45,0.79,1.94,4.79,0.45,0.05,1.36,0.52,1379.35
74.86,1.15,12.15,2.99,1.2,0.01,0.62,4.19,0.68,1.43,0.02,0.53,0.01,0.08,0.06,1596.25
53.34,0.32,15.83,16.5,0.93,0.01,1.01,3.76,0.01,3.06,3.55,0.82,0.01,0.61,0.22,1243.59
65.05,1.12,2.54,15.29,1.97,0.05,0.82,4.2,0.67,4.34,0.81,0.76,0.03,1.62,0.73,1705.61
75.33,0.61,5.44,5.13,2,0.01,0.47,1.67,0.5,4.35,0.88,0.62,0.02,2.39,0.6,1148.61
52.82,0.96,15.39,18.24,1.99,0.03,1.28,0.7,0.11,2.44,3.47,0.25,0.02,2.1,0.21,1684.17
72.43,1.1,7.24,4.21,0.35,0.01,0.56,3.75,0.59,3.41,3.15,0.48,0.05,2.45,0.21,1622.98
69.15,0.51,5.18,14.91,0.69,0.03,0.58,0.86,0.01,4.97,1.1,0.83,0.04,0.71,0.42,1075.33
66.83,0.45,17.08,6.85,0.42,0.01,1.4,0.15,0.85,1.52,1.85,0.8,0.04,1.2,0.55,1092.12
63.28,0.82,12.39,10.68,1.69,0.04,1.7,1.34,0.26,0.7,4.13,0.06,0.01,2.78,0.13,1381.38
75.93,0.46,6.73,2.7,1.84,0.04,0.45,3.64,0.1,2.62,1.27,0.85,0.03,2.76,0.59,1009.13
62.29,0.61,12.49,15.68,0.03,0.03,1.55,2.04,0.05,0.09,3.97,0.2,0.01,0.87,0.1,1208.08
51.17,1.03,17.59,13.77,1.9,0.02,1.58,4.69,0.05,1.59,3.7,0.32,0,2.42,0.16,1747.88
61.32,0.39,16.39,4.18,1.79,0.02,1.84,4.38,0.42,4.61,3.16,0.48,0.03,0.19,0.81,1245.04
70.62,0.86,6.67,10.28,0.84,0.03,0.44,4.42,0.61,1.17,0.46,0.54,0.02,2.8,0.23,1361.99
64.63,1.06,13.8,9.53,1.75,0.04,1.43,0.51,0.16,2.96,1.23,0.55,0.03,1.76,0.57,1527.53
73.82,0.63,8.91,5.5,0.1,0.01,1.1,2.68,0.13,3.03,2.11,0.65,0.04,0.93,0.35,1131.55
61.1,0.82,17.08,9.72,0.34,0.05,0.94,2.3,0.54,1.26,3.92,0.64,0.05,0.61,0.62,1460.39
65,0.05,13.69,12.46,1.22,0.04,1.18,3.58,0.65,0.35,0.56,0.34,0.03,0.08,0.77,825.69
71.87,0.25,10.07,4.02,0.35,0.02,1.84,1.19,0.05,4.41,2.19,0.62,0.04,2.27,0.8,936.93
62.13,1.16,16.02,12.25,0.17,0.05,0.45,1.8,0.14,0.83,3.98,0.13,0.01,0.51,0.37,1635.6
63.9,0.84,11.59,14.49,1.45,0,1.37,3.42,0.06,2.14,0.39,0.19,0.02,0.04,0.09,1460.57
54.47,0.22,15.53,17.7,1.38,0,1.78,2.09,0.18,3.89,1.73,0.51,0.04,0.3,0.17,1067.88
64.31,1.16,12.84,4.62,1.15,0.01,1.73,2.24,0.81,4.86,4.9,0.14,0.05,0.81,0.36,1772.22
52.41,0.78,13.99,18.93,0.86,0.02,1.28,3.34,0.45,4.6,0.26,0.76,0.01,1.49,0.85,1595.53
59.21,0.4,16.19,9.01,1.41,0.04,0.52,4.5,0.12,2.95,4.65,0.03,0.03,0.74,0.19,1219.36
60.17,0.52,4.25,18.55,0.64,0.04,1.07,3.4,0.18,3.39,4.53,0.1,0.02,2.92,0.23,1198.01
78.78,0.08,0.99,5.51,0.99,0.01,0.56,4.16,0.77,1.55,1.72,0.97,0.05,2.92,0.94,652.32
57.85,1.16,13.37,14.22,1.6,0.03,1.17,1.81,0.15,2.19,2.59,0.88,0.02,2.65,0.32,1757.74
73.47,1.13,0.7,10.51,0.64,0.01,0.16,3.41,0.39,4.75,3.56,0.44,0.03,0.2,0.59,1571.42
70.45,0.82,8.53,9.59,1.45,0.02,0.47,1.49,0.74,0.35,4.2,0.58,0.04,1.03,0.22,1289.53
80.31,0.97,1.84,3.32,0.57,0.02,0.41,4.56,0.03,4.02,2.06,0.84,0.04,0.36,0.67,1432.47
77.75,1.02,3.4,9.57,1.19,0.03,0.5,1.36,0.86,0.16,1.31,0.22,0.02,2.06,0.53,1338.89
60.42,0.65,13.16,16.24,0.32,0.01,0.6,4.14,0.54,0.71,0.82,0.9,0.02,0.77,0.69,1360.19
59.98,0.95,7.74,13.83,1.15,0.04,0.65,3.85,0.68,4.19,3.04,0.46,0,2.52,0.91,1686.4
70.45,0.55,4,12.94,0.24,0,0.58,3.4,0.81,0.78,4.73,0.55,0.05,0.45,0.46,1050.86
52.38,1.12,15.29,15.89,0.57,0.02,0.52,3.97,0.39,4.89,1.82,0.17,0.05,2.35,0.58,1830.76
47.11,1.03,17.09,17.23,1.81,0.01,1.02,3.98,0.53,3.21,4.61,0.3,0.03,1.69,0.36,1906.54
66.84,1.12,11.41,9.76,1.5,0.05,0.16,3.26,0.56,3.05,0.11,0.96,0,0.92,0.3,1640.3
72.08,0.88,12.08,1.23,0.3,0.02,1.41,4.65,0.32,2.63,1.86,0.58,0.03,1.55,0.39,1458.04
80.04,1.2,7.43,0.77,1.3,0.04,1.87,0.05,0.88,2.58,1.87,0.22,0.04,1.09,0.6,1511.15
67.35,0.62,4.74,15.76,0.6,0.04,0.82,0.15,0.77,4.5,0.6,0.59,0,2.49,0.99,1139.54
71.43,1.02,9.37,8.98,0.46,0.03,1.21,1.31,0.21,2.19,2.25,0.13,0.01,0.48,0.9,1459.83
59.61,0.1,15.82,10.56,1.33,0.05,0.73,3.51,0.67,4.94,0.23,0.46,0.05,0.98,0.97,1000.55
78.43,0.04,5.05,2.47,0.86,0.05,1.03,2.24,0.22,3.11,2.28,0.77,0.03,2.66,0.78,658.28
86.52,0.18,2.45,0.49,0.74,0,0.9,1.21,0.5,0.79,2.75,0.97,0.03,1.69,0.79,589.19
59.07,0.53,16.82,11.72,0.15,0.03,0.58,1.69,0.11,2.29,3.35,0.76,0.03,1.98,0.87,1206.26
85,0.41,3.86,1.79,0.33,0.01,1.82,0.9,0.09,2,0.85,0.13,0.02,2.76,0.03,784.97
73.47,0.3,7.94,1.97,1.59,0.04,0.26,4.74,0.59,3.99,3.82,0.52,0.04,0.71,0.02,969.29
65.03,0.42,2.75,19.62,1.85,0.01,0.69,2.55,0.4,3.5,2.52,0.57,0.03,0.07,0.01,1090.69
69.64,0.3,16.56,1.57,1.16,0,1.94,1.07,0.59,4.77,0.15,0.51,0.03,1.05,0.65,999.04
65.15,0.66,4.48,14.11,0.93,0.02,1.9,2.68,0.78,4.34,2.9,0.79,0.02,0.55,0.7,1391.3
77.65,0.49,5.42,3.74,1.96,0.03,0.26,0.24,0.24,2.69,3.76,0.98,0.04,1.84,0.67,917.36
61.14,0.63,7.82,15.69,0.35,0.02,1.96,2.86,0.5,4.25,3.81,0.33,0.03,0.56,0.05,1357.65
69.64,0.95,4.65,12.46,0.61,0.01,0.16,2.72,0.39,0.44,3.59,0.72,0.01,2.87,0.78,1399.52
62.76,0.97,0.07,19.57,1.98,0.03,1.97,3.06,0.13,4.07,2.79,0.34,0.01,1.56,0.69,1579.69
58.11,0.5,11.38,9.94,1.3,0.03,1.96,3.11,0.69,4.46,4.57,0.14,0.02,2.83,0.96,1366.59
72.05,0.24,7.99,5.57,1.58,0.04,0.94,3.38,0.87,3.55,0.78,0.71,0.01,1.96,0.33,941.76
58.75,0.31,17.62,7.28,1.92,0.05,0.29,4.14,0.52,3.43,3.88,0.12,0.04,0.91,0.73,1185.03
57.69,0.69,12.32,12.46,1.62,0.04,0.9,1.96,0.24,4.07,4.84,0.2,0.02,2.31,0.64,1353.92
73.5,1.11,4.95,7.47,1.78,0.03,1.8,3.3,0.08,2.17,0.88,0.07,0.02,2.73,0.12,1526.56
56.97,0.02,16.83,10.6,1.12,0.05,1.4,4.13,0.77,3.06,3.44,0.56,0.02,0.86,0.18,984.24
55.79,0.71,12.3,17.59,1.3,0.01,0.05,0.98,0.91,2.84,4.24,0.23,0.04,2.2,0.81,1367.65
50.76,0.65,14.28,18.71,1.91,0.01,1.25,0.57,0.92,4.78,2.5,0.96,0.04,2.09,0.58,1484.25
61.08,0.24,14.45,7.35,1.51,0.01,0.75,4.73,0.56,2.46,3.76,0.42,0.02,1.68,0.99,1120.63
70.43,0.97,0.72,15.67,1.01,0.01,1.71,1.35,0.32,0.31,4.89,0.8,0.01,1.47,0.34,1381.02
64.99,0.15,7.77,16.93,0.02,0.02,0.87,3.45,0.24,0.87,3.25,0.64,0.04,0.74,0.02,786.95
74.43,1.05,3.71,8.36,0.94,0.01,1.04,4.57,0.27,2.6,1.54,0.98,0.01,0.33,0.14,1550.36
52.03,0.8,10.12,18.11,0.72,0.04,0.54,3.41,0.93,4.89,3.65,0.94,0.03,2.89,0.9,1559.74
73.31,0.14,8.53,6.95,0.05,0.02,0.3,0.18,0.45,1.16,4.68,0.81,0.05,2.64,0.73,640.81
69.58,0.33,12.79,8.02,0.65,0.01,0.14,1.05,0.83,3.32,1.7,0.06,0.01,1.35,0.15,977.7
67.09,0.92,14.2,2.74,1.45,0.03,1.92,3.94,0.59,3.02,0.89,0.89,0.03,1.72,0.58,1589.34
69.68,1.04,5.18,8.84,0.36,0.01,0.67,4.51,0.63,2.94,4.73,0.79,0,0.37,0.25,1566.01
57.21,0.37,15.01,15.4,0.29,0.03,0.22,0.86,0.24,4.53,1.83,0.92,0.04,2.25,0.8,1120.35
65.61,1.13,5.94,13.19,1.64,0.02,0.41,4.47,0.1,1.82,2.7,0.8,0.04,1.53,0.57,1676.28
65.96,1.03,8.41,11.18,0.04,0.05,1.13,3.64,0.25,3.28,2.3,0.11,0.04,2.52,0.06,1502.35
63.82,0.62,8.8,13.13,0.49,0.01,1.45,4.88,0.95,3.96,0.34,0.24,0.03,0.89,0.39,1364.26
66.12,1.14,1.55,17.22,0.1,0.02,1.11,1.78,0.96,2.52,3.67,0.7,0.04,2.59,0.47,1611.05
78.64,0.83,3.12,4.9,1.38,0.01,0.98,2.45,0.23,2.83,2.82,0.13,0.02,1.1,0.56,1286.33
82.17,0.9,0.33,2.65,0.6,0.04,0.96,2.55,0.41,2.08,4.89,0.9,0.04,0.97,0.51,1201.5
82.36,0.63,2.62,1.87,0.33,0.04,0.38,4.62,0.37,0.85,4.13,0.46,0.02,0.99,0.33,1102.98
61.42,0.8,9.73,9.35,0.89,0.01,1.66,4.63,0.8,2.26,4.86,0.62,0.04,2.22,0.71,1485.83
69.49,0.36,15.96,3.6,0.3,0.01,0.72,2.77,0.61,3.95,0.37,0.21,0.03,0.75,0.87,1106.2
80.97,0.77,8.82,0.01,1.72,0.02,1.06,3.49,0.94,0.79,0.36,0.12,0.04,0.39,0.5,1270.82
55.8,0.49,12.58,19,0.06,0.03,1.05,1.06,0.31,4.19,2.93,0.01,0.05,2,0.44,1243.99
76.57,0.86,3.68,5.21,0.3,0.02,1.81,1.94,0.29,3.52,4.35,0.24,0.04,0.91,0.25,1253.59
62.11,1.04,15.74,13.55,0.61,0.01,1.4,0.52,0.41,0.44,2.13,0.13,0,1.35,0.57,1557.06
77.27,0.53,3.17,1.55,0.25,0.04,0.03,4.32,0.84,4.4,4.39,0.67,0.04,2.19,0.3,1114.92
55.64,0.04,14.15,17.42,1.03,0.02,0.85,3.59,0.22,3.87,1.46,0.26,0.04,0.52,0.86,1012.89
61.55,1.17,5.76,18.56,1.13,0.01,0.91,4,0.67,2.47,1.29,0.73,0.02,0.99,0.75,1741.08
64.17,0.83,4.64,15.21,0.96,0.03,1.2,0.73,0.65,4.34,4.46,0.69,0.05,1.79,0.25,1378.53
68.44,0.8,16.37,7.18,0.53,0.05,1.53,0.25,0.56,1.17,1.43,0.09,0.01,1.52,0.08,1285.96
61.49,0.46,2.34,19.88,1.13,0.02,0.4,1.02,0.8,2.6,4.92,0.95,0.01,3,0.99,1130.7
72.11,0.96,7.04,4.48,0.21,0,1.64,4.73,0.77,3.8,2.08,0.64,0.03,0.77,0.74,1545.46
61.2,0.71,9.71,14.09,1.17,0,1.96,3.82,0.88,4.02,1.06,0.93,0.05,0.24,0.16,1431.42
65.73,1.19,5.28,16.4,0.15,0.04,1.4,4.69,0.73,0.21,2.25,0.35,0.03,1.28,0.28,1643.83
70.03,1.02,5.81,10.31,1.65,0.04,1.17,1.9,0.56,4.25,1.09,0.12,0.03,1.72,0.29,1550.11
79.1,0.53,1.59,2.62,1.66,0.02,0.2,4.81,0.21,1.58,4.86,0.18,0.05,2.17,0.43,1033.2
72.75,0.97,1.13,16.27,1.94,0.02,0.38,0.54,0.35,0.65,1.15,0.65,0.02,2.7,0.46,1389.62
71.96,0.19,2.5,13.86,1.27,0.04,0.68,4.58,0.11,0.16,3.71,0.68,0.02,0.13,0.11,806.19
58.53,0.8,12.18,16.06,0.05,0.03,0.5,2.86,0.74,3.6,1.44,0.36,0.05,2.55,0.26,1440.77
70.8,0.71,1.93,13.08,1.24,0.01,0.84,3.91,0.26,3.84,1.58,0.84,0,0.77,0.18,1284.28
83.24,0.66,4.36,2.57,1.2,0.01,1.86,2.38,0.14,0.12,1.16,0.32,0.01,1.1,0.88,1075.69
59.43,0.07,14.42,8.52,1.81,0.03,0.33,4.8,0.15,1.68,4.89,0.21,0.03,2.93,0.69,971.36
56.67,0.67,17.08,10.88,1.33,0.04,1.06,4.44,0.02,1.98,3.08,0.02,0.05,2.48,0.22,1464.42
67.74,0.4,12.19,6.82,1.71,0.01,1.64,2.32,0.45,0.84,4.92,0.34,0.01,0.1,0.49,1060.46
75.94,1.08,8.96,0.87,0.53,0,1.76,1.2,0.07,4.82,2.44,0.41,0.05,1.59,0.28,1474.08
72.55,0.95,4.89,8.86,1.61,0.05,1.21,2.52,0.08,3.09,1.63,0.51,0.04,1.92,0.1,1349.07
67.26,0.19,3.97,18.41,1.43,0.05,1.01,0.01,0.03,0.72,3.9,0.2,0.01,2.58,0.23,709.7
59.15,0.61,6.11,17.93,1.41,0.02,1.73,3.63,0.81,4.89,1.02,0.2,0.03,1.6,0.87,1404.91
76.86,0.64,8.35,1.34,0.3,0.01,1.19,2.14,0.18,3.68,4.01,0.21,0.04,0.19,0.86,1120.02
69.14,1.16,2.81,15.72,0.19,0.05,0.9,2.68,0.76,1.24,1.99,0.07,0.03,2.4,0.85,1629.64
74.71,0.19,13.38,0.09,0.39,0.03,0.64,2.05,0.83,2.86,1.99,0.47,0.04,1.46,0.88,843.53
69.68,0.3,9.61,7.38,1.18,0.03,1.14,2.64,0.45,4.55,1.34,0.43,0.01,1,0.25,1037
61.93,0.34,17.71,5.68,1.66,0.01,0.83,3.32,0.56,2.53,3.97,0.71,0.05,0.69,0.02,1148.14
86.59,1.2,5.1,0.86,0.49,0.03,1.18,1.03,0.19,2.22,0.07,0,0.03,0.98,0.02,1402.52
69.94,0.31,4.52,9.36,0.3,0.03,1.68,0.97,0.66,4.44,4.52,0.55,0.01,1.98,0.73,944.15
64.9,0.91,16.82,12.31,0.93,0.03,0.64,0.29,0.72,0.1,0.32,0.33,0.05,1.45,0.22,1396.06
63.79,0.45,12.88,8.82,1.46,0.01,0.3,2.3,0.32,3.03,3.94,0.9,0.04,1.03,0.73,1181.37
56.88,0.64,16.31,14.14,0.3,0,1.09,1.83,0.17,3.99,1.88,0.09,0.01,2.03,0.65,1366.18
60.12,0.07,17.16,6.54,1.86,0.04,0.67,3.47,0.47,4.88,3.19,0.52,0.03,0.66,0.31,936.57
73.04,0.86,1.51,6.05,1.24,0.05,1.85,4.16,0.5,4.02,2.79,0.46,0.01,2.85,0.6,1382.89
55.55,0.52,17.36,15.15,1.77,0.02,0.13,1.76,0.38,1.51,2.63,0.19,0.05,2.72,0.26,1260.97
70.54,0.79,9.02,5,1.79,0.01,1.25,1.68,0.83,3.1,4.16,0.35,0,0.66,0.81,1342.13
68.77,0.55,4.94,16.14,0.64,0.03,0.9,1.44,0.27,2.51,1.05,0.35,0,2.37,0.04,1037.1
70.38,1.05,0.85,16.96,1.29,0.03,0.29,1.28,0.69,2.56,2.57,0.13,0.02,1.77,0.12,1472.13
71.63,0.68,1.92,8.76,0.42,0.02,1.89,2.76,0.07,3.36,4.99,0.17,0.03,2.47,0.84,1155.33
72.15,0.85,16.38,0.64,0.13,0.01,0.09,0.6,0.82,4.48,1.68,0.96,0.02,0.52,0.68,1384.55
61.98,1.16,10.76,12.27,1.97,0.04,0.73,0.21,0.22,1.76,4.8,0.89,0,2.96,0.26,1616.3
78.37,0.93,2.1,4.41,1.01,0.04,0.69,4.37,0.94,0.61,3.59,0.13,0.02,2.46,0.34,1353.47
59.04,0.38,17.8,8.83,1.48,0.03,0.4,2.5,0.08,3.54,2.59,0.12,0.04,2.41,0.73,1191.69
60.65,0.4,13.02,11.55,1.09,0.03,1.26,4,0.99,3.63,2.21,0.46,0,0.48,0.23,1235.07
68.43,0.26,5.36,12.09,1.2,0.04,0.33,2.49,0.6,4.65,2.58,0.34,0.01,0.65,0.96,942.65
63.93,0.73,5.46,14.9,0.58,0.03,0.05,4.23,0.96,4.33,0.86,0.83,0.02,2.81,0.3,1418.9
56.04,0.46,13.62,14.98,1.55,0,1.72,2.33,0.22,1.49,4.51,0.01,0.04,2.77,0.25,1176.25
85.49,0.99,2.9,0.32,1.21,0.03,0.3,2.56,0.39,0.38,2.54,0.59,0.01,2.22,0.07,1184.66
59.29,0.53,16.08,13.4,0.3,0.04,0.75,1.71,0.5,1.03,4.57,0.47,0.02,0.51,0.8,1226.42
69,1.14,15.65,3.23,1.5,0.01,0.08,2.42,0.67,0.62,3.03,0.84,0.01,1.28,0.5,1652.47
59.62,0.93,12.22,12.36,1.02,0.02,1.03,4.27,0.57,4.93,0.71,0.44,0.01,1.1,0.79,1708.7
69.38,0.99,0.57,19.07,1.74,0.05,0.75,2.48,0.17,1.98,0.63,0.86,0.03,0.41,0.88,1453.08
57.24,0.78,14.09,11.3,0.7,0.01,1.89,2.21,0.84,3.62,3.28,0.97,0.03,2.2,0.85,1511.79
63.96,0.06,17.93,5.24,1.41,0.05,1.53,1.15,0.36,2.07,2.93,0.6,0.04,2.58,0.09,760.21
72.24,0.03,7.52,7.18,1.05,0.01,0.83,2.99,0.8,3.83,2.02,0.39,0,0.25,0.87,757.14
68.65,0.97,0.38,17.65,1.23,0.04,1.01,0.75,0.36,2.25,3.77,0.81,0.04,1.43,0.66,1394.6
70.41,0.19,5.06,14.98,1.46,0.01,1.36,1.02,0.97,3.02,0.02,0.21,0.01,0.74,0.56,838.1
73.67,0.25,7.43,3.47,1.33,0.03,1.26,4.84,0.4,1.08,4.99,0.06,0.04,0.49,0.66,952.19
68.81,0.88,3.1,13.3,0.43,0.01,0.17,0.57,0.7,4.96,3.38,0.71,0.04,2.67,0.27,1360.88
69.48,0.73,3.9,10.51,0.42,0,0.18,4.88,0.01,3.45,4.44,0.39,0.04,1.05,0.53,1310.29
53.69,0.6,13.87,19.53,0.31,0,0.28,4.84,0.32,1.34,3.68,0.12,0.02,0.43,0.97,1422.2
66.73,0.35,4.85,12.69,0.03,0.03,0.91,0.92,0.49,4.99,4.19,0.97,0.05,2.46,0.33,941.17
67.9,0.52,15.72,4.1,0.59,0.05,1.4,0.32,0.12,2.9,3.99,0.79,0.02,0.78,0.79,1146.14
77.16,1.13,7.99,2.75,1.22,0,1.22,0.86,0.52,3.13,2.23,0.83,0.02,0.47,0.46,1480.15
59.99,0.59,11.79,18.53,1.23,0.04,1.39,0.51,0.89,1,1.83,0.84,0.05,0.93,0.38,1177.45
62.54,0.59,8.96,15.01,1.63,0.05,1.61,1.5,0.36,3.09,3.43,0.09,0.02,0.61,0.51,1244.19
73.23,0.57,7.27,12.98,0.83,0.02,1.3,0.29,0.43,0.98,0.19,0.03,0.01,1.3,0.57,996.75
66.96,0.96,10.94,10.4,0.07,0.01,1.38,1.35,0.59,3.02,1.53,0.57,0.01,2.18,0.02,1435.26
76,0.73,6.66,5.4,1.62,0.02,0.59,4.72,0.17,0.71,0.49,0.12,0.01,2.1,0.67,1254.11
68.82,0.92,10.36,9.85,0.86,0.04,0.69,4.46,0.28,0.79,1.28,0.5,0.05,0.53,0.58,1470.96
52.39,0.56,13.2,17.12,0.67,0.05,0.94,4.68,0.23,4.49,1.67,0.75,0.05,2.74,0.46,1381.57
65.55,0.42,11.03,14.12,1.08,0.04,0.12,3,0.53,0.2,0.06,0.61,0.01,2.31,0.95,1090.24
65.55,0.71,8.06,13.01,1.6,0.05,1.32,3.73,0.61,2.83,0.32,0.16,0.02,1.95,0.08,1334.9
67.08,0.66,0.24,15.32,1.33,0.03,1.14,4.66,0.91,3.96,1.68,0.11,0.02,2.26,0.61,1327.42
67.53,0.2,11.96,7.44,0.74,0.02,1.59,3.5,0.11,1.72,3.37,0.98,0.05,0.74,0.07,889.92
73.32,0.69,7.31,3.67,1.3,0.01,0.7,3.97,0.68,3.04,4.65,0.13,0.03,0.35,0.14,1263.44
76.33,0.61,0.17,12.05,0.62,0,1.56,1.95,0.44,1.87,0.42,0.46,0.03,2.71,0.76,1066.77
81.11,0.1,2.98,0.9,0.24,0.02,0.44,3.24,0.03,4.29,3.39,0.97,0.05,2.08,0.16,622.43
63.27,0.52,10.28,13.65,0.15,0.03,0.12,4.14,0.04,1.95,2.1,0.57,0,2.8,0.38,1158.26
66.89,0.48,4.38,15.61,0.02,0.01,0.94,4.84,0.04,0.31,3.57,0.74,0.04,1.73,0.4,1018.95
79.38,1.17,6.84,1.92,0.58,0.05,0.86,1.58,0.31,0.05,3.17,0.72,0.02,2.62,0.74,1387.23
57.57,0.73,12.67,15.39,1.05,0.02,0.25,2.02,0.55,4.74,0.77,0.76,0.01,2.87,0.59,1403.49
56.97,0.25,12.86,12.72,1.78,0.03,0.34,3.41,0.88,4.95,3.43,0.29,0.03,1.54,0.51,1131.75
76.16,0.1,3.5,10.48,1.6,0.01,0.33,3.8,0.69,2.43,0.25,0.47,0.04,0.03,0.1,745.23
74.01,0.8,13.41,6,0.6,0.01,0.33,1.52,0.95,0.43,1.2,0.32,0.01,0.23,0.16,1307.48
75.94,0.64,10.74,4.31,1.01,0,1.2,0.01,0.64,2.42,0.55,0.09,0,1.65,0.81,1140.88
56.52,1.07,15.52,13.96,0.73,0.04,0.78,2.02,0.68,4.64,2.5,0.18,0.01,0.91,0.46,1785.1
60.61,0.36,12.81,10.85,0.81,0.01,1.21,3.37,0.78,4.95,1.16,0.02,0.03,2.77,0.25,1174.43
62.17,0.48,17.06,9.22,1.45,0.03,1.53,1.59,0.88,2.74,1.55,0.04,0,1.06,0.22,1248.21
56.08,0.07,9.95,19.78,0.84,0.03,0.44,1.02,0.33,4.18,4.8,0.74,0,1.32,0.42,890.82
62.3,0.86,10.17,12.92,1.4,0.03,1.69,0.18,0.94,3.87,2.64,0.86,0.04,1.26,0.84,1472.09
74.46,0.23,8.45,4.65,0.25,0.04,0.73,3.42,0.38,2.72,1.74,0.74,0.04,1.29,0.86,896.26
59.05,0.78,8.21,17.78,1.14,0.04,1.47,2.66,0.33,4.76,0.28,0.89,0.03,2.25,0.33,1444.61
66.05,0.47,3.43,19.09,0.09,0.02,0.67,4.07,0.5,0.85,2.55,0.24,0,1.63,0.36,1077.75
58.64,0.55,15.65,15.16,0.01,0.04,0.15,2.74,0.78,2.27,1.88,0.94,0,0.32,0.87,1288.89
68.77,1.06,6.71,10.8,0.33,0.04,0.94,2.82,0.12,3.07,3.48,0.29,0.04,0.61,0.9,1571.18
74.12,0.84,7.71,6.63,1.47,0.01,0.12,1.24,0.76,3.97,1.38,0.33,0.03,0.79,0.61,1357.82
82.63,0.35,2.18,3.1,0.5,0.01,1.95,3.29,0.18,2.12,1.35,0.68,0.04,1.2,0.43,791.35
58.78,0.05,10.67,19.04,1.57,0.04,0.46,3.04,0.89,0.34,4.39,0.06,0.05,0.25,0.37,784.34
67.44,0.08,1.02,17.33,0.13,0.04,1.81,4.68,0.86,4.78,0.26,1,0,0.5,0.08,855.06
61.19,0.36,11.49,9.96,0.27,0.03,0.68,2.93,0.54,4.95,4.32,0,0.01,2.74,0.54,1158.62
59.49,0.91,9.06,15.72,0.27,0.04,1.74,1.33,0.37,2.95,4.34,0.91,0.03,1.97,0.87,1526.68
60.57,0.32,10.46,18.69,1.02,0,1.79,2.92,0.07,0.05,1.31,0.12,0.03,1.79,0.84,1024.71
83.35,0.62,4.56,1.01,0.02,0.05,0.29,2.5,0.79,4.64,1.01,0.23,0.01,0.48,0.45,1121.39
78.22,0.4,11.23,0.05,1.78,0.04,1.09,1.22,0.97,4.05,0.08,0.47,0.01,0.4,0,993.55
76.91,0.83,4.55,6.1,0.09,0,1.59,3.31,0.38,0.35,3.88,0.93,0.03,0.42,0.65,1211.02
62.93,1.12,14.56,5.54,1.93,0.02,1.14,2.82,0.65,1.22,4.61,0.27,0.03,2.3,0.88,1707.95
73.25,0.55,12.81,1.71,1.56,0.04,0.82,1.57,0.38,0.45,3.19,0.91,0.03,1.74,0.99,1012.51
58.54,0.85,9.39,19.44,1.8,0.05,0,1.67,0.63,1.54,3.28,0.71,0.03,1.37,0.7,1472.58
53.63,0.94,12.53,16.24,1.89,0.01,1.81,1.37,0.56,4.71,3.1,0.08,0.02,2.68,0.41,1687.52
74.59,1.09,4.74,9.93,0.67,0.03,0.04,1.21,0.97,3.02,0.87,0.51,0.03,1.81,0.5,1493.48
76.62,0.81,3,8.76,1.5,0.03,1.81,2.22,0.13,0.24,2.39,0.44,0.01,1.77,0.25,1209.68
77.38,1.13,3.65,3.66,1.04,0.01,0.59,4.95,0.84,3.53,0.13,0.27,0.03,2.13,0.67,1591.63
70.47,0.23,8.39,3.97,1.85,0.03,0.78,4.59,0.9,2.52,3.43,0.32,0.02,1.65,0.85,967.69
54.55,0.8,14.62,15.75,0.74,0.05,0.03,2.25,0.91,3.48,3.52,0.16,0.03,2.9,0.21,1588.93
72.28,0.4,7,7.2,1.25,0.01,1.01,2,0.64,1.21,2.77,0.74,0.03,2.5,0.96,982.96
56.23,0.33,14.56,16.38,0.1,0.03,1.7,2.94,0.43,0.38,3.65,0.07,0.03,2.75,0.42,1087.11
73.13,0.93,14.4,0.21,1.83,0.01,0.57,4.35,0.69,1.86,0.44,0.39,0.05,0.31,0.85,1549.21
75.51,0.76,5.86,1.09,0.3,0.03,1.9,4.63,0.11,4.38,1.17,0.91,0.04,2.88,0.44,1269.48
61.51,0.88,13.23,9.92,1.95,0.01,1.97,4.06,0.62,0.38,1.3,0.84,0.04,2.89,0.4,1515.38
72.42,0.71,13.18,4.76,0.34,0.03,0.79,2.13,0.47,2.56,0.98,0.58,0,0.34,0.71,1263.66
79.38,0.88,4.79,3.69,0.11,0.02,1.02,4.5,0,2.03,2.1,0.89,0.01,0.2,0.38,1339.48
74.79,0.33,4.52,6.52,0.24,0.05,1.08,1.36,0.36,4.33,3.37,0.55,0.04,2.27,0.19,865.73
67.14,0.2,17.4,3.71,0.93,0.05,0.83,2.57,0.8,1.7,2.16,0.33,0.01,1.42,0.75,937.9
63.2,0.39,16.41,6.72,1.55,0.04,0.1,0.89,0.57,4.34,2.97,0.74,0.04,1.48,0.56,1140.64
58.11,0.09,16.7,13.49,0.31,0.01,0.01,1.32,0.32,3.42,2.38,0.84,0,2.12,0.87,874.14
60.37,0.54,14.2,18.38,0.13,0.03,1.28,0.09,0.18,0.31,1.45,0.21,0.02,1.97,0.84,1113.35
88.03,0.37,0.91,0.08,1.69,0.04,0.2,0.05,0.8,3.2,2.78,0.53,0.04,0.88,0.39,727.73
67.04,1.15,5.11,18.58,1.46,0.01,1.33,1.83,0.12,0.46,0.09,0.8,0.04,1.45,0.52,1538.04
67.3,0.83,12.62,6.48,0.32,0.02,1.39,4.02,0.09,2.94,0.27,0.82,0.03,2.09,0.76,1391.04
68.34,0.94,13.99,2.7,1.81,0.01,0.61,1.08,0.97,1.5,4.86,0.64,0.01,1.66,0.88,1495.13
78.61,0.68,2.39,5.74,0.45,0.01,0.65,3.31,0.38,2.22,1.6,0.99,0.03,2.5,0.44,1139.02
64.3,0.92,5.94,12.13,0.19,0,1.63,4.71,0.34,2.99,3.59,0.75,0.02,1.84,0.66,1549.53
67.31,0.13,11.61,10.22,0.76,0.01,1.28,0.83,0.81,0.86,3.86,0.82,0.05,1.39,0.06,731.21
68.49,0.12,15.4,2.79,1.01,0.04,0.4,4.48,0.33,1.98,0.66,0.64,0.02,2.92,0.7,914.57
61.35,0.91,3.58,14.26,1.11,0.02,1.57,4.89,0.09,3.94,4.6,0.32,0.02,2.38,0.95,1609.8
57.01,0.51,15.22,16.01,1.02,0.02,0.94,1.59,0.68,4.46,1.25,0.83,0.02,0.4,0.04,1314.74
81.64,0.58,10.23,0.12,1.31,0.03,1.99,0.52,0.71,1.09,1.03,0.02,0,0.56,0.18,922.7
72.01,0.13,6.01,9.41,2,0.03,0.04,1.04,0.35,2.28,3.37,0.59,0.03,2.51,0.2,719.27
62.36,0.1,15.09,9.24,1.11,0.04,1.89,2.76,0.81,2.72,0.17,0.96,0.04,2.26,0.44,916.09
76.08,0.87,1.81,4.38,0.85,0.03,1.61,1.2,0.77,4.45,4.09,0.62,0.04,2.63,0.56,1329.74
71.57,0.97,7.58,10.45,0.11,0.04,0.28,1.38,0.32,0.58,4.61,0.97,0.04,1.04,0.06,1336.57
52.77,0.35,16.07,16.7,0.47,0.03,0.88,1.07,0.59,4.19,4.63,0.06,0.02,1.81,0.34,1154.85
51.44,0.39,13.89,15.65,1.46,0.04,0.99,3.94,0.01,4.94,4.6,0.84,0.03,1.63,0.15,1280.49
80.8,0.41,6.98,0.53,1.1,0.03,0.67,0.66,0.7,0.64,4.08,0.55,0.01,2.7,0.14,779.6
71.22,0.73,11.12,0.75,1.22,0.03,1.82,3.54,0.48,4.27,1.77,0.86,0.04,1.81,0.34,1364.81
66.04,0.77,15.12,6.89,0.58,0.01,0.98,2.16,0.85,0.56,2.77,0.4,0.05,2.37,0.43,1349.32
67.19,0.77,13.42,1.42,1.35,0.01,0.38,2.31,0.98,4.76,4.51,0.03,0.04,2.33,0.5,1471.1
60.84,0.14,11.71,13.44,1.11,0.04,0.66,2.39,0.76,3.58,2.81,0.27,0.01,2.22,0.01,905.72
70.19,0.79,4.47,13.46,0.37,0.02,1.51,3.78,0.21,1.88,2.51,0.59,0.04,0.07,0.12,1289.32
68.1,0.05,16.57,3.24,0.15,0.02,1.88,4.82,0.68,0.89,0.02,0.34,0.01,2.27,0.97,860.84
58.77,0.11,7.14,18.05,1.46,0.04,1.85,2.06,0.69,3.55,3.15,0.33,0.04,2.31,0.45,909.15
77.71,1.01,5.11,9.42,0.82,0.03,0.78,0.9,0.87,0.92,0.14,0.2,0.02,1.27,0.8,1358.98
68.91,0.24,13.96,1.93,0.95,0.04,0.83,4.82,0.63,3.78,2.55,0.43,0,0.36,0.57,1046.05
69.04,1.03,15.2,5.73,0.82,0.01,1.16,0.35,0.45,2.83,1.14,0.78,0.03,0.44,0.98,1532.26
78.59,0.66,0.48,7,1.96,0.05,0.3,4.28,0.62,0.11,3.79,0.41,0.02,1.15,0.6,1143.55
76.11,0.3,12.72,2.71,1.94,0.02,0.18,2.88,0.58,0.19,0.05,1,0.02,0.74,0.55,923.17
85.35,0.02,0.23,2.26,1.61,0.01,1.01,1.12,0.54,2.54,2,0.43,0.03,2.53,0.32,529.96
59.82,0.21,17.63,15.01,0.73,0.02,0.41,1.34,0.59,0.02,0.12,0.99,0.01,2.49,0.61,944.05
71.09,0.54,13.18,1,1.51,0.04,0.56,1.51,0.1,4.28,4.04,0.43,0.02,1.28,0.42,1095.43
67.41,0.03,13.72,6.87,0.98,0.02,0.76,0.37,0.37,2.32,4.16,0.32,0,2.28,0.38,706.04
51.73,1.1,17.26,17.44,0.45,0.01,1.59,2.23,0.3,1.47,2.89,0.9,0.03,1.86,0.75,1782.65
62.77,0.2,17.72,6.58,0.56,0.03,0.53,1.16,0.97,0.52,4.95,0.62,0.05,2.69,0.65,919.02
61.51,0.71,17.87,10.3,0.36,0.05,0.65,0.44,0.72,2.23,1.94,0.63,0,2.09,0.5,1356.78
62.68,1,9.57,11.57,1.61,0.02,1.34,2.7,0.5,4.92,0.09,0.41,0.05,2.78,0.75,1644.58
66.53,0.71,12.44,5.06,0.98,0.03,0.13,4.33,0.46,4.49,1.95,0.41,0.01,1.93,0.55,1412.94
67.1,0.78,12.74,6.4,1.76,0.02,1.27,3.08,0.42,0.92,2.96,0.38,0.02,1.48,0.68,1410.43
78.54,0.88,7.69,2.4,1.58,0.03,1.6,1.58,0.91,1.31,1.45,0.54,0.05,0.61,0.84,1336.31
82.74,0.15,2.32,2.93,1.33,0.01,0.8,0.78,0.38,3.57,1.39,0.62,0.01,2.21,0.78,616.67
86.97,0.38,0.43,2.58,0.98,0.02,0.69,2.9,0.16,2.28,1.02,0.98,0,0.05,0.56,793.18
69.16,1.01,13.33,2.71,1.72,0.04,0.65,3.87,0.9,3.73,0.47,0.09,0.05,1.62,0.64,1656.9
70.34,1.1,0.13,8.53,1.13,0,1.25,4.25,0.05,4.02,4.89,0.92,0.03,2.58,0.77,1601.43
80.47,0.58,4.3,1.03,1.19,0.02,1.01,4.81,0.06,4.37,0.43,0.65,0.02,0.3,0.76,1182.58
55.14,0.84,11.52,19.3,0.05,0.02,1.13,1.79,0.67,4.5,3.48,0.57,0.04,0.33,0.63,1504.75
61.57,0.61,14.49,8.25,1.4,0.03,1.83,2.22,0.82,4.21,2.32,0.49,0.02,1.49,0.25,1329.49
78.71,1.03,4.5,5.15,1.79,0.03,0.21,1.73,0.71,2.03,2.12,0.5,0.01,1.27,0.22,1406.09
59.34,0.84,11.41,11.51,1.19,0.03,1.23,1.88,0.9,2.95,4.68,0.4,0.02,2.9,0.73,1450.65
59.81,0.63,12.93,7.93,1.52,0.01,1.9,2.3,0.09,4.23,4.47,0.73,0.03,2.79,0.62,1355.26
